tweet_id,username,timestamp,content,normalized_content,reply_count,repost_count,like_count,view_count,bookmark_count,mentions,hashtags,query_tag,synthetic,engagement_total
sample-0000000,sample_trader_380,2026-08-04T07:33:22+00:00,SURE SHOT multibagger guaranteed double money #intraday,sure shot multibagger guaranteed double money #intraday,8,31,114,18339,3,,intraday,intraday,True,156
sample-0000001,sample_trader_217,2026-08-03T10:58:03+00:00,"No clear setup in #sensex yet, risk management is important","no clear setup in #sensex yet, risk management is important",1,3,47,28707,7,,sensex,sensex,True,58
sample-0000002,sample_trader_360,2026-08-03T08:48:19+00:00,"Bank Nifty में तेजी, buyers are strong today #banknifty","bank nifty में तेजी, buyers are strong today #banknifty",17,53,112,58928,18,,banknifty,banknifty,True,200
sample-0000003,sample_trader_175,2026-08-03T17:04:48+00:00,"#NIFTY50 breakout above support, looking bullish with target 24500","#nifty50 breakout above support, looking bullish with target 24500",8,19,110,44168,3,,nifty50,nifty50,True,140
sample-0000004,sample_trader_310,2026-08-03T19:56:38+00:00,Accumulating quality stocks on dips. Market looks strong #sensex,accumulating quality stocks on dips. market looks strong #sensex,8,5,373,60267,17,,sensex,sensex,True,403
sample-0000005,sample_trader_151,2026-08-03T12:22:03+00:00,"#NIFTY50 breakdown below support, bearish pressure increasing","#nifty50 breakdown below support, bearish pressure increasing",26,80,316,47450,18,,nifty50,nifty50,True,440
sample-0000006,sample_trader_396,2026-08-04T00:10:09+00:00,"#NIFTY50 breakout above support, looking bullish with target 24500","#nifty50 breakout above support, looking bullish with target 24500",9,10,437,30562,3,,nifty50,nifty50,True,459
sample-0000007,sample_trader_190,2026-08-04T02:32:41+00:00,Watching option chain and market breadth before taking a trade #banknifty,watching option chain and market breadth before taking a trade #banknifty,11,26,343,35043,20,nseindia,banknifty,banknifty,True,400
sample-0000008,sample_trader_374,2026-08-03T13:01:10+00:00,SURE SHOT multibagger guaranteed double money #intraday,sure shot multibagger guaranteed double money #intraday,7,20,236,49785,8,,intraday,intraday,True,271
sample-0000009,sample_trader_394,2026-08-03T20:39:36+00:00,SURE SHOT multibagger guaranteed double money #intraday,sure shot multibagger guaranteed double money #intraday,24,7,117,4257,10,,intraday,intraday,True,158
sample-0000010,sample_trader_368,2026-08-03T11:48:59+00:00,"#NIFTY50 breakout above support, looking bullish with target 24500","#nifty50 breakout above support, looking bullish with target 24500",10,27,335,65485,12,,nifty50,nifty50,True,384
sample-0000011,sample_trader_136,2026-08-04T03:15:54+00:00,Operator stock upper circuit fixed target 100% #sensex,operator stock upper circuit fixed target 100% #sensex,4,31,381,73629,17,,sensex,sensex,True,433
sample-0000012,sample_trader_205,2026-08-03T11:13:16+00:00,Watching option chain and market breadth before taking a trade #banknifty,watching option chain and market breadth before taking a trade #banknifty,11,28,70,66834,15,,banknifty,banknifty,True,124
sample-0000013,sample_trader_322,2026-08-04T02:54:07+00:00,"#intraday long setup confirmed, upside possible after consolidation","#intraday long setup confirmed, upside possible after consolidation",5,54,305,8376,12,,intraday,intraday,True,376
sample-0000014,sample_trader_6,2026-08-03T12:19:28+00:00,Watching option chain and market breadth before taking a trade #banknifty,watching option chain and market breadth before taking a trade #banknifty,21,14,349,70431,8,,banknifty,banknifty,True,392
sample-0000015,sample_trader_223,2026-08-03T21:46:51+00:00,"Bank Nifty में गिरावट, sell on rise setup #banknifty","bank nifty में गिरावट, sell on rise setup #banknifty",5,58,1,34572,16,,banknifty,banknifty,True,80
sample-0000016,sample_trader_153,2026-08-03T09:42:01+00:00,#NIFTY50 trading in a range; waiting for confirmation,#nifty50 trading in a range; waiting for confirmation,26,64,311,26121,4,,nifty50,nifty50,True,405
sample-0000017,sample_trader_166,2026-08-03T10:39:36+00:00,Accumulating quality stocks on dips. Market looks strong #sensex,accumulating quality stocks on dips. market looks strong #sensex,15,2,57,47626,9,,sensex,sensex,True,83
sample-0000018,sample_trader_375,2026-08-04T05:20:54+00:00,"#intraday long setup confirmed, upside possible after consolidation","#intraday long setup confirmed, upside possible after consolidation",15,8,500,69872,4,,intraday,intraday,True,527
sample-0000019,sample_trader_271,2026-08-03T22:48:59+00:00,"No clear setup in #sensex yet, risk management is important","no clear setup in #sensex yet, risk management is important",27,77,216,27810,17,,sensex,sensex,True,337
sample-0000020,sample_trader_344,2026-08-03T17:56:24+00:00,"#NIFTY50 breakout above support, looking bullish with target 24500","#nifty50 breakout above support, looking bullish with target 24500",20,47,224,67889,14,,nifty50,nifty50,True,305
sample-0000021,sample_trader_11,2026-08-03T20:09:27+00:00,Accumulating quality stocks on dips. Market looks strong #sensex,accumulating quality stocks on dips. market looks strong #sensex,18,70,117,77178,7,nseindia,sensex,sensex,True,212
sample-0000022,sample_trader_35,2026-08-04T00:07:53+00:00,SURE SHOT multibagger guaranteed double money #intraday,sure shot multibagger guaranteed double money #intraday,28,4,440,43359,2,,intraday,intraday,True,474
sample-0000023,sample_trader_277,2026-08-04T00:40:00+00:00,"Bank Nifty में गिरावट, sell on rise setup #banknifty","bank nifty में गिरावट, sell on rise setup #banknifty",4,73,295,62003,7,,banknifty,banknifty,True,379
sample-0000024,sample_trader_50,2026-08-04T05:01:57+00:00,Weak breadth and downside risk in #sensex today,weak breadth and downside risk in #sensex today,21,55,181,55569,13,,sensex,sensex,True,270
sample-0000025,sample_trader_207,2026-08-04T06:15:36+00:00,"#intraday long setup confirmed, upside possible after consolidation","#intraday long setup confirmed, upside possible after consolidation",23,43,409,14372,7,,intraday,intraday,True,482
sample-0000026,sample_trader_217,2026-08-04T03:21:47+00:00,"No clear setup in #sensex yet, risk management is important","no clear setup in #sensex yet, risk management is important",5,35,236,32792,2,,sensex,sensex,True,278
sample-0000027,sample_trader_334,2026-08-04T06:37:30+00:00,#intraday levels posted for educational discussion only,#intraday levels posted for educational discussion only,17,1,496,12274,7,,intraday,intraday,True,521
sample-0000028,sample_trader_206,2026-08-04T00:41:04+00:00,#intraday levels posted for educational discussion only,#intraday levels posted for educational discussion only,28,7,84,49722,0,,intraday,intraday,True,119
sample-0000029,sample_trader_217,2026-08-03T22:04:52+00:00,"#NIFTY50 breakdown below support, bearish pressure increasing","#nifty50 breakdown below support, bearish pressure increasing",22,71,338,63838,4,,nifty50,nifty50,True,435
sample-0000030,sample_trader_377,2026-08-03T11:22:46+00:00,"Bank Nifty में तेजी, buyers are strong today #banknifty","bank nifty में तेजी, buyers are strong today #banknifty",17,7,382,41154,1,nseindia,banknifty,banknifty,True,407
sample-0000031,sample_trader_261,2026-08-04T06:23:45+00:00,"No clear setup in #sensex yet, risk management is important","no clear setup in #sensex yet, risk management is important",2,23,35,78042,2,,sensex,sensex,True,62
sample-0000032,sample_trader_292,2026-08-04T04:06:07+00:00,"#intraday long setup confirmed, upside possible after consolidation","#intraday long setup confirmed, upside possible after consolidation",7,74,304,5259,19,,intraday,intraday,True,404
sample-0000033,sample_trader_105,2026-08-03T22:58:21+00:00,Watching option chain and market breadth before taking a trade #banknifty,watching option chain and market breadth before taking a trade #banknifty,21,40,122,34864,12,,banknifty,banknifty,True,195
sample-0000034,sample_trader_162,2026-08-03T15:49:11+00:00,Operator stock upper circuit fixed target 100% #sensex,operator stock upper circuit fixed target 100% #sensex,29,9,4,60118,19,,sensex,sensex,True,61
sample-0000035,sample_trader_110,2026-08-03T12:53:32+00:00,Accumulating quality stocks on dips. Market looks strong #sensex,accumulating quality stocks on dips. market looks strong #sensex,16,33,67,45795,2,,sensex,sensex,True,118
sample-0000036,sample_trader_225,2026-08-04T02:43:24+00:00,#intraday short setup; avoid aggressive buying in this volatility,#intraday short setup; avoid aggressive buying in this volatility,26,69,360,39701,19,,intraday,intraday,True,474
sample-0000037,sample_trader_154,2026-08-03T12:16:28+00:00,Operator stock upper circuit fixed target 100% #sensex,operator stock upper circuit fixed target 100% #sensex,29,13,480,17651,8,,sensex,sensex,True,530
sample-0000038,sample_trader_145,2026-08-03T22:33:03+00:00,Accumulating quality stocks on dips. Market looks strong #sensex,accumulating quality stocks on dips. market looks strong #sensex,19,26,367,44992,6,,sensex,sensex,True,418
sample-0000039,sample_trader_27,2026-08-03T23:19:26+00:00,"#NIFTY50 breakdown below support, bearish pressure increasing","#nifty50 breakdown below support, bearish pressure increasing",2,54,424,36315,1,nseindia,nifty50,nifty50,True,481
sample-0000040,sample_trader_380,2026-08-04T02:35:02+00:00,"#NIFTY50 breakout above support, looking bullish with target 24500","#nifty50 breakout above support, looking bullish with target 24500",14,70,361,56107,17,nseindia,nifty50,nifty50,True,462
sample-0000041,sample_trader_19,2026-08-03T12:36:09+00:00,"#NIFTY50 breakout above support, looking bullish with target 24500","#nifty50 breakout above support, looking bullish with target 24500",26,47,298,72470,4,,nifty50,nifty50,True,375
sample-0000042,sample_trader_408,2026-08-03T19:11:25+00:00,Accumulating quality stocks on dips. Market looks strong #sensex,accumulating quality stocks on dips. market looks strong #sensex,27,5,460,46948,6,,sensex,sensex,True,498
sample-0000043,sample_trader_209,2026-08-03T12:04:55+00:00,Accumulating quality stocks on dips. Market looks strong #sensex,accumulating quality stocks on dips. market looks strong #sensex,19,19,473,31079,5,,sensex,sensex,True,516
sample-0000044,sample_trader_92,2026-08-04T07:33:52+00:00,"#intraday long setup confirmed, upside possible after consolidation","#intraday long setup confirmed, upside possible after consolidation",23,42,400,54014,7,,intraday,intraday,True,472
sample-0000045,sample_trader_241,2026-08-04T07:03:25+00:00,Accumulating quality stocks on dips. Market looks strong #sensex,accumulating quality stocks on dips. market looks strong #sensex,7,25,418,60382,11,,sensex,sensex,True,461
sample-0000046,sample_trader_338,2026-08-04T07:36:19+00:00,Accumulating quality stocks on dips. Market looks strong #sensex,accumulating quality stocks on dips. market looks strong #sensex,6,51,168,36567,2,,sensex,sensex,True,227
sample-0000047,sample_trader_261,2026-08-03T09:06:40+00:00,"Bank Nifty में गिरावट, sell on rise setup #banknifty","bank nifty में गिरावट, sell on rise setup #banknifty",12,68,169,3667,3,,banknifty,banknifty,True,252
sample-0000048,sample_trader_136,2026-08-03T11:19:41+00:00,"#NIFTY50 breakdown below support, bearish pressure increasing","#nifty50 breakdown below support, bearish pressure increasing",1,13,305,57009,11,,nifty50,nifty50,True,330
sample-0000049,sample_trader_262,2026-08-03T10:23:43+00:00,"#NIFTY50 breakdown below support, bearish pressure increasing","#nifty50 breakdown below support, bearish pressure increasing",3,49,460,75624,6,,nifty50,nifty50,True,518
sample-0000050,sample_trader_413,2026-08-03T13:32:14+00:00,#intraday short setup; avoid aggressive buying in this volatility,#intraday short setup; avoid aggressive buying in this volatility,17,25,186,56581,2,,intraday,intraday,True,230
sample-0000051,sample_trader_369,2026-08-04T03:55:46+00:00,"Bank Nifty में गिरावट, sell on rise setup #banknifty","bank nifty में गिरावट, sell on rise setup #banknifty",28,38,259,40588,13,,banknifty,banknifty,True,338
sample-0000052,sample_trader_216,2026-08-04T01:28:56+00:00,Weak breadth and downside risk in #sensex today,weak breadth and downside risk in #sensex today,21,48,346,22860,19,,sensex,sensex,True,434
sample-0000053,sample_trader_147,2026-08-03T21:24:11+00:00,"Bank Nifty में गिरावट, sell on rise setup #banknifty","bank nifty में गिरावट, sell on rise setup #banknifty",6,55,402,76069,19,,banknifty,banknifty,True,482
sample-0000054,sample_trader_346,2026-08-03T16:22:06+00:00,Watching option chain and market breadth before taking a trade #banknifty,watching option chain and market breadth before taking a trade #banknifty,6,65,242,22291,2,,banknifty,banknifty,True,315
sample-0000055,sample_trader_420,2026-08-04T05:04:00+00:00,SURE SHOT multibagger guaranteed double money #intraday,sure shot multibagger guaranteed double money #intraday,30,30,344,40737,7,,intraday,intraday,True,411
sample-0000056,sample_trader_126,2026-08-04T06:47:03+00:00,"Bank Nifty में तेजी, buyers are strong today #banknifty","bank nifty में तेजी, buyers are strong today #banknifty",15,78,435,9595,14,,banknifty,banknifty,True,542
sample-0000057,sample_trader_254,2026-08-03T18:29:12+00:00,SURE SHOT multibagger guaranteed double money #intraday,sure shot multibagger guaranteed double money #intraday,12,31,75,776,3,,intraday,intraday,True,121
sample-0000058,sample_trader_238,2026-08-03T13:36:31+00:00,Accumulating quality stocks on dips. Market looks strong #sensex,accumulating quality stocks on dips. market looks strong #sensex,1,71,127,15956,14,,sensex,sensex,True,213
sample-0000059,sample_trader_314,2026-08-03T16:21:12+00:00,Watching option chain and market breadth before taking a trade #banknifty,watching option chain and market breadth before taking a trade #banknifty,26,64,218,71860,14,,banknifty,banknifty,True,322
sample-0000060,sample_trader_385,2026-08-03T23:01:48+00:00,"No clear setup in #sensex yet, risk management is important","no clear setup in #sensex yet, risk management is important",7,35,392,68377,15,,sensex,sensex,True,449
sample-0000061,sample_trader_366,2026-08-04T05:38:45+00:00,"Bank Nifty में गिरावट, sell on rise setup #banknifty","bank nifty में गिरावट, sell on rise setup #banknifty",9,30,139,44070,10,,banknifty,banknifty,True,188
sample-0000062,sample_trader_119,2026-08-04T02:58:31+00:00,"Bank Nifty में तेजी, buyers are strong today #banknifty","bank nifty में तेजी, buyers are strong today #banknifty",12,19,361,28093,2,,banknifty,banknifty,True,394
sample-0000063,sample_trader_32,2026-08-03T17:19:44+00:00,"Bank Nifty में गिरावट, sell on rise setup #banknifty","bank nifty में गिरावट, sell on rise setup #banknifty",6,53,199,76606,0,,banknifty,banknifty,True,258
sample-0000064,sample_trader_4,2026-08-03T15:06:02+00:00,#NIFTY50 trading in a range; waiting for confirmation,#nifty50 trading in a range; waiting for confirmation,30,45,152,51166,13,,nifty50,nifty50,True,240
sample-0000065,sample_trader_113,2026-08-03T14:41:27+00:00,"No clear setup in #sensex yet, risk management is important","no clear setup in #sensex yet, risk management is important",8,55,248,3854,12,,sensex,sensex,True,323
sample-0000066,sample_trader_66,2026-08-03T15:26:59+00:00,"Bank Nifty में गिरावट, sell on rise setup #banknifty","bank nifty में गिरावट, sell on rise setup #banknifty",19,68,13,51695,18,,banknifty,banknifty,True,118
sample-0000067,sample_trader_220,2026-08-03T09:03:54+00:00,"Bank Nifty में तेजी, buyers are strong today #banknifty","bank nifty में तेजी, buyers are strong today #banknifty",4,59,93,6640,8,,banknifty,banknifty,True,164
sample-0000068,sample_trader_173,2026-08-03T20:34:00+00:00,"Bank Nifty में तेजी, buyers are strong today #banknifty","bank nifty में तेजी, buyers are strong today #banknifty",24,48,142,55305,8,,banknifty,banknifty,True,222
sample-0000069,sample_trader_27,2026-08-03T12:49:38+00:00,"No clear setup in #sensex yet, risk management is important","no clear setup in #sensex yet, risk management is important",30,44,114,9043,20,nseindia,sensex,sensex,True,208
sample-0000070,sample_trader_11,2026-08-04T01:12:30+00:00,"Bank Nifty में तेजी, buyers are strong today #banknifty","bank nifty में तेजी, buyers are strong today #banknifty",19,19,122,16594,15,,banknifty,banknifty,True,175
sample-0000071,sample_trader_359,2026-08-03T15:32:08+00:00,#NIFTY50 trading in a range; waiting for confirmation,#nifty50 trading in a range; waiting for confirmation,8,47,85,79465,19,,nifty50,nifty50,True,159
sample-0000072,sample_trader_56,2026-08-03T21:08:32+00:00,"#intraday long setup confirmed, upside possible after consolidation","#intraday long setup confirmed, upside possible after consolidation",18,3,475,40938,18,,intraday,intraday,True,514
sample-0000073,sample_trader_39,2026-08-04T01:14:45+00:00,"#NIFTY50 breakdown below support, bearish pressure increasing","#nifty50 breakdown below support, bearish pressure increasing",18,80,124,13406,9,,nifty50,nifty50,True,231
sample-0000074,sample_trader_401,2026-08-03T11:51:43+00:00,"No clear setup in #sensex yet, risk management is important","no clear setup in #sensex yet, risk management is important",1,44,272,56198,11,nseindia,sensex,sensex,True,328
sample-0000075,sample_trader_216,2026-08-04T08:00:22+00:00,Operator stock upper circuit fixed target 100% #sensex,operator stock upper circuit fixed target 100% #sensex,26,62,54,56872,11,,sensex,sensex,True,153
sample-0000076,sample_trader_91,2026-08-03T16:36:40+00:00,Watching option chain and market breadth before taking a trade #banknifty,watching option chain and market breadth before taking a trade #banknifty,23,66,494,35450,19,,banknifty,banknifty,True,602
sample-0000077,sample_trader_224,2026-08-03T15:32:29+00:00,"No clear setup in #sensex yet, risk management is important","no clear setup in #sensex yet, risk management is important",26,75,137,42295,7,,sensex,sensex,True,245
sample-0000078,sample_trader_125,2026-08-03T16:03:13+00:00,"Bank Nifty में तेजी, buyers are strong today #banknifty","bank nifty में तेजी, buyers are strong today #banknifty",24,59,291,49724,10,nseindia,banknifty,banknifty,True,384
sample-0000079,sample_trader_109,2026-08-03T14:42:56+00:00,"#NIFTY50 breakdown below support, bearish pressure increasing","#nifty50 breakdown below support, bearish pressure increasing",11,33,174,36705,19,,nifty50,nifty50,True,237
sample-0000080,sample_trader_98,2026-08-03T13:39:25+00:00,"Bank Nifty में गिरावट, sell on rise setup #banknifty","bank nifty में गिरावट, sell on rise setup #banknifty",2,30,368,53321,15,,banknifty,banknifty,True,415
sample-0000081,sample_trader_365,2026-08-03T08:57:01+00:00,"#intraday long setup confirmed, upside possible after consolidation","#intraday long setup confirmed, upside possible after consolidation",15,57,405,2310,2,,intraday,intraday,True,479
sample-0000082,sample_trader_340,2026-08-03T21:19:05+00:00,"Bank Nifty में गिरावट, sell on rise setup #banknifty","bank nifty में गिरावट, sell on rise setup #banknifty",18,47,242,72594,16,,banknifty,banknifty,True,323
sample-0000083,sample_trader_360,2026-08-03T19:39:28+00:00,#intraday levels posted for educational discussion only,#intraday levels posted for educational discussion only,14,34,156,33001,7,,intraday,intraday,True,211
sample-0000084,sample_trader_381,2026-08-04T04:06:50+00:00,"#NIFTY50 breakout above support, looking bullish with target 24500","#nifty50 breakout above support, looking bullish with target 24500",17,23,98,28411,15,,nifty50,nifty50,True,153
sample-0000085,sample_trader_100,2026-08-04T04:48:24+00:00,Watching option chain and market breadth before taking a trade #banknifty,watching option chain and market breadth before taking a trade #banknifty,9,29,184,23569,9,nseindia,banknifty,banknifty,True,231
sample-0000086,sample_trader_24,2026-08-03T22:28:46+00:00,"No clear setup in #sensex yet, risk management is important","no clear setup in #sensex yet, risk management is important",1,70,149,16601,20,,sensex,sensex,True,240
sample-0000087,sample_trader_294,2026-08-04T08:01:13+00:00,#intraday levels posted for educational discussion only,#intraday levels posted for educational discussion only,9,60,245,57783,10,,intraday,intraday,True,324
sample-0000088,sample_trader_59,2026-08-03T15:04:24+00:00,"#intraday long setup confirmed, upside possible after consolidation","#intraday long setup confirmed, upside possible after consolidation",26,8,205,64504,2,,intraday,intraday,True,241
sample-0000089,sample_trader_416,2026-08-04T03:02:05+00:00,"#intraday long setup confirmed, upside possible after consolidation","#intraday long setup confirmed, upside possible after consolidation",18,38,43,32580,3,,intraday,intraday,True,102
sample-0000090,sample_trader_195,2026-08-03T13:26:26+00:00,Weak breadth and downside risk in #sensex today,weak breadth and downside risk in #sensex today,14,56,152,77189,13,,sensex,sensex,True,235
sample-0000091,sample_trader_379,2026-08-03T10:16:15+00:00,#intraday levels posted for educational discussion only,#intraday levels posted for educational discussion only,3,26,320,27709,8,,intraday,intraday,True,357
sample-0000092,sample_trader_283,2026-08-04T02:08:18+00:00,Accumulating quality stocks on dips. Market looks strong #sensex,accumulating quality stocks on dips. market looks strong #sensex,2,20,1,53595,14,,sensex,sensex,True,37
sample-0000093,sample_trader_119,2026-08-04T07:16:42+00:00,"No clear setup in #sensex yet, risk management is important","no clear setup in #sensex yet, risk management is important",9,36,359,59560,2,,sensex,sensex,True,406
sample-0000094,sample_trader_59,2026-08-03T16:59:17+00:00,"#NIFTY50 breakdown below support, bearish pressure increasing","#nifty50 breakdown below support, bearish pressure increasing",17,28,331,19578,8,,nifty50,nifty50,True,384
sample-0000095,sample_trader_406,2026-08-04T02:25:33+00:00,"#NIFTY50 breakout above support, looking bullish with target 24500","#nifty50 breakout above support, looking bullish with target 24500",9,76,383,74657,9,,nifty50,nifty50,True,477
sample-0000096,sample_trader_140,2026-08-03T17:48:43+00:00,Watching option chain and market breadth before taking a trade #banknifty,watching option chain and market breadth before taking a trade #banknifty,16,69,252,57427,2,,banknifty,banknifty,True,339
sample-0000097,sample_trader_129,2026-08-03T10:29:11+00:00,#intraday short setup; avoid aggressive buying in this volatility,#intraday short setup; avoid aggressive buying in this volatility,0,11,117,75442,18,,intraday,intraday,True,146
sample-0000098,sample_trader_241,2026-08-04T02:05:18+00:00,"Bank Nifty में गिरावट, sell on rise setup #banknifty","bank nifty में गिरावट, sell on rise setup #banknifty",16,56,469,36508,5,,banknifty,banknifty,True,546
sample-0000099,sample_trader_241,2026-08-04T05:08:41+00:00,#intraday short setup; avoid aggressive buying in this volatility,#intraday short setup; avoid aggressive buying in this volatility,11,52,170,42131,3,,intraday,intraday,True,236
sample-0000100,sample_trader_148,2026-08-03T14:25:38+00:00,"Bank Nifty में गिरावट, sell on rise setup #banknifty","bank nifty में गिरावट, sell on rise setup #banknifty",21,51,416,72152,1,,banknifty,banknifty,True,489
sample-0000101,sample_trader_60,2026-08-03T20:41:48+00:00,"#NIFTY50 breakdown below support, bearish pressure increasing","#nifty50 breakdown below support, bearish pressure increasing",24,51,442,67499,0,,nifty50,nifty50,True,517
sample-0000102,sample_trader_28,2026-08-03T17:25:15+00:00,"No clear setup in #sensex yet, risk management is important","no clear setup in #sensex yet, risk management is important",6,66,185,65388,20,,sensex,sensex,True,277
sample-0000103,sample_trader_282,2026-08-03T22:44:37+00:00,"#intraday long setup confirmed, upside possible after consolidation","#intraday long setup confirmed, upside possible after consolidation",4,36,224,63582,3,nseindia,intraday,intraday,True,267
sample-0000104,sample_trader_160,2026-08-04T02:42:02+00:00,SURE SHOT multibagger guaranteed double money #intraday,sure shot multibagger guaranteed double money #intraday,17,1,282,53526,2,,intraday,intraday,True,302
sample-0000105,sample_trader_332,2026-08-04T04:11:24+00:00,"#intraday long setup confirmed, upside possible after consolidation","#intraday long setup confirmed, upside possible after consolidation",26,19,255,38304,16,,intraday,intraday,True,316
sample-0000106,sample_trader_125,2026-08-03T15:16:26+00:00,Weak breadth and downside risk in #sensex today,weak breadth and downside risk in #sensex today,14,70,74,50327,6,,sensex,sensex,True,164
sample-0000107,sample_trader_142,2026-08-04T05:55:30+00:00,#NIFTY50 trading in a range; waiting for confirmation,#nifty50 trading in a range; waiting for confirmation,24,53,174,66600,8,,nifty50,nifty50,True,259
sample-0000108,sample_trader_297,2026-08-03T11:05:49+00:00,Weak breadth and downside risk in #sensex today,weak breadth and downside risk in #sensex today,21,62,443,19526,14,,sensex,sensex,True,540
sample-0000109,sample_trader_391,2026-08-03T12:22:20+00:00,Weak breadth and downside risk in #sensex today,weak breadth and downside risk in #sensex today,17,48,233,42226,6,,sensex,sensex,True,304
sample-0000110,sample_trader_398,2026-08-03T23:57:47+00:00,"#intraday long setup confirmed, upside possible after consolidation","#intraday long setup confirmed, upside possible after consolidation",13,5,162,62043,12,,intraday,intraday,True,192
sample-0000111,sample_trader_19,2026-08-03T14:25:57+00:00,Operator stock upper circuit fixed target 100% #sensex,operator stock upper circuit fixed target 100% #sensex,4,64,494,77406,10,,sensex,sensex,True,572
sample-0000112,sample_trader_234,2026-08-03T13:19:03+00:00,#NIFTY50 trading in a range; waiting for confirmation,#nifty50 trading in a range; waiting for confirmation,0,18,209,20282,2,,nifty50,nifty50,True,229
sample-0000113,sample_trader_355,2026-08-03T09:46:29+00:00,"#NIFTY50 breakdown below support, bearish pressure increasing","#nifty50 breakdown below support, bearish pressure increasing",12,10,436,43115,17,,nifty50,nifty50,True,475
sample-0000114,sample_trader_19,2026-08-03T12:46:08+00:00,"#NIFTY50 breakdown below support, bearish pressure increasing","#nifty50 breakdown below support, bearish pressure increasing",19,8,120,37717,7,,nifty50,nifty50,True,154
sample-0000115,sample_trader_361,2026-08-03T09:23:34+00:00,#intraday short setup; avoid aggressive buying in this volatility,#intraday short setup; avoid aggressive buying in this volatility,27,12,227,21855,9,,intraday,intraday,True,275
sample-0000116,sample_trader_151,2026-08-04T06:25:25+00:00,Accumulating quality stocks on dips. Market looks strong #sensex,accumulating quality stocks on dips. market looks strong #sensex,11,47,220,19130,7,,sensex,sensex,True,285
sample-0000117,sample_trader_90,2026-08-04T02:16:40+00:00,#NIFTY50 trading in a range; waiting for confirmation,#nifty50 trading in a range; waiting for confirmation,2,78,445,50190,19,,nifty50,nifty50,True,544
sample-0000118,sample_trader_237,2026-08-04T00:00:47+00:00,#intraday levels posted for educational discussion only,#intraday levels posted for educational discussion only,20,32,235,33516,0,,intraday,intraday,True,287
sample-0000119,sample_trader_81,2026-08-03T12:33:57+00:00,Watching option chain and market breadth before taking a trade #banknifty,watching option chain and market breadth before taking a trade #banknifty,2,56,483,45343,18,,banknifty,banknifty,True,559
sample-0000120,sample_trader_155,2026-08-03T15:50:02+00:00,#intraday short setup; avoid aggressive buying in this volatility,#intraday short setup; avoid aggressive buying in this volatility,6,49,436,63385,3,,intraday,intraday,True,494
sample-0000121,sample_trader_152,2026-08-03T11:32:19+00:00,#NIFTY50 trading in a range; waiting for confirmation,#nifty50 trading in a range; waiting for confirmation,22,37,11,51929,8,nseindia,nifty50,nifty50,True,78
sample-0000122,sample_trader_398,2026-08-03T22:02:48+00:00,"#intraday long setup confirmed, upside possible after consolidation","#intraday long setup confirmed, upside possible after consolidation",25,29,310,46229,7,,intraday,intraday,True,371
sample-0000123,sample_trader_322,2026-08-04T03:29:13+00:00,#intraday levels posted for educational discussion only,#intraday levels posted for educational discussion only,3,80,330,5217,9,,intraday,intraday,True,422
sample-0000124,sample_trader_47,2026-08-04T03:40:56+00:00,Accumulating quality stocks on dips. Market looks strong #sensex,accumulating quality stocks on dips. market looks strong #sensex,29,37,167,54510,5,,sensex,sensex,True,238
sample-0000125,sample_trader_257,2026-08-03T13:08:21+00:00,"No clear setup in #sensex yet, risk management is important","no clear setup in #sensex yet, risk management is important",29,34,425,21617,8,,sensex,sensex,True,496
sample-0000126,sample_trader_412,2026-08-03T20:08:04+00:00,"No clear setup in #sensex yet, risk management is important","no clear setup in #sensex yet, risk management is important",3,59,493,9919,4,,sensex,sensex,True,559
sample-0000127,sample_trader_188,2026-08-03T12:10:32+00:00,Accumulating quality stocks on dips. Market looks strong #sensex,accumulating quality stocks on dips. market looks strong #sensex,2,50,7,34713,17,,sensex,sensex,True,76
sample-0000128,sample_trader_196,2026-08-03T11:11:01+00:00,#intraday short setup; avoid aggressive buying in this volatility,#intraday short setup; avoid aggressive buying in this volatility,26,47,55,30697,15,nseindia,intraday,intraday,True,143
sample-0000129,sample_trader_114,2026-08-03T10:15:16+00:00,#intraday levels posted for educational discussion only,#intraday levels posted for educational discussion only,20,8,325,60902,9,,intraday,intraday,True,362
sample-0000130,sample_trader_20,2026-08-04T06:48:57+00:00,"#intraday long setup confirmed, upside possible after consolidation","#intraday long setup confirmed, upside possible after consolidation",9,63,59,12789,7,,intraday,intraday,True,138
sample-0000131,sample_trader_190,2026-08-03T15:57:01+00:00,"#NIFTY50 breakout above support, looking bullish with target 24500","#nifty50 breakout above support, looking bullish with target 24500",21,69,214,77033,4,,nifty50,nifty50,True,308
sample-0000132,sample_trader_316,2026-08-03T14:39:01+00:00,Operator stock upper circuit fixed target 100% #sensex,operator stock upper circuit fixed target 100% #sensex,13,35,16,48616,6,,sensex,sensex,True,70
sample-0000133,sample_trader_352,2026-08-04T04:50:58+00:00,"#intraday long setup confirmed, upside possible after consolidation","#intraday long setup confirmed, upside possible after consolidation",11,69,461,47062,1,,intraday,intraday,True,542
sample-0000134,sample_trader_47,2026-08-03T15:54:40+00:00,"#NIFTY50 breakout above support, looking bullish with target 24500","#nifty50 breakout above support, looking bullish with target 24500",21,27,328,78319,0,nseindia,nifty50,nifty50,True,376
sample-0000135,sample_trader_403,2026-08-04T03:52:55+00:00,"Bank Nifty में गिरावट, sell on rise setup #banknifty","bank nifty में गिरावट, sell on rise setup #banknifty",18,26,35,72691,6,,banknifty,banknifty,True,85
sample-0000136,sample_trader_404,2026-08-04T03:05:40+00:00,Accumulating quality stocks on dips. Market looks strong #sensex,accumulating quality stocks on dips. market looks strong #sensex,28,76,1,36392,4,,sensex,sensex,True,109
sample-0000137,sample_trader_57,2026-08-04T02:06:49+00:00,"No clear setup in #sensex yet, risk management is important","no clear setup in #sensex yet, risk management is important",21,3,67,1997,11,,sensex,sensex,True,102
sample-0000138,sample_trader_90,2026-08-04T07:53:32+00:00,"#intraday long setup confirmed, upside possible after consolidation","#intraday long setup confirmed, upside possible after consolidation",8,6,64,55226,16,,intraday,intraday,True,94
sample-0000139,sample_trader_399,2026-08-03T16:08:44+00:00,"#NIFTY50 breakout above support, looking bullish with target 24500","#nifty50 breakout above support, looking bullish with target 24500",11,65,303,14343,14,,nifty50,nifty50,True,393
sample-0000140,sample_trader_267,2026-08-03T08:28:37+00:00,#intraday levels posted for educational discussion only,#intraday levels posted for educational discussion only,9,58,329,4132,1,,intraday,intraday,True,397
sample-0000141,sample_trader_252,2026-08-04T04:32:10+00:00,"Bank Nifty में गिरावट, sell on rise setup #banknifty","bank nifty में गिरावट, sell on rise setup #banknifty",22,56,37,10639,10,,banknifty,banknifty,True,125
sample-0000142,sample_trader_320,2026-08-03T22:27:14+00:00,"#NIFTY50 breakout above support, looking bullish with target 24500","#nifty50 breakout above support, looking bullish with target 24500",20,74,280,42672,12,,nifty50,nifty50,True,386
sample-0000143,sample_trader_259,2026-08-03T15:56:51+00:00,Watching option chain and market breadth before taking a trade #banknifty,watching option chain and market breadth before taking a trade #banknifty,19,55,50,15046,20,,banknifty,banknifty,True,144
sample-0000144,sample_trader_232,2026-08-03T16:48:30+00:00,#intraday levels posted for educational discussion only,#intraday levels posted for educational discussion only,28,29,211,44474,14,,intraday,intraday,True,282
sample-0000145,sample_trader_161,2026-08-03T16:55:44+00:00,Accumulating quality stocks on dips. Market looks strong #sensex,accumulating quality stocks on dips. market looks strong #sensex,21,32,191,20056,15,nseindia,sensex,sensex,True,259
sample-0000146,sample_trader_50,2026-08-03T16:44:34+00:00,"Bank Nifty में तेजी, buyers are strong today #banknifty","bank nifty में तेजी, buyers are strong today #banknifty",23,47,415,17104,17,nseindia,banknifty,banknifty,True,502
sample-0000147,sample_trader_211,2026-08-04T04:00:59+00:00,#intraday levels posted for educational discussion only,#intraday levels posted for educational discussion only,11,54,444,6793,9,,intraday,intraday,True,518
sample-0000148,sample_trader_260,2026-08-03T11:25:32+00:00,Weak breadth and downside risk in #sensex today,weak breadth and downside risk in #sensex today,6,19,336,63251,7,,sensex,sensex,True,368
sample-0000149,sample_trader_391,2026-08-04T04:17:02+00:00,Weak breadth and downside risk in #sensex today,weak breadth and downside risk in #sensex today,8,73,115,56294,17,,sensex,sensex,True,213
sample-0000150,sample_trader_337,2026-08-03T10:17:38+00:00,#intraday levels posted for educational discussion only,#intraday levels posted for educational discussion only,26,34,14,23697,8,,intraday,intraday,True,82
sample-0000151,sample_trader_4,2026-08-03T19:41:11+00:00,#intraday short setup; avoid aggressive buying in this volatility,#intraday short setup; avoid aggressive buying in this volatility,5,18,289,52581,2,,intraday,intraday,True,314
sample-0000152,sample_trader_383,2026-08-04T05:07:34+00:00,SURE SHOT multibagger guaranteed double money #intraday,sure shot multibagger guaranteed double money #intraday,16,27,192,55078,14,,intraday,intraday,True,249
sample-0000153,sample_trader_398,2026-08-03T20:39:23+00:00,#intraday short setup; avoid aggressive buying in this volatility,#intraday short setup; avoid aggressive buying in this volatility,30,72,305,11185,1,,intraday,intraday,True,408
sample-0000154,sample_trader_140,2026-08-04T05:29:47+00:00,#intraday levels posted for educational discussion only,#intraday levels posted for educational discussion only,14,54,248,79620,14,,intraday,intraday,True,330
sample-0000155,sample_trader_221,2026-08-03T19:53:58+00:00,"Bank Nifty में तेजी, buyers are strong today #banknifty","bank nifty में तेजी, buyers are strong today #banknifty",3,36,347,77793,15,,banknifty,banknifty,True,401
sample-0000156,sample_trader_203,2026-08-04T00:26:17+00:00,#intraday short setup; avoid aggressive buying in this volatility,#intraday short setup; avoid aggressive buying in this volatility,19,7,3,26844,9,,intraday,intraday,True,38
sample-0000157,sample_trader_168,2026-08-03T21:55:42+00:00,"#NIFTY50 breakout above support, looking bullish with target 24500","#nifty50 breakout above support, looking bullish with target 24500",3,0,254,56496,5,,nifty50,nifty50,True,262
sample-0000158,sample_trader_287,2026-08-03T14:15:10+00:00,"No clear setup in #sensex yet, risk management is important","no clear setup in #sensex yet, risk management is important",26,45,36,52094,1,,sensex,sensex,True,108
sample-0000159,sample_trader_295,2026-08-03T21:04:07+00:00,Watching option chain and market breadth before taking a trade #banknifty,watching option chain and market breadth before taking a trade #banknifty,13,73,207,54797,9,,banknifty,banknifty,True,302
sample-0000160,sample_trader_411,2026-08-04T02:12:33+00:00,"Bank Nifty में तेजी, buyers are strong today #banknifty","bank nifty में तेजी, buyers are strong today #banknifty",30,79,235,47478,2,,banknifty,banknifty,True,346
sample-0000161,sample_trader_302,2026-08-03T16:36:16+00:00,Accumulating quality stocks on dips. Market looks strong #sensex,accumulating quality stocks on dips. market looks strong #sensex,12,67,40,51923,9,,sensex,sensex,True,128
sample-0000162,sample_trader_40,2026-08-04T02:20:43+00:00,Accumulating quality stocks on dips. Market looks strong #sensex,accumulating quality stocks on dips. market looks strong #sensex,16,14,271,66890,6,,sensex,sensex,True,307
sample-0000163,sample_trader_418,2026-08-03T08:58:01+00:00,Weak breadth and downside risk in #sensex today,weak breadth and downside risk in #sensex today,4,30,52,19244,8,,sensex,sensex,True,94
sample-0000164,sample_trader_39,2026-08-03T08:36:02+00:00,"No clear setup in #sensex yet, risk management is important","no clear setup in #sensex yet, risk management is important",5,80,252,60861,18,,sensex,sensex,True,355
sample-0000165,sample_trader_162,2026-08-03T09:37:50+00:00,#NIFTY50 trading in a range; waiting for confirmation,#nifty50 trading in a range; waiting for confirmation,4,56,34,61512,14,,nifty50,nifty50,True,108
sample-0000166,sample_trader_260,2026-08-03T19:39:11+00:00,"Bank Nifty में गिरावट, sell on rise setup #banknifty","bank nifty में गिरावट, sell on rise setup #banknifty",2,39,236,59283,1,nseindia,banknifty,banknifty,True,278
sample-0000167,sample_trader_47,2026-08-03T08:59:43+00:00,Weak breadth and downside risk in #sensex today,weak breadth and downside risk in #sensex today,19,76,259,50444,14,,sensex,sensex,True,368
sample-0000168,sample_trader_334,2026-08-03T11:39:12+00:00,Accumulating quality stocks on dips. Market looks strong #sensex,accumulating quality stocks on dips. market looks strong #sensex,6,41,309,62391,16,,sensex,sensex,True,372
sample-0000169,sample_trader_416,2026-08-04T04:41:54+00:00,"#intraday long setup confirmed, upside possible after consolidation","#intraday long setup confirmed, upside possible after consolidation",28,43,365,11103,16,,intraday,intraday,True,452
sample-0000170,sample_trader_225,2026-08-03T16:31:43+00:00,Accumulating quality stocks on dips. Market looks strong #sensex,accumulating quality stocks on dips. market looks strong #sensex,16,66,312,20857,11,,sensex,sensex,True,405
sample-0000171,sample_trader_397,2026-08-03T17:35:02+00:00,Weak breadth and downside risk in #sensex today,weak breadth and downside risk in #sensex today,10,76,26,43913,2,,sensex,sensex,True,114
sample-0000172,sample_trader_130,2026-08-03T22:07:17+00:00,#intraday levels posted for educational discussion only,#intraday levels posted for educational discussion only,23,77,447,19759,10,,intraday,intraday,True,557
sample-0000173,sample_trader_336,2026-08-03T21:10:18+00:00,"Bank Nifty में तेजी, buyers are strong today #banknifty","bank nifty में तेजी, buyers are strong today #banknifty",22,50,66,78043,2,,banknifty,banknifty,True,140
sample-0000174,sample_trader_344,2026-08-04T03:48:50+00:00,"#NIFTY50 breakdown below support, bearish pressure increasing","#nifty50 breakdown below support, bearish pressure increasing",22,67,47,55546,16,,nifty50,nifty50,True,152
sample-0000175,sample_trader_110,2026-08-04T01:54:13+00:00,#intraday short setup; avoid aggressive buying in this volatility,#intraday short setup; avoid aggressive buying in this volatility,10,62,98,29743,4,,intraday,intraday,True,174
sample-0000176,sample_trader_395,2026-08-03T13:58:57+00:00,Weak breadth and downside risk in #sensex today,weak breadth and downside risk in #sensex today,17,67,19,44190,19,,sensex,sensex,True,122
sample-0000177,sample_trader_93,2026-08-04T02:33:34+00:00,"#NIFTY50 breakdown below support, bearish pressure increasing","#nifty50 breakdown below support, bearish pressure increasing",26,79,414,21747,14,nseindia,nifty50,nifty50,True,533
sample-0000178,sample_trader_313,2026-08-03T16:17:38+00:00,#intraday short setup; avoid aggressive buying in this volatility,#intraday short setup; avoid aggressive buying in this volatility,9,57,119,70043,7,,intraday,intraday,True,192
sample-0000179,sample_trader_348,2026-08-03T19:04:27+00:00,"No clear setup in #sensex yet, risk management is important","no clear setup in #sensex yet, risk management is important",30,73,225,60563,9,,sensex,sensex,True,337
sample-0000180,sample_trader_419,2026-08-04T02:33:59+00:00,#NIFTY50 trading in a range; waiting for confirmation,#nifty50 trading in a range; waiting for confirmation,6,77,70,32818,1,,nifty50,nifty50,True,154
sample-0000181,sample_trader_64,2026-08-03T13:40:59+00:00,#intraday short setup; avoid aggressive buying in this volatility,#intraday short setup; avoid aggressive buying in this volatility,9,10,390,21062,8,,intraday,intraday,True,417
sample-0000182,sample_trader_47,2026-08-03T16:32:20+00:00,#NIFTY50 trading in a range; waiting for confirmation,#nifty50 trading in a range; waiting for confirmation,30,28,418,59180,11,,nifty50,nifty50,True,487
sample-0000183,sample_trader_258,2026-08-03T18:01:56+00:00,Weak breadth and downside risk in #sensex today,weak breadth and downside risk in #sensex today,11,30,197,10746,11,,sensex,sensex,True,249
sample-0000184,sample_trader_172,2026-08-03T08:48:09+00:00,"#NIFTY50 breakdown below support, bearish pressure increasing","#nifty50 breakdown below support, bearish pressure increasing",25,18,70,5070,9,,nifty50,nifty50,True,122
sample-0000185,sample_trader_230,2026-08-03T15:23:13+00:00,"No clear setup in #sensex yet, risk management is important","no clear setup in #sensex yet, risk management is important",19,0,463,10434,0,,sensex,sensex,True,482
sample-0000186,sample_trader_398,2026-08-04T04:25:07+00:00,"Bank Nifty में तेजी, buyers are strong today #banknifty","bank nifty में तेजी, buyers are strong today #banknifty",9,30,154,16020,1,,banknifty,banknifty,True,194
sample-0000187,sample_trader_57,2026-08-04T06:10:48+00:00,SURE SHOT multibagger guaranteed double money #intraday,sure shot multibagger guaranteed double money #intraday,26,63,305,70311,0,,intraday,intraday,True,394
sample-0000188,sample_trader_150,2026-08-04T03:14:22+00:00,#NIFTY50 trading in a range; waiting for confirmation,#nifty50 trading in a range; waiting for confirmation,13,0,314,46294,7,,nifty50,nifty50,True,334
sample-0000189,sample_trader_185,2026-08-03T13:24:26+00:00,"#intraday long setup confirmed, upside possible after consolidation","#intraday long setup confirmed, upside possible after consolidation",2,67,278,66546,16,,intraday,intraday,True,363
sample-0000190,sample_trader_326,2026-08-04T06:52:54+00:00,"#NIFTY50 breakdown below support, bearish pressure increasing","#nifty50 breakdown below support, bearish pressure increasing",12,47,129,2178,11,,nifty50,nifty50,True,199
sample-0000191,sample_trader_322,2026-08-03T08:32:33+00:00,Weak breadth and downside risk in #sensex today,weak breadth and downside risk in #sensex today,3,74,376,43633,4,nseindia,sensex,sensex,True,457
sample-0000192,sample_trader_90,2026-08-03T09:03:48+00:00,"No clear setup in #sensex yet, risk management is important","no clear setup in #sensex yet, risk management is important",26,59,356,62772,20,,sensex,sensex,True,461
sample-0000193,sample_trader_19,2026-08-03T15:48:12+00:00,"#NIFTY50 breakout above support, looking bullish with target 24500","#nifty50 breakout above support, looking bullish with target 24500",9,25,22,26194,1,,nifty50,nifty50,True,57
sample-0000194,sample_trader_243,2026-08-03T12:41:44+00:00,#intraday short setup; avoid aggressive buying in this volatility,#intraday short setup; avoid aggressive buying in this volatility,8,4,385,25098,9,,intraday,intraday,True,406
sample-0000195,sample_trader_64,2026-08-03T22:31:09+00:00,"#intraday long setup confirmed, upside possible after consolidation","#intraday long setup confirmed, upside possible after consolidation",25,47,223,52481,14,,intraday,intraday,True,309
sample-0000196,sample_trader_255,2026-08-04T01:39:54+00:00,"#NIFTY50 breakdown below support, bearish pressure increasing","#nifty50 breakdown below support, bearish pressure increasing",22,63,188,68112,8,,nifty50,nifty50,True,281
sample-0000197,sample_trader_309,2026-08-03T16:47:20+00:00,#intraday short setup; avoid aggressive buying in this volatility,#intraday short setup; avoid aggressive buying in this volatility,26,23,279,38554,10,,intraday,intraday,True,338
sample-0000198,sample_trader_229,2026-08-03T21:18:27+00:00,"#NIFTY50 breakdown below support, bearish pressure increasing","#nifty50 breakdown below support, bearish pressure increasing",19,54,85,58233,11,,nifty50,nifty50,True,169
sample-0000199,sample_trader_328,2026-08-03T22:28:14+00:00,Weak breadth and downside risk in #sensex today,weak breadth and downside risk in #sensex today,25,7,38,53292,11,,sensex,sensex,True,81
sample-0000200,sample_trader_312,2026-08-04T03:16:06+00:00,Accumulating quality stocks on dips. Market looks strong #sensex,accumulating quality stocks on dips. market looks strong #sensex,21,56,17,16595,2,,sensex,sensex,True,96
sample-0000201,sample_trader_197,2026-08-03T19:16:53+00:00,Operator stock upper circuit fixed target 100% #sensex,operator stock upper circuit fixed target 100% #sensex,30,72,16,79360,4,,sensex,sensex,True,122
sample-0000202,sample_trader_391,2026-08-03T16:18:12+00:00,#intraday short setup; avoid aggressive buying in this volatility,#intraday short setup; avoid aggressive buying in this volatility,2,73,70,69447,11,,intraday,intraday,True,156
sample-0000203,sample_trader_59,2026-08-03T23:22:43+00:00,Operator stock upper circuit fixed target 100% #sensex,operator stock upper circuit fixed target 100% #sensex,0,23,255,67911,12,,sensex,sensex,True,290
sample-0000204,sample_trader_361,2026-08-03T22:59:24+00:00,"#intraday long setup confirmed, upside possible after consolidation","#intraday long setup confirmed, upside possible after consolidation",14,27,313,37481,15,,intraday,intraday,True,369
sample-0000205,sample_trader_89,2026-08-03T16:00:30+00:00,"#NIFTY50 breakout above support, looking bullish with target 24500","#nifty50 breakout above support, looking bullish with target 24500",28,56,44,41939,11,,nifty50,nifty50,True,139
sample-0000206,sample_trader_81,2026-08-03T21:32:45+00:00,#intraday levels posted for educational discussion only,#intraday levels posted for educational discussion only,22,22,406,47431,16,,intraday,intraday,True,466
sample-0000207,sample_trader_405,2026-08-03T23:50:51+00:00,"#NIFTY50 breakout above support, looking bullish with target 24500","#nifty50 breakout above support, looking bullish with target 24500",15,3,184,72666,18,,nifty50,nifty50,True,220
sample-0000208,sample_trader_45,2026-08-03T10:11:11+00:00,#intraday levels posted for educational discussion only,#intraday levels posted for educational discussion only,2,39,203,62789,16,,intraday,intraday,True,260
sample-0000209,sample_trader_163,2026-08-04T03:54:14+00:00,Weak breadth and downside risk in #sensex today,weak breadth and downside risk in #sensex today,20,9,230,61107,16,,sensex,sensex,True,275
sample-0000210,sample_trader_222,2026-08-04T03:46:08+00:00,#intraday levels posted for educational discussion only,#intraday levels posted for educational discussion only,16,7,425,16324,16,,intraday,intraday,True,464
sample-0000211,sample_trader_364,2026-08-03T20:43:09+00:00,Accumulating quality stocks on dips. Market looks strong #sensex,accumulating quality stocks on dips. market looks strong #sensex,7,44,485,68062,9,,sensex,sensex,True,545
sample-0000212,sample_trader_283,2026-08-03T09:20:42+00:00,"#NIFTY50 breakdown below support, bearish pressure increasing","#nifty50 breakdown below support, bearish pressure increasing",8,16,320,39741,19,,nifty50,nifty50,True,363
sample-0000213,sample_trader_298,2026-08-03T10:55:11+00:00,#NIFTY50 trading in a range; waiting for confirmation,#nifty50 trading in a range; waiting for confirmation,4,21,337,79366,10,,nifty50,nifty50,True,372
sample-0000214,sample_trader_42,2026-08-04T07:26:02+00:00,#NIFTY50 trading in a range; waiting for confirmation,#nifty50 trading in a range; waiting for confirmation,1,73,135,27681,18,,nifty50,nifty50,True,227
sample-0000215,sample_trader_322,2026-08-03T14:20:02+00:00,SURE SHOT multibagger guaranteed double money #intraday,sure shot multibagger guaranteed double money #intraday,17,37,328,39646,15,,intraday,intraday,True,397
sample-0000216,sample_trader_38,2026-08-03T15:57:14+00:00,"Bank Nifty में गिरावट, sell on rise setup #banknifty","bank nifty में गिरावट, sell on rise setup #banknifty",22,7,80,57669,13,,banknifty,banknifty,True,122
sample-0000217,sample_trader_74,2026-08-03T10:22:44+00:00,"Bank Nifty में तेजी, buyers are strong today #banknifty","bank nifty में तेजी, buyers are strong today #banknifty",10,40,375,45318,12,,banknifty,banknifty,True,437
sample-0000218,sample_trader_124,2026-08-03T20:50:53+00:00,#intraday short setup; avoid aggressive buying in this volatility,#intraday short setup; avoid aggressive buying in this volatility,14,15,136,58979,7,,intraday,intraday,True,172
sample-0000219,sample_trader_316,2026-08-03T18:28:49+00:00,"#intraday long setup confirmed, upside possible after consolidation","#intraday long setup confirmed, upside possible after consolidation",13,31,492,20982,10,,intraday,intraday,True,546
sample-0000220,sample_trader_256,2026-08-04T02:39:55+00:00,"#NIFTY50 breakdown below support, bearish pressure increasing","#nifty50 breakdown below support, bearish pressure increasing",16,59,255,40491,15,nseindia,nifty50,nifty50,True,345
sample-0000221,sample_trader_111,2026-08-03T23:42:08+00:00,"Bank Nifty में गिरावट, sell on rise setup #banknifty","bank nifty में गिरावट, sell on rise setup #banknifty",18,45,24,6674,9,,banknifty,banknifty,True,96
sample-0000222,sample_trader_275,2026-08-03T22:03:47+00:00,Operator stock upper circuit fixed target 100% #sensex,operator stock upper circuit fixed target 100% #sensex,0,13,220,17605,8,,sensex,sensex,True,241
sample-0000223,sample_trader_206,2026-08-04T06:49:10+00:00,"Bank Nifty में गिरावट, sell on rise setup #banknifty","bank nifty में गिरावट, sell on rise setup #banknifty",1,72,287,25563,11,,banknifty,banknifty,True,371
sample-0000224,sample_trader_231,2026-08-03T14:06:27+00:00,"#NIFTY50 breakout above support, looking bullish with target 24500","#nifty50 breakout above support, looking bullish with target 24500",24,70,143,15622,4,,nifty50,nifty50,True,241
sample-0000225,sample_trader_286,2026-08-03T20:07:16+00:00,"Bank Nifty में गिरावट, sell on rise setup #banknifty","bank nifty में गिरावट, sell on rise setup #banknifty",30,46,386,18959,6,,banknifty,banknifty,True,468
sample-0000226,sample_trader_20,2026-08-04T06:49:02+00:00,"Bank Nifty में गिरावट, sell on rise setup #banknifty","bank nifty में गिरावट, sell on rise setup #banknifty",4,42,411,62144,16,,banknifty,banknifty,True,473
sample-0000227,sample_trader_314,2026-08-03T20:31:33+00:00,"No clear setup in #sensex yet, risk management is important","no clear setup in #sensex yet, risk management is important",10,20,201,39271,18,,sensex,sensex,True,249
sample-0000228,sample_trader_154,2026-08-03T11:58:17+00:00,#NIFTY50 trading in a range; waiting for confirmation,#nifty50 trading in a range; waiting for confirmation,15,2,188,43466,3,,nifty50,nifty50,True,208
sample-0000229,sample_trader_14,2026-08-03T09:33:22+00:00,Watching option chain and market breadth before taking a trade #banknifty,watching option chain and market breadth before taking a trade #banknifty,19,60,135,75871,18,,banknifty,banknifty,True,232
sample-0000230,sample_trader_269,2026-08-04T02:15:31+00:00,"#intraday long setup confirmed, upside possible after consolidation","#intraday long setup confirmed, upside possible after consolidation",20,79,396,49882,4,,intraday,intraday,True,499
sample-0000231,sample_trader_359,2026-08-03T11:37:13+00:00,"#intraday long setup confirmed, upside possible after consolidation","#intraday long setup confirmed, upside possible after consolidation",3,24,9,57857,10,,intraday,intraday,True,46
sample-0000232,sample_trader_257,2026-08-03T17:31:32+00:00,Weak breadth and downside risk in #sensex today,weak breadth and downside risk in #sensex today,24,78,471,61864,1,,sensex,sensex,True,574
sample-0000233,sample_trader_167,2026-08-03T12:02:44+00:00,Watching option chain and market breadth before taking a trade #banknifty,watching option chain and market breadth before taking a trade #banknifty,21,61,269,49441,10,,banknifty,banknifty,True,361
sample-0000234,sample_trader_182,2026-08-03T12:34:39+00:00,Watching option chain and market breadth before taking a trade #banknifty,watching option chain and market breadth before taking a trade #banknifty,21,33,312,63512,6,,banknifty,banknifty,True,372
sample-0000235,sample_trader_153,2026-08-04T00:16:47+00:00,"Bank Nifty में गिरावट, sell on rise setup #banknifty","bank nifty में गिरावट, sell on rise setup #banknifty",24,36,360,27218,15,,banknifty,banknifty,True,435
sample-0000236,sample_trader_63,2026-08-03T21:59:19+00:00,Weak breadth and downside risk in #sensex today,weak breadth and downside risk in #sensex today,18,69,194,51762,11,,sensex,sensex,True,292
sample-0000237,sample_trader_148,2026-08-04T06:56:07+00:00,"Bank Nifty में तेजी, buyers are strong today #banknifty","bank nifty में तेजी, buyers are strong today #banknifty",30,10,177,58033,20,,banknifty,banknifty,True,237
sample-0000238,sample_trader_276,2026-08-04T01:06:35+00:00,"No clear setup in #sensex yet, risk management is important","no clear setup in #sensex yet, risk management is important",8,71,356,35651,4,,sensex,sensex,True,439
sample-0000239,sample_trader_26,2026-08-03T23:38:21+00:00,Watching option chain and market breadth before taking a trade #banknifty,watching option chain and market breadth before taking a trade #banknifty,21,67,115,30568,1,,banknifty,banknifty,True,204
sample-0000240,sample_trader_349,2026-08-04T04:48:22+00:00,"Bank Nifty में गिरावट, sell on rise setup #banknifty","bank nifty में गिरावट, sell on rise setup #banknifty",24,17,2,72185,5,,banknifty,banknifty,True,48
sample-0000241,sample_trader_103,2026-08-03T08:46:53+00:00,"No clear setup in #sensex yet, risk management is important","no clear setup in #sensex yet, risk management is important",24,36,164,37459,20,nseindia,sensex,sensex,True,244
sample-0000242,sample_trader_379,2026-08-03T12:58:57+00:00,"Bank Nifty में तेजी, buyers are strong today #banknifty","bank nifty में तेजी, buyers are strong today #banknifty",23,4,467,22996,13,,banknifty,banknifty,True,507
sample-0000243,sample_trader_404,2026-08-03T18:00:46+00:00,"#intraday long setup confirmed, upside possible after consolidation","#intraday long setup confirmed, upside possible after consolidation",15,23,479,37991,1,nseindia,intraday,intraday,True,518
sample-0000244,sample_trader_146,2026-08-03T20:16:06+00:00,#NIFTY50 trading in a range; waiting for confirmation,#nifty50 trading in a range; waiting for confirmation,14,69,268,64788,4,,nifty50,nifty50,True,355
sample-0000245,sample_trader_415,2026-08-04T01:26:48+00:00,Watching option chain and market breadth before taking a trade #banknifty,watching option chain and market breadth before taking a trade #banknifty,3,42,83,60200,20,,banknifty,banknifty,True,148
sample-0000246,sample_trader_405,2026-08-03T20:11:35+00:00,"#intraday long setup confirmed, upside possible after consolidation","#intraday long setup confirmed, upside possible after consolidation",9,72,345,25368,5,,intraday,intraday,True,431
sample-0000247,sample_trader_264,2026-08-03T16:53:41+00:00,SURE SHOT multibagger guaranteed double money #intraday,sure shot multibagger guaranteed double money #intraday,10,11,205,12552,5,,intraday,intraday,True,231
sample-0000248,sample_trader_4,2026-08-03T23:26:08+00:00,"No clear setup in #sensex yet, risk management is important","no clear setup in #sensex yet, risk management is important",8,49,120,58604,8,,sensex,sensex,True,185
sample-0000249,sample_trader_335,2026-08-03T22:56:38+00:00,#intraday short setup; avoid aggressive buying in this volatility,#intraday short setup; avoid aggressive buying in this volatility,11,30,31,15545,14,,intraday,intraday,True,86
sample-0000250,sample_trader_328,2026-08-04T04:11:31+00:00,"Bank Nifty में गिरावट, sell on rise setup #banknifty","bank nifty में गिरावट, sell on rise setup #banknifty",29,37,188,28997,7,,banknifty,banknifty,True,261
sample-0000251,sample_trader_383,2026-08-03T15:54:06+00:00,"No clear setup in #sensex yet, risk management is important","no clear setup in #sensex yet, risk management is important",19,47,212,72039,15,,sensex,sensex,True,293
sample-0000252,sample_trader_404,2026-08-03T10:46:26+00:00,"Bank Nifty में तेजी, buyers are strong today #banknifty","bank nifty में तेजी, buyers are strong today #banknifty",2,67,228,69278,11,nseindia,banknifty,banknifty,True,308
sample-0000253,sample_trader_281,2026-08-04T06:13:06+00:00,#NIFTY50 trading in a range; waiting for confirmation,#nifty50 trading in a range; waiting for confirmation,28,64,103,75115,17,,nifty50,nifty50,True,212
sample-0000254,sample_trader_349,2026-08-04T04:14:05+00:00,"#NIFTY50 breakdown below support, bearish pressure increasing","#nifty50 breakdown below support, bearish pressure increasing",6,74,250,11969,16,,nifty50,nifty50,True,346
sample-0000255,sample_trader_263,2026-08-04T03:39:46+00:00,"#intraday long setup confirmed, upside possible after consolidation","#intraday long setup confirmed, upside possible after consolidation",13,58,288,7617,17,,intraday,intraday,True,376
sample-0000256,sample_trader_131,2026-08-03T18:03:03+00:00,#intraday short setup; avoid aggressive buying in this volatility,#intraday short setup; avoid aggressive buying in this volatility,26,0,381,28610,18,nseindia,intraday,intraday,True,425
sample-0000257,sample_trader_278,2026-08-04T06:08:43+00:00,#intraday short setup; avoid aggressive buying in this volatility,#intraday short setup; avoid aggressive buying in this volatility,1,8,478,61925,1,,intraday,intraday,True,488
sample-0000258,sample_trader_374,2026-08-03T09:06:35+00:00,"#intraday long setup confirmed, upside possible after consolidation","#intraday long setup confirmed, upside possible after consolidation",20,53,191,50182,14,,intraday,intraday,True,278
sample-0000259,sample_trader_350,2026-08-04T05:32:42+00:00,"#NIFTY50 breakdown below support, bearish pressure increasing","#nifty50 breakdown below support, bearish pressure increasing",30,69,68,45632,3,,nifty50,nifty50,True,170
sample-0000260,sample_trader_66,2026-08-03T13:12:44+00:00,"No clear setup in #sensex yet, risk management is important","no clear setup in #sensex yet, risk management is important",23,28,427,505,0,,sensex,sensex,True,478
sample-0000261,sample_trader_195,2026-08-03T13:05:59+00:00,Watching option chain and market breadth before taking a trade #banknifty,watching option chain and market breadth before taking a trade #banknifty,26,29,126,60425,11,,banknifty,banknifty,True,192
sample-0000262,sample_trader_415,2026-08-04T07:17:38+00:00,"#NIFTY50 breakout above support, looking bullish with target 24500","#nifty50 breakout above support, looking bullish with target 24500",21,53,314,2100,7,,nifty50,nifty50,True,395
sample-0000263,sample_trader_307,2026-08-03T16:12:45+00:00,Accumulating quality stocks on dips. Market looks strong #sensex,accumulating quality stocks on dips. market looks strong #sensex,21,6,125,5848,12,,sensex,sensex,True,164
sample-0000264,sample_trader_72,2026-08-04T06:24:42+00:00,"No clear setup in #sensex yet, risk management is important","no clear setup in #sensex yet, risk management is important",16,37,119,75561,10,,sensex,sensex,True,182
sample-0000265,sample_trader_74,2026-08-03T21:28:48+00:00,"#NIFTY50 breakdown below support, bearish pressure increasing","#nifty50 breakdown below support, bearish pressure increasing",21,66,113,54256,9,,nifty50,nifty50,True,209
sample-0000266,sample_trader_348,2026-08-03T09:40:30+00:00,#intraday levels posted for educational discussion only,#intraday levels posted for educational discussion only,13,71,253,6195,11,,intraday,intraday,True,348
sample-0000267,sample_trader_210,2026-08-03T17:18:32+00:00,"#NIFTY50 breakdown below support, bearish pressure increasing","#nifty50 breakdown below support, bearish pressure increasing",4,38,192,24151,17,,nifty50,nifty50,True,251
sample-0000268,sample_trader_413,2026-08-04T03:12:40+00:00,Accumulating quality stocks on dips. Market looks strong #sensex,accumulating quality stocks on dips. market looks strong #sensex,14,7,287,54140,13,,sensex,sensex,True,321
sample-0000269,sample_trader_131,2026-08-03T23:37:29+00:00,"#NIFTY50 breakout above support, looking bullish with target 24500","#nifty50 breakout above support, looking bullish with target 24500",6,42,331,10413,14,,nifty50,nifty50,True,393
sample-0000270,sample_trader_138,2026-08-04T06:35:25+00:00,"Bank Nifty में तेजी, buyers are strong today #banknifty","bank nifty में तेजी, buyers are strong today #banknifty",12,77,308,5233,2,,banknifty,banknifty,True,399
sample-0000271,sample_trader_107,2026-08-03T15:00:45+00:00,Watching option chain and market breadth before taking a trade #banknifty,watching option chain and market breadth before taking a trade #banknifty,27,42,155,2059,6,,banknifty,banknifty,True,230
sample-0000272,sample_trader_357,2026-08-03T23:38:03+00:00,"#intraday long setup confirmed, upside possible after consolidation","#intraday long setup confirmed, upside possible after consolidation",19,26,203,31419,17,,intraday,intraday,True,265
sample-0000273,sample_trader_274,2026-08-03T15:29:28+00:00,Weak breadth and downside risk in #sensex today,weak breadth and downside risk in #sensex today,20,45,157,34333,11,,sensex,sensex,True,233
sample-0000274,sample_trader_412,2026-08-04T04:52:36+00:00,#intraday levels posted for educational discussion only,#intraday levels posted for educational discussion only,23,60,389,42023,6,,intraday,intraday,True,478
sample-0000275,sample_trader_114,2026-08-03T11:59:09+00:00,Weak breadth and downside risk in #sensex today,weak breadth and downside risk in #sensex today,23,18,8,34230,17,,sensex,sensex,True,66
sample-0000276,sample_trader_79,2026-08-03T21:43:09+00:00,Watching option chain and market breadth before taking a trade #banknifty,watching option chain and market breadth before taking a trade #banknifty,6,42,117,49836,18,,banknifty,banknifty,True,183
sample-0000277,sample_trader_391,2026-08-03T23:05:52+00:00,#intraday levels posted for educational discussion only,#intraday levels posted for educational discussion only,26,62,494,64353,14,,intraday,intraday,True,596
sample-0000278,sample_trader_369,2026-08-04T03:22:16+00:00,Weak breadth and downside risk in #sensex today,weak breadth and downside risk in #sensex today,17,62,94,71108,20,,sensex,sensex,True,193
sample-0000279,sample_trader_419,2026-08-04T05:45:38+00:00,Watching option chain and market breadth before taking a trade #banknifty,watching option chain and market breadth before taking a trade #banknifty,21,6,391,886,13,,banknifty,banknifty,True,431
sample-0000280,sample_trader_363,2026-08-04T05:59:32+00:00,SURE SHOT multibagger guaranteed double money #intraday,sure shot multibagger guaranteed double money #intraday,4,1,111,66337,14,,intraday,intraday,True,130
sample-0000281,sample_trader_9,2026-08-03T14:42:16+00:00,#intraday levels posted for educational discussion only,#intraday levels posted for educational discussion only,0,68,282,53964,0,nseindia,intraday,intraday,True,350
sample-0000282,sample_trader_258,2026-08-04T07:50:34+00:00,"Bank Nifty में गिरावट, sell on rise setup #banknifty","bank nifty में गिरावट, sell on rise setup #banknifty",26,55,412,23546,3,,banknifty,banknifty,True,496
sample-0000283,sample_trader_99,2026-08-03T23:41:36+00:00,Watching option chain and market breadth before taking a trade #banknifty,watching option chain and market breadth before taking a trade #banknifty,19,67,129,46507,8,,banknifty,banknifty,True,223
sample-0000284,sample_trader_236,2026-08-03T17:41:02+00:00,"Bank Nifty में तेजी, buyers are strong today #banknifty","bank nifty में तेजी, buyers are strong today #banknifty",18,31,356,29653,9,,banknifty,banknifty,True,414
sample-0000285,sample_trader_208,2026-08-04T05:03:45+00:00,"Bank Nifty में तेजी, buyers are strong today #banknifty","bank nifty में तेजी, buyers are strong today #banknifty",12,48,282,62440,1,,banknifty,banknifty,True,343
sample-0000286,sample_trader_223,2026-08-03T14:16:03+00:00,Accumulating quality stocks on dips. Market looks strong #sensex,accumulating quality stocks on dips. market looks strong #sensex,20,42,289,12549,16,,sensex,sensex,True,367
sample-0000287,sample_trader_244,2026-08-03T11:49:51+00:00,Accumulating quality stocks on dips. Market looks strong #sensex,accumulating quality stocks on dips. market looks strong #sensex,8,5,473,9794,8,,sensex,sensex,True,494
sample-0000288,sample_trader_162,2026-08-04T01:56:12+00:00,#NIFTY50 trading in a range; waiting for confirmation,#nifty50 trading in a range; waiting for confirmation,0,26,300,18949,12,,nifty50,nifty50,True,338
sample-0000289,sample_trader_124,2026-08-03T11:56:01+00:00,#intraday short setup; avoid aggressive buying in this volatility,#intraday short setup; avoid aggressive buying in this volatility,18,49,346,70902,10,,intraday,intraday,True,423
sample-0000290,sample_trader_382,2026-08-03T14:14:01+00:00,"#NIFTY50 breakout above support, looking bullish with target 24500","#nifty50 breakout above support, looking bullish with target 24500",11,6,50,57340,7,,nifty50,nifty50,True,74
sample-0000291,sample_trader_16,2026-08-03T20:35:02+00:00,"Bank Nifty में गिरावट, sell on rise setup #banknifty","bank nifty में गिरावट, sell on rise setup #banknifty",20,34,401,59104,15,,banknifty,banknifty,True,470
sample-0000292,sample_trader_96,2026-08-03T16:44:37+00:00,#intraday levels posted for educational discussion only,#intraday levels posted for educational discussion only,21,74,338,49866,2,,intraday,intraday,True,435
sample-0000293,sample_trader_43,2026-08-04T05:47:26+00:00,Weak breadth and downside risk in #sensex today,weak breadth and downside risk in #sensex today,8,19,194,20271,12,,sensex,sensex,True,233
sample-0000294,sample_trader_158,2026-08-04T08:16:40+00:00,Accumulating quality stocks on dips. Market looks strong #sensex,accumulating quality stocks on dips. market looks strong #sensex,14,46,389,35408,3,,sensex,sensex,True,452
sample-0000295,sample_trader_286,2026-08-03T16:07:30+00:00,"#intraday long setup confirmed, upside possible after consolidation","#intraday long setup confirmed, upside possible after consolidation",17,65,208,13588,0,,intraday,intraday,True,290
sample-0000296,sample_trader_307,2026-08-03T10:44:00+00:00,#intraday levels posted for educational discussion only,#intraday levels posted for educational discussion only,25,41,442,50543,0,,intraday,intraday,True,508
sample-0000297,sample_trader_125,2026-08-03T12:05:41+00:00,"#NIFTY50 breakdown below support, bearish pressure increasing","#nifty50 breakdown below support, bearish pressure increasing",18,66,86,49953,5,,nifty50,nifty50,True,175
sample-0000298,sample_trader_75,2026-08-03T14:30:46+00:00,#intraday short setup; avoid aggressive buying in this volatility,#intraday short setup; avoid aggressive buying in this volatility,2,21,222,36220,13,,intraday,intraday,True,258
sample-0000299,sample_trader_127,2026-08-03T23:18:10+00:00,"#NIFTY50 breakout above support, looking bullish with target 24500","#nifty50 breakout above support, looking bullish with target 24500",23,80,253,77881,19,,nifty50,nifty50,True,375
sample-0000300,sample_trader_4,2026-08-03T21:22:28+00:00,Accumulating quality stocks on dips. Market looks strong #sensex,accumulating quality stocks on dips. market looks strong #sensex,30,50,170,49842,10,,sensex,sensex,True,260
sample-0000301,sample_trader_165,2026-08-03T21:31:42+00:00,#intraday short setup; avoid aggressive buying in this volatility,#intraday short setup; avoid aggressive buying in this volatility,19,25,245,41230,5,,intraday,intraday,True,294
sample-0000302,sample_trader_252,2026-08-03T09:25:25+00:00,"#NIFTY50 breakdown below support, bearish pressure increasing","#nifty50 breakdown below support, bearish pressure increasing",30,73,400,31825,10,,nifty50,nifty50,True,513
sample-0000303,sample_trader_289,2026-08-04T04:19:13+00:00,"Bank Nifty में गिरावट, sell on rise setup #banknifty","bank nifty में गिरावट, sell on rise setup #banknifty",6,75,279,23633,17,nseindia,banknifty,banknifty,True,377
sample-0000304,sample_trader_409,2026-08-03T16:30:11+00:00,Watching option chain and market breadth before taking a trade #banknifty,watching option chain and market breadth before taking a trade #banknifty,9,8,419,53677,15,,banknifty,banknifty,True,451
sample-0000305,sample_trader_338,2026-08-03T23:16:01+00:00,#intraday short setup; avoid aggressive buying in this volatility,#intraday short setup; avoid aggressive buying in this volatility,4,54,404,49462,2,,intraday,intraday,True,464
sample-0000306,sample_trader_206,2026-08-03T11:16:05+00:00,"No clear setup in #sensex yet, risk management is important","no clear setup in #sensex yet, risk management is important",17,64,472,54877,17,nseindia,sensex,sensex,True,570
sample-0000307,sample_trader_394,2026-08-04T04:29:05+00:00,#intraday short setup; avoid aggressive buying in this volatility,#intraday short setup; avoid aggressive buying in this volatility,7,45,85,5856,18,,intraday,intraday,True,155
sample-0000308,sample_trader_408,2026-08-03T20:23:37+00:00,Operator stock upper circuit fixed target 100% #sensex,operator stock upper circuit fixed target 100% #sensex,13,13,5,12974,8,,sensex,sensex,True,39
sample-0000309,sample_trader_192,2026-08-03T16:14:11+00:00,Watching option chain and market breadth before taking a trade #banknifty,watching option chain and market breadth before taking a trade #banknifty,12,59,395,77197,16,,banknifty,banknifty,True,482
sample-0000310,sample_trader_152,2026-08-04T04:39:37+00:00,"Bank Nifty में तेजी, buyers are strong today #banknifty","bank nifty में तेजी, buyers are strong today #banknifty",13,10,59,18619,11,,banknifty,banknifty,True,93
sample-0000311,sample_trader_248,2026-08-03T13:29:37+00:00,Watching option chain and market breadth before taking a trade #banknifty,watching option chain and market breadth before taking a trade #banknifty,11,60,49,57481,14,,banknifty,banknifty,True,134
sample-0000312,sample_trader_12,2026-08-04T04:16:36+00:00,#intraday short setup; avoid aggressive buying in this volatility,#intraday short setup; avoid aggressive buying in this volatility,27,43,331,14384,5,,intraday,intraday,True,406
sample-0000313,sample_trader_82,2026-08-03T12:22:21+00:00,"#intraday long setup confirmed, upside possible after consolidation","#intraday long setup confirmed, upside possible after consolidation",10,71,218,60612,7,,intraday,intraday,True,306
sample-0000314,sample_trader_328,2026-08-04T01:40:50+00:00,SURE SHOT multibagger guaranteed double money #intraday,sure shot multibagger guaranteed double money #intraday,21,55,202,3876,19,,intraday,intraday,True,297
sample-0000315,sample_trader_3,2026-08-03T18:18:35+00:00,#NIFTY50 trading in a range; waiting for confirmation,#nifty50 trading in a range; waiting for confirmation,22,27,105,36533,2,,nifty50,nifty50,True,156
sample-0000316,sample_trader_167,2026-08-03T19:08:55+00:00,"No clear setup in #sensex yet, risk management is important","no clear setup in #sensex yet, risk management is important",6,58,58,34437,15,,sensex,sensex,True,137
sample-0000317,sample_trader_199,2026-08-03T10:43:54+00:00,SURE SHOT multibagger guaranteed double money #intraday,sure shot multibagger guaranteed double money #intraday,19,50,300,15022,11,,intraday,intraday,True,380
sample-0000318,sample_trader_315,2026-08-03T21:38:14+00:00,Watching option chain and market breadth before taking a trade #banknifty,watching option chain and market breadth before taking a trade #banknifty,18,10,344,17606,10,,banknifty,banknifty,True,382
sample-0000319,sample_trader_192,2026-08-04T01:48:08+00:00,#intraday short setup; avoid aggressive buying in this volatility,#intraday short setup; avoid aggressive buying in this volatility,22,18,261,50966,13,,intraday,intraday,True,314
sample-0000320,sample_trader_96,2026-08-03T17:03:52+00:00,#NIFTY50 trading in a range; waiting for confirmation,#nifty50 trading in a range; waiting for confirmation,15,68,355,22756,17,,nifty50,nifty50,True,455
sample-0000321,sample_trader_162,2026-08-04T01:39:17+00:00,Weak breadth and downside risk in #sensex today,weak breadth and downside risk in #sensex today,26,57,317,7076,11,,sensex,sensex,True,411
sample-0000322,sample_trader_418,2026-08-04T01:21:45+00:00,#intraday levels posted for educational discussion only,#intraday levels posted for educational discussion only,12,71,258,64926,13,,intraday,intraday,True,354
sample-0000323,sample_trader_86,2026-08-03T14:40:26+00:00,Weak breadth and downside risk in #sensex today,weak breadth and downside risk in #sensex today,2,72,15,28955,9,nseindia,sensex,sensex,True,98
sample-0000324,sample_trader_400,2026-08-04T02:20:33+00:00,Accumulating quality stocks on dips. Market looks strong #sensex,accumulating quality stocks on dips. market looks strong #sensex,14,72,380,64971,17,,sensex,sensex,True,483
sample-0000325,sample_trader_397,2026-08-03T22:42:48+00:00,#NIFTY50 trading in a range; waiting for confirmation,#nifty50 trading in a range; waiting for confirmation,17,46,277,5503,14,,nifty50,nifty50,True,354
sample-0000326,sample_trader_385,2026-08-03T08:40:02+00:00,#intraday short setup; avoid aggressive buying in this volatility,#intraday short setup; avoid aggressive buying in this volatility,7,38,447,4274,14,,intraday,intraday,True,506
sample-0000327,sample_trader_398,2026-08-04T04:11:34+00:00,"Bank Nifty में तेजी, buyers are strong today #banknifty","bank nifty में तेजी, buyers are strong today #banknifty",25,30,107,77110,11,,banknifty,banknifty,True,173
sample-0000328,sample_trader_316,2026-08-04T02:25:25+00:00,#intraday levels posted for educational discussion only,#intraday levels posted for educational discussion only,4,26,416,27174,1,,intraday,intraday,True,447
sample-0000329,sample_trader_276,2026-08-03T10:44:09+00:00,"No clear setup in #sensex yet, risk management is important","no clear setup in #sensex yet, risk management is important",5,41,360,38406,9,,sensex,sensex,True,415
sample-0000330,sample_trader_385,2026-08-04T03:31:49+00:00,#NIFTY50 trading in a range; waiting for confirmation,#nifty50 trading in a range; waiting for confirmation,25,52,470,7820,8,,nifty50,nifty50,True,555
sample-0000331,sample_trader_75,2026-08-03T23:22:35+00:00,"#NIFTY50 breakout above support, looking bullish with target 24500","#nifty50 breakout above support, looking bullish with target 24500",22,41,424,32497,12,,nifty50,nifty50,True,499
sample-0000332,sample_trader_213,2026-08-03T09:36:32+00:00,#NIFTY50 trading in a range; waiting for confirmation,#nifty50 trading in a range; waiting for confirmation,12,57,38,12252,12,,nifty50,nifty50,True,119
sample-0000333,sample_trader_250,2026-08-03T15:54:43+00:00,"Bank Nifty में गिरावट, sell on rise setup #banknifty","bank nifty में गिरावट, sell on rise setup #banknifty",10,74,1,12258,14,,banknifty,banknifty,True,99
sample-0000334,sample_trader_204,2026-08-03T13:00:32+00:00,Weak breadth and downside risk in #sensex today,weak breadth and downside risk in #sensex today,6,54,422,27817,15,,sensex,sensex,True,497
sample-0000335,sample_trader_296,2026-08-03T12:32:23+00:00,Weak breadth and downside risk in #sensex today,weak breadth and downside risk in #sensex today,4,72,436,63664,10,,sensex,sensex,True,522
sample-0000336,sample_trader_321,2026-08-04T04:50:29+00:00,"#intraday long setup confirmed, upside possible after consolidation","#intraday long setup confirmed, upside possible after consolidation",25,58,8,16334,5,,intraday,intraday,True,96
sample-0000337,sample_trader_353,2026-08-04T01:06:02+00:00,"#NIFTY50 breakout above support, looking bullish with target 24500","#nifty50 breakout above support, looking bullish with target 24500",29,16,451,39616,5,,nifty50,nifty50,True,501
sample-0000338,sample_trader_185,2026-08-03T08:38:02+00:00,"Bank Nifty में गिरावट, sell on rise setup #banknifty","bank nifty में गिरावट, sell on rise setup #banknifty",8,10,190,21745,1,,banknifty,banknifty,True,209
sample-0000339,sample_trader_336,2026-08-03T16:50:20+00:00,#intraday short setup; avoid aggressive buying in this volatility,#intraday short setup; avoid aggressive buying in this volatility,2,12,0,28023,15,nseindia,intraday,intraday,True,29
sample-0000340,sample_trader_349,2026-08-03T13:33:16+00:00,Watching option chain and market breadth before taking a trade #banknifty,watching option chain and market breadth before taking a trade #banknifty,14,1,4,45082,3,,banknifty,banknifty,True,22
sample-0000341,sample_trader_37,2026-08-03T15:04:27+00:00,#intraday short setup; avoid aggressive buying in this volatility,#intraday short setup; avoid aggressive buying in this volatility,7,49,45,13475,3,,intraday,intraday,True,104
sample-0000342,sample_trader_397,2026-08-03T18:31:56+00:00,#intraday short setup; avoid aggressive buying in this volatility,#intraday short setup; avoid aggressive buying in this volatility,26,17,328,18774,2,,intraday,intraday,True,373
sample-0000343,sample_trader_180,2026-08-03T16:26:36+00:00,"#NIFTY50 breakout above support, looking bullish with target 24500","#nifty50 breakout above support, looking bullish with target 24500",23,27,321,19890,13,,nifty50,nifty50,True,384
sample-0000344,sample_trader_52,2026-08-04T05:18:38+00:00,#NIFTY50 trading in a range; waiting for confirmation,#nifty50 trading in a range; waiting for confirmation,4,15,301,50385,11,,nifty50,nifty50,True,331
sample-0000345,sample_trader_142,2026-08-03T23:26:43+00:00,"#NIFTY50 breakdown below support, bearish pressure increasing","#nifty50 breakdown below support, bearish pressure increasing",20,10,127,72584,19,,nifty50,nifty50,True,176
sample-0000346,sample_trader_338,2026-08-04T07:29:25+00:00,"No clear setup in #sensex yet, risk management is important","no clear setup in #sensex yet, risk management is important",28,38,105,67912,19,,sensex,sensex,True,190
sample-0000347,sample_trader_28,2026-08-03T08:56:26+00:00,"Bank Nifty में गिरावट, sell on rise setup #banknifty","bank nifty में गिरावट, sell on rise setup #banknifty",25,30,253,50628,3,,banknifty,banknifty,True,311
sample-0000348,sample_trader_7,2026-08-03T13:13:57+00:00,SURE SHOT multibagger guaranteed double money #intraday,sure shot multibagger guaranteed double money #intraday,11,40,67,50753,18,,intraday,intraday,True,136
sample-0000349,sample_trader_395,2026-08-03T15:19:04+00:00,"No clear setup in #sensex yet, risk management is important","no clear setup in #sensex yet, risk management is important",2,2,300,8901,0,,sensex,sensex,True,304
sample-0000350,sample_trader_260,2026-08-03T17:58:37+00:00,Accumulating quality stocks on dips. Market looks strong #sensex,accumulating quality stocks on dips. market looks strong #sensex,9,80,364,65723,13,,sensex,sensex,True,466
sample-0000351,sample_trader_275,2026-08-03T09:08:44+00:00,"Bank Nifty में गिरावट, sell on rise setup #banknifty","bank nifty में गिरावट, sell on rise setup #banknifty",17,78,78,36418,2,,banknifty,banknifty,True,175
sample-0000352,sample_trader_275,2026-08-04T02:48:35+00:00,#NIFTY50 trading in a range; waiting for confirmation,#nifty50 trading in a range; waiting for confirmation,10,50,300,8715,9,,nifty50,nifty50,True,369
sample-0000353,sample_trader_45,2026-08-03T23:33:56+00:00,"#intraday long setup confirmed, upside possible after consolidation","#intraday long setup confirmed, upside possible after consolidation",29,55,59,59474,19,,intraday,intraday,True,162
sample-0000354,sample_trader_7,2026-08-04T04:07:05+00:00,#intraday short setup; avoid aggressive buying in this volatility,#intraday short setup; avoid aggressive buying in this volatility,22,17,359,1537,5,,intraday,intraday,True,403
sample-0000355,sample_trader_191,2026-08-04T02:23:16+00:00,Weak breadth and downside risk in #sensex today,weak breadth and downside risk in #sensex today,4,34,375,15523,0,,sensex,sensex,True,413
sample-0000356,sample_trader_33,2026-08-03T13:23:38+00:00,#intraday short setup; avoid aggressive buying in this volatility,#intraday short setup; avoid aggressive buying in this volatility,8,73,321,10151,15,,intraday,intraday,True,417
sample-0000357,sample_trader_291,2026-08-03T14:16:36+00:00,#intraday short setup; avoid aggressive buying in this volatility,#intraday short setup; avoid aggressive buying in this volatility,5,47,80,33488,3,,intraday,intraday,True,135
sample-0000358,sample_trader_2,2026-08-03T13:56:28+00:00,"#intraday long setup confirmed, upside possible after consolidation","#intraday long setup confirmed, upside possible after consolidation",1,1,125,6076,15,,intraday,intraday,True,142
sample-0000359,sample_trader_284,2026-08-04T07:10:45+00:00,"Bank Nifty में तेजी, buyers are strong today #banknifty","bank nifty में तेजी, buyers are strong today #banknifty",25,53,114,42229,7,,banknifty,banknifty,True,199
sample-0000360,sample_trader_293,2026-08-04T05:37:52+00:00,"#NIFTY50 breakdown below support, bearish pressure increasing","#nifty50 breakdown below support, bearish pressure increasing",11,15,257,6953,5,,nifty50,nifty50,True,288
sample-0000361,sample_trader_36,2026-08-03T17:52:10+00:00,Watching option chain and market breadth before taking a trade #banknifty,watching option chain and market breadth before taking a trade #banknifty,28,59,443,37052,9,,banknifty,banknifty,True,539
sample-0000362,sample_trader_189,2026-08-04T08:10:36+00:00,#intraday levels posted for educational discussion only,#intraday levels posted for educational discussion only,6,37,288,39884,19,,intraday,intraday,True,350
sample-0000363,sample_trader_376,2026-08-04T01:21:06+00:00,#intraday short setup; avoid aggressive buying in this volatility,#intraday short setup; avoid aggressive buying in this volatility,28,69,389,32179,4,nseindia,intraday,intraday,True,490
sample-0000364,sample_trader_278,2026-08-03T23:59:01+00:00,Weak breadth and downside risk in #sensex today,weak breadth and downside risk in #sensex today,11,1,486,43961,0,,sensex,sensex,True,498
sample-0000365,sample_trader_106,2026-08-04T04:40:56+00:00,"#NIFTY50 breakdown below support, bearish pressure increasing","#nifty50 breakdown below support, bearish pressure increasing",16,30,214,64541,1,,nifty50,nifty50,True,261
sample-0000366,sample_trader_23,2026-08-04T05:04:47+00:00,"Bank Nifty में तेजी, buyers are strong today #banknifty","bank nifty में तेजी, buyers are strong today #banknifty",29,29,459,68175,13,,banknifty,banknifty,True,530
sample-0000367,sample_trader_298,2026-08-04T05:22:32+00:00,#intraday short setup; avoid aggressive buying in this volatility,#intraday short setup; avoid aggressive buying in this volatility,3,64,68,51738,2,,intraday,intraday,True,137
sample-0000368,sample_trader_122,2026-08-04T03:42:28+00:00,"#intraday long setup confirmed, upside possible after consolidation","#intraday long setup confirmed, upside possible after consolidation",9,33,435,41338,12,,intraday,intraday,True,489
sample-0000369,sample_trader_140,2026-08-03T15:58:57+00:00,"#NIFTY50 breakdown below support, bearish pressure increasing","#nifty50 breakdown below support, bearish pressure increasing",7,9,483,26619,4,,nifty50,nifty50,True,503
sample-0000370,sample_trader_55,2026-08-04T02:48:31+00:00,Watching option chain and market breadth before taking a trade #banknifty,watching option chain and market breadth before taking a trade #banknifty,5,57,238,41210,13,,banknifty,banknifty,True,313
sample-0000371,sample_trader_158,2026-08-03T16:00:47+00:00,Weak breadth and downside risk in #sensex today,weak breadth and downside risk in #sensex today,14,33,436,15767,2,,sensex,sensex,True,485
sample-0000372,sample_trader_168,2026-08-04T00:38:17+00:00,#intraday short setup; avoid aggressive buying in this volatility,#intraday short setup; avoid aggressive buying in this volatility,4,11,364,32584,11,,intraday,intraday,True,390
sample-0000373,sample_trader_420,2026-08-03T22:59:40+00:00,"#intraday long setup confirmed, upside possible after consolidation","#intraday long setup confirmed, upside possible after consolidation",5,3,487,53054,14,,intraday,intraday,True,509
sample-0000374,sample_trader_237,2026-08-04T05:01:05+00:00,#intraday levels posted for educational discussion only,#intraday levels posted for educational discussion only,3,17,62,1617,1,,intraday,intraday,True,83
sample-0000375,sample_trader_206,2026-08-04T01:15:11+00:00,Accumulating quality stocks on dips. Market looks strong #sensex,accumulating quality stocks on dips. market looks strong #sensex,11,80,480,11065,18,,sensex,sensex,True,589
sample-0000376,sample_trader_102,2026-08-04T06:07:10+00:00,"#NIFTY50 breakout above support, looking bullish with target 24500","#nifty50 breakout above support, looking bullish with target 24500",28,56,414,16930,2,,nifty50,nifty50,True,500
sample-0000377,sample_trader_237,2026-08-04T06:54:44+00:00,"Bank Nifty में गिरावट, sell on rise setup #banknifty","bank nifty में गिरावट, sell on rise setup #banknifty",1,21,473,75270,13,,banknifty,banknifty,True,508
sample-0000378,sample_trader_196,2026-08-04T07:23:36+00:00,"Bank Nifty में गिरावट, sell on rise setup #banknifty","bank nifty में गिरावट, sell on rise setup #banknifty",21,54,88,46442,6,,banknifty,banknifty,True,169
sample-0000379,sample_trader_77,2026-08-03T16:13:41+00:00,"Bank Nifty में गिरावट, sell on rise setup #banknifty","bank nifty में गिरावट, sell on rise setup #banknifty",1,78,317,32265,20,,banknifty,banknifty,True,416
sample-0000380,sample_trader_45,2026-08-04T06:14:48+00:00,Weak breadth and downside risk in #sensex today,weak breadth and downside risk in #sensex today,8,49,70,54999,6,,sensex,sensex,True,133
sample-0000381,sample_trader_411,2026-08-03T09:30:06+00:00,Watching option chain and market breadth before taking a trade #banknifty,watching option chain and market breadth before taking a trade #banknifty,17,2,195,47119,15,,banknifty,banknifty,True,229
sample-0000382,sample_trader_258,2026-08-03T11:52:19+00:00,#intraday levels posted for educational discussion only,#intraday levels posted for educational discussion only,10,49,138,23618,0,,intraday,intraday,True,197
sample-0000383,sample_trader_30,2026-08-03T22:14:18+00:00,Accumulating quality stocks on dips. Market looks strong #sensex,accumulating quality stocks on dips. market looks strong #sensex,25,60,271,46899,18,,sensex,sensex,True,374
sample-0000384,sample_trader_337,2026-08-03T23:26:33+00:00,Accumulating quality stocks on dips. Market looks strong #sensex,accumulating quality stocks on dips. market looks strong #sensex,7,34,273,7378,7,,sensex,sensex,True,321
sample-0000385,sample_trader_91,2026-08-04T02:08:32+00:00,"#NIFTY50 breakdown below support, bearish pressure increasing","#nifty50 breakdown below support, bearish pressure increasing",7,75,162,47076,18,nseindia,nifty50,nifty50,True,262
sample-0000386,sample_trader_97,2026-08-03T11:57:53+00:00,Weak breadth and downside risk in #sensex today,weak breadth and downside risk in #sensex today,26,63,277,40558,5,,sensex,sensex,True,371
sample-0000387,sample_trader_309,2026-08-03T23:59:50+00:00,"Bank Nifty में तेजी, buyers are strong today #banknifty","bank nifty में तेजी, buyers are strong today #banknifty",7,2,269,62700,0,,banknifty,banknifty,True,278
sample-0000388,sample_trader_175,2026-08-04T03:42:57+00:00,#intraday levels posted for educational discussion only,#intraday levels posted for educational discussion only,22,22,470,42463,1,nseindia,intraday,intraday,True,515
sample-0000389,sample_trader_270,2026-08-04T04:25:42+00:00,Watching option chain and market breadth before taking a trade #banknifty,watching option chain and market breadth before taking a trade #banknifty,27,46,491,9556,11,,banknifty,banknifty,True,575
sample-0000390,sample_trader_155,2026-08-03T20:12:47+00:00,"Bank Nifty में गिरावट, sell on rise setup #banknifty","bank nifty में गिरावट, sell on rise setup #banknifty",10,17,499,20694,13,,banknifty,banknifty,True,539
sample-0000391,sample_trader_363,2026-08-04T02:07:27+00:00,#intraday levels posted for educational discussion only,#intraday levels posted for educational discussion only,30,71,355,46819,7,,intraday,intraday,True,463
sample-0000392,sample_trader_376,2026-08-03T21:17:45+00:00,"#intraday long setup confirmed, upside possible after consolidation","#intraday long setup confirmed, upside possible after consolidation",22,37,65,23342,0,,intraday,intraday,True,124
sample-0000393,sample_trader_17,2026-08-03T11:48:19+00:00,#NIFTY50 trading in a range; waiting for confirmation,#nifty50 trading in a range; waiting for confirmation,5,77,162,29003,20,,nifty50,nifty50,True,264
sample-0000394,sample_trader_382,2026-08-03T20:24:34+00:00,#intraday levels posted for educational discussion only,#intraday levels posted for educational discussion only,2,30,177,41929,5,,intraday,intraday,True,214
sample-0000395,sample_trader_6,2026-08-03T16:12:20+00:00,"Bank Nifty में तेजी, buyers are strong today #banknifty","bank nifty में तेजी, buyers are strong today #banknifty",8,26,127,8935,11,,banknifty,banknifty,True,172
sample-0000396,sample_trader_198,2026-08-04T06:42:50+00:00,Accumulating quality stocks on dips. Market looks strong #sensex,accumulating quality stocks on dips. market looks strong #sensex,14,53,496,21852,13,,sensex,sensex,True,576
sample-0000397,sample_trader_193,2026-08-03T12:35:12+00:00,"#NIFTY50 breakdown below support, bearish pressure increasing","#nifty50 breakdown below support, bearish pressure increasing",3,61,403,75816,20,,nifty50,nifty50,True,487
sample-0000398,sample_trader_38,2026-08-03T16:02:09+00:00,Accumulating quality stocks on dips. Market looks strong #sensex,accumulating quality stocks on dips. market looks strong #sensex,25,4,150,2681,10,,sensex,sensex,True,189
sample-0000399,sample_trader_88,2026-08-03T20:01:19+00:00,Accumulating quality stocks on dips. Market looks strong #sensex,accumulating quality stocks on dips. market looks strong #sensex,28,48,82,9880,17,,sensex,sensex,True,175
sample-0000400,sample_trader_315,2026-08-03T10:50:20+00:00,"Bank Nifty में तेजी, buyers are strong today #banknifty","bank nifty में तेजी, buyers are strong today #banknifty",28,61,360,4112,13,,banknifty,banknifty,True,462
sample-0000401,sample_trader_28,2026-08-04T02:44:49+00:00,Accumulating quality stocks on dips. Market looks strong #sensex,accumulating quality stocks on dips. market looks strong #sensex,3,42,105,24951,13,,sensex,sensex,True,163
sample-0000402,sample_trader_153,2026-08-03T22:13:01+00:00,"No clear setup in #sensex yet, risk management is important","no clear setup in #sensex yet, risk management is important",7,12,25,51548,18,,sensex,sensex,True,62
sample-0000403,sample_trader_185,2026-08-04T06:28:56+00:00,#intraday levels posted for educational discussion only,#intraday levels posted for educational discussion only,0,54,44,38657,20,,intraday,intraday,True,118
sample-0000404,sample_trader_106,2026-08-04T07:31:47+00:00,"#NIFTY50 breakout above support, looking bullish with target 24500","#nifty50 breakout above support, looking bullish with target 24500",5,37,500,10789,15,,nifty50,nifty50,True,557
sample-0000405,sample_trader_251,2026-08-03T15:19:13+00:00,#intraday short setup; avoid aggressive buying in this volatility,#intraday short setup; avoid aggressive buying in this volatility,28,33,46,71369,12,,intraday,intraday,True,119
sample-0000406,sample_trader_229,2026-08-04T01:40:25+00:00,"#NIFTY50 breakdown below support, bearish pressure increasing","#nifty50 breakdown below support, bearish pressure increasing",1,33,225,61006,8,,nifty50,nifty50,True,267
sample-0000407,sample_trader_386,2026-08-04T02:57:52+00:00,"Bank Nifty में गिरावट, sell on rise setup #banknifty","bank nifty में गिरावट, sell on rise setup #banknifty",22,12,43,45111,17,,banknifty,banknifty,True,94
sample-0000408,sample_trader_32,2026-08-03T12:18:39+00:00,Watching option chain and market breadth before taking a trade #banknifty,watching option chain and market breadth before taking a trade #banknifty,26,49,419,68545,13,,banknifty,banknifty,True,507
sample-0000409,sample_trader_154,2026-08-03T15:07:36+00:00,"No clear setup in #sensex yet, risk management is important","no clear setup in #sensex yet, risk management is important",2,50,462,4601,16,,sensex,sensex,True,530
sample-0000410,sample_trader_388,2026-08-04T04:05:15+00:00,Watching option chain and market breadth before taking a trade #banknifty,watching option chain and market breadth before taking a trade #banknifty,14,22,485,21960,6,,banknifty,banknifty,True,527
sample-0000411,sample_trader_41,2026-08-03T17:03:08+00:00,"#NIFTY50 breakout above support, looking bullish with target 24500","#nifty50 breakout above support, looking bullish with target 24500",21,55,103,19432,19,,nifty50,nifty50,True,198
sample-0000412,sample_trader_285,2026-08-03T18:20:12+00:00,"#NIFTY50 breakout above support, looking bullish with target 24500","#nifty50 breakout above support, looking bullish with target 24500",12,70,166,36252,16,,nifty50,nifty50,True,264
sample-0000413,sample_trader_213,2026-08-04T04:22:12+00:00,"#NIFTY50 breakout above support, looking bullish with target 24500","#nifty50 breakout above support, looking bullish with target 24500",4,18,290,77111,18,,nifty50,nifty50,True,330
sample-0000414,sample_trader_400,2026-08-03T11:58:48+00:00,Accumulating quality stocks on dips. Market looks strong #sensex,accumulating quality stocks on dips. market looks strong #sensex,3,36,444,70256,11,,sensex,sensex,True,494
sample-0000415,sample_trader_249,2026-08-03T08:37:36+00:00,"#NIFTY50 breakdown below support, bearish pressure increasing","#nifty50 breakdown below support, bearish pressure increasing",18,77,242,4960,5,,nifty50,nifty50,True,342
sample-0000416,sample_trader_203,2026-08-04T07:03:17+00:00,"Bank Nifty में तेजी, buyers are strong today #banknifty","bank nifty में तेजी, buyers are strong today #banknifty",28,42,353,31189,1,,banknifty,banknifty,True,424
sample-0000417,sample_trader_173,2026-08-04T07:43:49+00:00,"Bank Nifty में गिरावट, sell on rise setup #banknifty","bank nifty में गिरावट, sell on rise setup #banknifty",26,38,159,36795,15,,banknifty,banknifty,True,238
sample-0000418,sample_trader_154,2026-08-04T03:34:26+00:00,Accumulating quality stocks on dips. Market looks strong #sensex,accumulating quality stocks on dips. market looks strong #sensex,23,56,396,42106,8,,sensex,sensex,True,483
sample-0000419,sample_trader_227,2026-08-04T01:37:27+00:00,"No clear setup in #sensex yet, risk management is important","no clear setup in #sensex yet, risk management is important",6,52,379,63549,16,,sensex,sensex,True,453
sample-0000420,sample_trader_160,2026-08-04T06:04:40+00:00,"#intraday long setup confirmed, upside possible after consolidation","#intraday long setup confirmed, upside possible after consolidation",22,64,206,17829,16,,intraday,intraday,True,308
sample-0000421,sample_trader_103,2026-08-04T01:26:55+00:00,"Bank Nifty में तेजी, buyers are strong today #banknifty","bank nifty में तेजी, buyers are strong today #banknifty",26,7,127,4384,14,nseindia,banknifty,banknifty,True,174
sample-0000422,sample_trader_189,2026-08-03T22:29:30+00:00,#intraday short setup; avoid aggressive buying in this volatility,#intraday short setup; avoid aggressive buying in this volatility,26,59,258,52078,20,,intraday,intraday,True,363
sample-0000423,sample_trader_251,2026-08-03T18:54:21+00:00,"Bank Nifty में तेजी, buyers are strong today #banknifty","bank nifty में तेजी, buyers are strong today #banknifty",19,57,90,62254,18,,banknifty,banknifty,True,184
sample-0000424,sample_trader_384,2026-08-03T23:02:57+00:00,Weak breadth and downside risk in #sensex today,weak breadth and downside risk in #sensex today,26,11,145,3647,12,nseindia,sensex,sensex,True,194
sample-0000425,sample_trader_332,2026-08-04T00:24:28+00:00,#NIFTY50 trading in a range; waiting for confirmation,#nifty50 trading in a range; waiting for confirmation,7,26,137,53724,16,nseindia,nifty50,nifty50,True,186
sample-0000426,sample_trader_332,2026-08-04T03:38:58+00:00,"#NIFTY50 breakout above support, looking bullish with target 24500","#nifty50 breakout above support, looking bullish with target 24500",5,76,410,1159,7,,nifty50,nifty50,True,498
sample-0000427,sample_trader_193,2026-08-03T17:02:11+00:00,#intraday short setup; avoid aggressive buying in this volatility,#intraday short setup; avoid aggressive buying in this volatility,27,44,235,33079,6,,intraday,intraday,True,312
sample-0000428,sample_trader_53,2026-08-03T11:11:11+00:00,Watching option chain and market breadth before taking a trade #banknifty,watching option chain and market breadth before taking a trade #banknifty,0,65,339,49101,17,,banknifty,banknifty,True,421
sample-0000429,sample_trader_351,2026-08-03T21:35:59+00:00,"No clear setup in #sensex yet, risk management is important","no clear setup in #sensex yet, risk management is important",3,61,32,44127,8,,sensex,sensex,True,104
sample-0000430,sample_trader_365,2026-08-03T08:34:42+00:00,"Bank Nifty में गिरावट, sell on rise setup #banknifty","bank nifty में गिरावट, sell on rise setup #banknifty",30,38,96,19701,16,,banknifty,banknifty,True,180
sample-0000431,sample_trader_349,2026-08-03T20:49:52+00:00,"#intraday long setup confirmed, upside possible after consolidation","#intraday long setup confirmed, upside possible after consolidation",4,3,335,65241,9,,intraday,intraday,True,351
sample-0000432,sample_trader_378,2026-08-03T18:19:49+00:00,Weak breadth and downside risk in #sensex today,weak breadth and downside risk in #sensex today,1,74,362,75028,6,,sensex,sensex,True,443
sample-0000433,sample_trader_260,2026-08-03T19:24:52+00:00,Accumulating quality stocks on dips. Market looks strong #sensex,accumulating quality stocks on dips. market looks strong #sensex,9,21,430,73220,5,,sensex,sensex,True,465
sample-0000434,sample_trader_372,2026-08-03T23:02:58+00:00,"No clear setup in #sensex yet, risk management is important","no clear setup in #sensex yet, risk management is important",25,71,390,24045,10,,sensex,sensex,True,496
sample-0000435,sample_trader_382,2026-08-04T00:20:08+00:00,Accumulating quality stocks on dips. Market looks strong #sensex,accumulating quality stocks on dips. market looks strong #sensex,27,39,215,43476,11,,sensex,sensex,True,292
sample-0000436,sample_trader_241,2026-08-04T04:10:43+00:00,Weak breadth and downside risk in #sensex today,weak breadth and downside risk in #sensex today,1,74,297,9384,15,,sensex,sensex,True,387
sample-0000437,sample_trader_272,2026-08-03T18:34:14+00:00,#NIFTY50 trading in a range; waiting for confirmation,#nifty50 trading in a range; waiting for confirmation,9,52,27,19812,4,,nifty50,nifty50,True,92
sample-0000438,sample_trader_235,2026-08-03T11:44:08+00:00,"Bank Nifty में गिरावट, sell on rise setup #banknifty","bank nifty में गिरावट, sell on rise setup #banknifty",4,40,441,23689,2,,banknifty,banknifty,True,487
sample-0000439,sample_trader_325,2026-08-03T21:03:21+00:00,SURE SHOT multibagger guaranteed double money #intraday,sure shot multibagger guaranteed double money #intraday,1,0,231,35901,6,,intraday,intraday,True,238
sample-0000440,sample_trader_403,2026-08-03T14:38:31+00:00,Accumulating quality stocks on dips. Market looks strong #sensex,accumulating quality stocks on dips. market looks strong #sensex,24,11,66,56897,20,,sensex,sensex,True,121
sample-0000441,sample_trader_3,2026-08-03T18:30:38+00:00,#intraday short setup; avoid aggressive buying in this volatility,#intraday short setup; avoid aggressive buying in this volatility,1,68,102,48953,0,,intraday,intraday,True,171
sample-0000442,sample_trader_347,2026-08-04T07:48:52+00:00,Watching option chain and market breadth before taking a trade #banknifty,watching option chain and market breadth before taking a trade #banknifty,0,80,375,32663,7,,banknifty,banknifty,True,462
sample-0000443,sample_trader_53,2026-08-04T03:46:21+00:00,Weak breadth and downside risk in #sensex today,weak breadth and downside risk in #sensex today,12,64,301,40173,5,nseindia,sensex,sensex,True,382
sample-0000444,sample_trader_234,2026-08-03T21:52:41+00:00,Accumulating quality stocks on dips. Market looks strong #sensex,accumulating quality stocks on dips. market looks strong #sensex,23,66,305,68747,10,,sensex,sensex,True,404
sample-0000445,sample_trader_184,2026-08-03T14:37:12+00:00,"#NIFTY50 breakout above support, looking bullish with target 24500","#nifty50 breakout above support, looking bullish with target 24500",24,24,84,52923,0,,nifty50,nifty50,True,132
sample-0000446,sample_trader_302,2026-08-04T07:40:08+00:00,"#NIFTY50 breakout above support, looking bullish with target 24500","#nifty50 breakout above support, looking bullish with target 24500",16,21,63,48099,20,,nifty50,nifty50,True,120
sample-0000447,sample_trader_320,2026-08-03T12:59:52+00:00,"#NIFTY50 breakdown below support, bearish pressure increasing","#nifty50 breakdown below support, bearish pressure increasing",1,76,24,14220,20,,nifty50,nifty50,True,121
sample-0000448,sample_trader_228,2026-08-03T17:17:33+00:00,"#intraday long setup confirmed, upside possible after consolidation","#intraday long setup confirmed, upside possible after consolidation",12,15,280,33176,15,,intraday,intraday,True,322
sample-0000449,sample_trader_216,2026-08-03T21:30:13+00:00,"Bank Nifty में तेजी, buyers are strong today #banknifty","bank nifty में तेजी, buyers are strong today #banknifty",21,12,339,68247,8,,banknifty,banknifty,True,380
sample-0000450,sample_trader_262,2026-08-04T04:38:49+00:00,"#NIFTY50 breakout above support, looking bullish with target 24500","#nifty50 breakout above support, looking bullish with target 24500",23,79,60,37104,3,,nifty50,nifty50,True,165
sample-0000451,sample_trader_103,2026-08-03T10:17:37+00:00,#intraday levels posted for educational discussion only,#intraday levels posted for educational discussion only,24,33,425,68619,6,,intraday,intraday,True,488
sample-0000452,sample_trader_21,2026-08-04T02:37:40+00:00,Weak breadth and downside risk in #sensex today,weak breadth and downside risk in #sensex today,17,63,466,27272,15,,sensex,sensex,True,561
sample-0000453,sample_trader_57,2026-08-04T05:13:35+00:00,"#NIFTY50 breakout above support, looking bullish with target 24500","#nifty50 breakout above support, looking bullish with target 24500",26,73,342,64813,4,,nifty50,nifty50,True,445
sample-0000454,sample_trader_132,2026-08-04T04:46:44+00:00,#NIFTY50 trading in a range; waiting for confirmation,#nifty50 trading in a range; waiting for confirmation,20,29,233,38850,8,,nifty50,nifty50,True,290
sample-0000455,sample_trader_149,2026-08-04T07:01:50+00:00,Accumulating quality stocks on dips. Market looks strong #sensex,accumulating quality stocks on dips. market looks strong #sensex,11,40,218,15241,3,,sensex,sensex,True,272
sample-0000456,sample_trader_340,2026-08-04T03:25:41+00:00,Accumulating quality stocks on dips. Market looks strong #sensex,accumulating quality stocks on dips. market looks strong #sensex,20,21,168,46911,14,,sensex,sensex,True,223
sample-0000457,sample_trader_418,2026-08-03T18:54:00+00:00,"Bank Nifty में गिरावट, sell on rise setup #banknifty","bank nifty में गिरावट, sell on rise setup #banknifty",10,23,58,52580,12,,banknifty,banknifty,True,103
sample-0000458,sample_trader_410,2026-08-03T15:03:16+00:00,"Bank Nifty में गिरावट, sell on rise setup #banknifty","bank nifty में गिरावट, sell on rise setup #banknifty",13,21,57,17418,1,,banknifty,banknifty,True,92
sample-0000459,sample_trader_303,2026-08-03T17:19:11+00:00,Accumulating quality stocks on dips. Market looks strong #sensex,accumulating quality stocks on dips. market looks strong #sensex,15,72,347,57480,5,,sensex,sensex,True,439
sample-0000460,sample_trader_248,2026-08-04T03:42:35+00:00,Weak breadth and downside risk in #sensex today,weak breadth and downside risk in #sensex today,29,62,57,53957,14,nseindia,sensex,sensex,True,162
sample-0000461,sample_trader_361,2026-08-04T08:01:00+00:00,"#NIFTY50 breakdown below support, bearish pressure increasing","#nifty50 breakdown below support, bearish pressure increasing",27,67,392,75632,18,,nifty50,nifty50,True,504
sample-0000462,sample_trader_339,2026-08-03T16:42:26+00:00,"Bank Nifty में गिरावट, sell on rise setup #banknifty","bank nifty में गिरावट, sell on rise setup #banknifty",23,31,246,45368,20,,banknifty,banknifty,True,320
sample-0000463,sample_trader_330,2026-08-04T08:02:34+00:00,#intraday levels posted for educational discussion only,#intraday levels posted for educational discussion only,29,20,258,61560,15,,intraday,intraday,True,322
sample-0000464,sample_trader_124,2026-08-03T20:47:34+00:00,"#NIFTY50 breakout above support, looking bullish with target 24500","#nifty50 breakout above support, looking bullish with target 24500",10,35,25,66494,7,,nifty50,nifty50,True,77
sample-0000465,sample_trader_41,2026-08-03T23:54:39+00:00,"#NIFTY50 breakdown below support, bearish pressure increasing","#nifty50 breakdown below support, bearish pressure increasing",14,56,410,75158,14,,nifty50,nifty50,True,494
sample-0000466,sample_trader_61,2026-08-03T20:57:34+00:00,#intraday levels posted for educational discussion only,#intraday levels posted for educational discussion only,15,2,52,52929,13,nseindia,intraday,intraday,True,82
sample-0000467,sample_trader_406,2026-08-04T05:09:27+00:00,#intraday levels posted for educational discussion only,#intraday levels posted for educational discussion only,19,79,326,39974,16,,intraday,intraday,True,440
sample-0000468,sample_trader_187,2026-08-03T20:03:24+00:00,Operator stock upper circuit fixed target 100% #sensex,operator stock upper circuit fixed target 100% #sensex,26,6,418,29268,14,,sensex,sensex,True,464
sample-0000469,sample_trader_187,2026-08-03T08:32:24+00:00,#intraday levels posted for educational discussion only,#intraday levels posted for educational discussion only,22,57,58,12821,7,nseindia,intraday,intraday,True,144
sample-0000470,sample_trader_268,2026-08-03T12:31:34+00:00,Weak breadth and downside risk in #sensex today,weak breadth and downside risk in #sensex today,11,13,23,21566,15,,sensex,sensex,True,62
sample-0000471,sample_trader_313,2026-08-03T23:12:30+00:00,Weak breadth and downside risk in #sensex today,weak breadth and downside risk in #sensex today,6,24,61,51547,6,,sensex,sensex,True,97
sample-0000472,sample_trader_388,2026-08-04T04:32:35+00:00,"#NIFTY50 breakout above support, looking bullish with target 24500","#nifty50 breakout above support, looking bullish with target 24500",13,5,474,77226,3,,nifty50,nifty50,True,495
sample-0000473,sample_trader_302,2026-08-03T08:29:35+00:00,#NIFTY50 trading in a range; waiting for confirmation,#nifty50 trading in a range; waiting for confirmation,30,64,68,65432,0,,nifty50,nifty50,True,162
sample-0000474,sample_trader_248,2026-08-03T11:09:48+00:00,"#intraday long setup confirmed, upside possible after consolidation","#intraday long setup confirmed, upside possible after consolidation",29,65,399,23276,18,,intraday,intraday,True,511
sample-0000475,sample_trader_337,2026-08-03T18:21:42+00:00,"#NIFTY50 breakout above support, looking bullish with target 24500","#nifty50 breakout above support, looking bullish with target 24500",19,77,451,42234,16,,nifty50,nifty50,True,563
sample-0000476,sample_trader_204,2026-08-03T22:30:20+00:00,Weak breadth and downside risk in #sensex today,weak breadth and downside risk in #sensex today,30,43,496,38607,14,,sensex,sensex,True,583
sample-0000477,sample_trader_359,2026-08-03T10:31:46+00:00,"#NIFTY50 breakout above support, looking bullish with target 24500","#nifty50 breakout above support, looking bullish with target 24500",28,65,153,71852,10,,nifty50,nifty50,True,256
sample-0000478,sample_trader_108,2026-08-04T01:09:10+00:00,#intraday levels posted for educational discussion only,#intraday levels posted for educational discussion only,19,37,351,45308,4,,intraday,intraday,True,411
sample-0000479,sample_trader_278,2026-08-03T14:07:14+00:00,Operator stock upper circuit fixed target 100% #sensex,operator stock upper circuit fixed target 100% #sensex,22,41,363,15176,11,,sensex,sensex,True,437
sample-0000480,sample_trader_147,2026-08-03T13:01:41+00:00,Watching option chain and market breadth before taking a trade #banknifty,watching option chain and market breadth before taking a trade #banknifty,28,54,413,1723,16,,banknifty,banknifty,True,511
sample-0000481,sample_trader_344,2026-08-04T06:32:05+00:00,"#NIFTY50 breakdown below support, bearish pressure increasing","#nifty50 breakdown below support, bearish pressure increasing",1,25,136,21144,9,,nifty50,nifty50,True,171
sample-0000482,sample_trader_105,2026-08-03T21:43:16+00:00,"Bank Nifty में तेजी, buyers are strong today #banknifty","bank nifty में तेजी, buyers are strong today #banknifty",24,69,16,47063,14,,banknifty,banknifty,True,123
sample-0000483,sample_trader_288,2026-08-03T08:54:21+00:00,#intraday levels posted for educational discussion only,#intraday levels posted for educational discussion only,12,30,261,37751,1,,intraday,intraday,True,304
sample-0000484,sample_trader_283,2026-08-03T21:05:00+00:00,"#NIFTY50 breakdown below support, bearish pressure increasing","#nifty50 breakdown below support, bearish pressure increasing",1,1,380,32993,6,,nifty50,nifty50,True,388
sample-0000485,sample_trader_361,2026-08-03T09:23:29+00:00,#NIFTY50 trading in a range; waiting for confirmation,#nifty50 trading in a range; waiting for confirmation,22,47,386,77170,17,,nifty50,nifty50,True,472
sample-0000486,sample_trader_230,2026-08-03T21:45:22+00:00,"#NIFTY50 breakout above support, looking bullish with target 24500","#nifty50 breakout above support, looking bullish with target 24500",5,9,95,22829,16,,nifty50,nifty50,True,125
sample-0000487,sample_trader_285,2026-08-03T22:18:17+00:00,Accumulating quality stocks on dips. Market looks strong #sensex,accumulating quality stocks on dips. market looks strong #sensex,8,16,82,76594,8,nseindia,sensex,sensex,True,114
sample-0000488,sample_trader_79,2026-08-04T07:00:45+00:00,Watching option chain and market breadth before taking a trade #banknifty,watching option chain and market breadth before taking a trade #banknifty,29,41,305,6715,20,,banknifty,banknifty,True,395
sample-0000489,sample_trader_282,2026-08-03T11:36:59+00:00,#intraday short setup; avoid aggressive buying in this volatility,#intraday short setup; avoid aggressive buying in this volatility,11,9,401,41712,16,,intraday,intraday,True,437
sample-0000490,sample_trader_82,2026-08-03T14:04:31+00:00,"#intraday long setup confirmed, upside possible after consolidation","#intraday long setup confirmed, upside possible after consolidation",13,69,274,52926,2,,intraday,intraday,True,358
sample-0000491,sample_trader_185,2026-08-03T20:24:47+00:00,"Bank Nifty में तेजी, buyers are strong today #banknifty","bank nifty में तेजी, buyers are strong today #banknifty",9,27,486,69583,15,,banknifty,banknifty,True,537
sample-0000492,sample_trader_343,2026-08-04T04:17:24+00:00,Operator stock upper circuit fixed target 100% #sensex,operator stock upper circuit fixed target 100% #sensex,11,57,123,32008,1,,sensex,sensex,True,192
sample-0000493,sample_trader_198,2026-08-04T04:20:20+00:00,"#NIFTY50 breakdown below support, bearish pressure increasing","#nifty50 breakdown below support, bearish pressure increasing",8,69,370,37120,0,,nifty50,nifty50,True,447
sample-0000494,sample_trader_23,2026-08-03T14:44:34+00:00,#intraday short setup; avoid aggressive buying in this volatility,#intraday short setup; avoid aggressive buying in this volatility,9,24,164,67407,2,,intraday,intraday,True,199
sample-0000495,sample_trader_34,2026-08-03T09:38:27+00:00,Accumulating quality stocks on dips. Market looks strong #sensex,accumulating quality stocks on dips. market looks strong #sensex,6,80,396,27991,13,,sensex,sensex,True,495
sample-0000496,sample_trader_419,2026-08-03T08:55:34+00:00,"Bank Nifty में तेजी, buyers are strong today #banknifty","bank nifty में तेजी, buyers are strong today #banknifty",30,9,382,20202,0,,banknifty,banknifty,True,421
sample-0000497,sample_trader_38,2026-08-04T05:16:49+00:00,"Bank Nifty में गिरावट, sell on rise setup #banknifty","bank nifty में गिरावट, sell on rise setup #banknifty",1,22,406,33068,17,nseindia,banknifty,banknifty,True,446
sample-0000498,sample_trader_199,2026-08-03T17:37:31+00:00,Accumulating quality stocks on dips. Market looks strong #sensex,accumulating quality stocks on dips. market looks strong #sensex,14,80,207,56807,10,nseindia,sensex,sensex,True,311
sample-0000499,sample_trader_369,2026-08-03T09:06:48+00:00,"#intraday long setup confirmed, upside possible after consolidation","#intraday long setup confirmed, upside possible after consolidation",19,8,387,76806,1,,intraday,intraday,True,415
sample-0000500,sample_trader_55,2026-08-03T14:09:33+00:00,"#NIFTY50 breakout above support, looking bullish with target 24500","#nifty50 breakout above support, looking bullish with target 24500",9,38,310,11388,9,,nifty50,nifty50,True,366
sample-0000501,sample_trader_339,2026-08-03T18:04:52+00:00,#NIFTY50 trading in a range; waiting for confirmation,#nifty50 trading in a range; waiting for confirmation,0,60,80,69972,7,,nifty50,nifty50,True,147
sample-0000502,sample_trader_74,2026-08-03T09:22:55+00:00,"Bank Nifty में गिरावट, sell on rise setup #banknifty","bank nifty में गिरावट, sell on rise setup #banknifty",9,47,490,1511,17,,banknifty,banknifty,True,563
sample-0000503,sample_trader_3,2026-08-04T06:56:45+00:00,"Bank Nifty में तेजी, buyers are strong today #banknifty","bank nifty में तेजी, buyers are strong today #banknifty",18,76,201,70455,17,,banknifty,banknifty,True,312
sample-0000504,sample_trader_109,2026-08-03T19:56:51+00:00,#intraday short setup; avoid aggressive buying in this volatility,#intraday short setup; avoid aggressive buying in this volatility,13,65,72,21146,5,,intraday,intraday,True,155
sample-0000505,sample_trader_93,2026-08-04T04:17:37+00:00,"#NIFTY50 breakdown below support, bearish pressure increasing","#nifty50 breakdown below support, bearish pressure increasing",21,72,436,7178,17,,nifty50,nifty50,True,546
sample-0000506,sample_trader_344,2026-08-03T21:53:04+00:00,#intraday levels posted for educational discussion only,#intraday levels posted for educational discussion only,2,32,50,25925,18,,intraday,intraday,True,102
sample-0000507,sample_trader_344,2026-08-04T03:47:55+00:00,"Bank Nifty में गिरावट, sell on rise setup #banknifty","bank nifty में गिरावट, sell on rise setup #banknifty",20,30,51,37423,19,nseindia,banknifty,banknifty,True,120
sample-0000508,sample_trader_231,2026-08-03T14:46:38+00:00,"#NIFTY50 breakout above support, looking bullish with target 24500","#nifty50 breakout above support, looking bullish with target 24500",10,78,337,40115,18,,nifty50,nifty50,True,443
sample-0000509,sample_trader_220,2026-08-03T20:56:58+00:00,#NIFTY50 trading in a range; waiting for confirmation,#nifty50 trading in a range; waiting for confirmation,5,0,160,32316,7,,nifty50,nifty50,True,172
sample-0000510,sample_trader_185,2026-08-03T22:23:36+00:00,Operator stock upper circuit fixed target 100% #sensex,operator stock upper circuit fixed target 100% #sensex,4,42,449,62958,14,,sensex,sensex,True,509
sample-0000511,sample_trader_56,2026-08-03T12:22:52+00:00,#intraday short setup; avoid aggressive buying in this volatility,#intraday short setup; avoid aggressive buying in this volatility,5,77,41,36830,4,,intraday,intraday,True,127
sample-0000512,sample_trader_40,2026-08-03T09:39:08+00:00,"#NIFTY50 breakout above support, looking bullish with target 24500","#nifty50 breakout above support, looking bullish with target 24500",23,9,456,2491,16,,nifty50,nifty50,True,504
sample-0000513,sample_trader_109,2026-08-03T10:59:03+00:00,Watching option chain and market breadth before taking a trade #banknifty,watching option chain and market breadth before taking a trade #banknifty,29,4,282,34209,17,,banknifty,banknifty,True,332
sample-0000514,sample_trader_397,2026-08-03T08:39:31+00:00,"No clear setup in #sensex yet, risk management is important","no clear setup in #sensex yet, risk management is important",4,46,200,29319,18,,sensex,sensex,True,268
sample-0000515,sample_trader_257,2026-08-03T15:32:51+00:00,Weak breadth and downside risk in #sensex today,weak breadth and downside risk in #sensex today,16,11,203,47742,16,nseindia,sensex,sensex,True,246
sample-0000516,sample_trader_72,2026-08-03T13:44:52+00:00,"#intraday long setup confirmed, upside possible after consolidation","#intraday long setup confirmed, upside possible after consolidation",14,20,91,74283,18,,intraday,intraday,True,143
sample-0000517,sample_trader_21,2026-08-03T19:24:12+00:00,"Bank Nifty में तेजी, buyers are strong today #banknifty","bank nifty में तेजी, buyers are strong today #banknifty",7,62,118,8289,8,,banknifty,banknifty,True,195
sample-0000518,sample_trader_406,2026-08-03T13:36:40+00:00,Accumulating quality stocks on dips. Market looks strong #sensex,accumulating quality stocks on dips. market looks strong #sensex,11,49,240,59641,1,nseindia,sensex,sensex,True,301
sample-0000519,sample_trader_361,2026-08-04T04:42:31+00:00,Operator stock upper circuit fixed target 100% #sensex,operator stock upper circuit fixed target 100% #sensex,30,66,324,35897,8,,sensex,sensex,True,428
sample-0000520,sample_trader_335,2026-08-03T18:45:11+00:00,#NIFTY50 trading in a range; waiting for confirmation,#nifty50 trading in a range; waiting for confirmation,12,46,300,10252,16,,nifty50,nifty50,True,374
sample-0000521,sample_trader_419,2026-08-03T19:37:05+00:00,Accumulating quality stocks on dips. Market looks strong #sensex,accumulating quality stocks on dips. market looks strong #sensex,27,44,249,63241,19,nseindia,sensex,sensex,True,339
sample-0000522,sample_trader_118,2026-08-04T02:26:14+00:00,"#NIFTY50 breakout above support, looking bullish with target 24500","#nifty50 breakout above support, looking bullish with target 24500",2,65,329,36856,6,,nifty50,nifty50,True,402
sample-0000523,sample_trader_368,2026-08-03T10:32:52+00:00,Accumulating quality stocks on dips. Market looks strong #sensex,accumulating quality stocks on dips. market looks strong #sensex,26,15,338,30241,13,,sensex,sensex,True,392
sample-0000524,sample_trader_246,2026-08-03T15:02:01+00:00,"#intraday long setup confirmed, upside possible after consolidation","#intraday long setup confirmed, upside possible after consolidation",6,75,82,53907,0,,intraday,intraday,True,163
sample-0000525,sample_trader_323,2026-08-04T03:33:42+00:00,"#NIFTY50 breakout above support, looking bullish with target 24500","#nifty50 breakout above support, looking bullish with target 24500",16,5,456,75058,4,nseindia,nifty50,nifty50,True,481
sample-0000526,sample_trader_208,2026-08-03T13:39:23+00:00,"#NIFTY50 breakdown below support, bearish pressure increasing","#nifty50 breakdown below support, bearish pressure increasing",19,72,326,2490,9,,nifty50,nifty50,True,426
sample-0000527,sample_trader_242,2026-08-03T10:23:02+00:00,"Bank Nifty में तेजी, buyers are strong today #banknifty","bank nifty में तेजी, buyers are strong today #banknifty",27,61,87,28802,13,,banknifty,banknifty,True,188
sample-0000528,sample_trader_338,2026-08-03T09:46:35+00:00,Watching option chain and market breadth before taking a trade #banknifty,watching option chain and market breadth before taking a trade #banknifty,16,33,85,44964,14,,banknifty,banknifty,True,148
sample-0000529,sample_trader_198,2026-08-03T18:41:48+00:00,"#NIFTY50 breakout above support, looking bullish with target 24500","#nifty50 breakout above support, looking bullish with target 24500",4,13,8,26572,16,,nifty50,nifty50,True,41
sample-0000530,sample_trader_311,2026-08-04T03:01:17+00:00,#NIFTY50 trading in a range; waiting for confirmation,#nifty50 trading in a range; waiting for confirmation,3,22,243,78668,1,,nifty50,nifty50,True,269
sample-0000531,sample_trader_247,2026-08-04T05:04:26+00:00,"No clear setup in #sensex yet, risk management is important","no clear setup in #sensex yet, risk management is important",21,16,461,79148,17,,sensex,sensex,True,515
sample-0000532,sample_trader_216,2026-08-03T13:27:35+00:00,Operator stock upper circuit fixed target 100% #sensex,operator stock upper circuit fixed target 100% #sensex,11,5,357,69494,13,,sensex,sensex,True,386
sample-0000533,sample_trader_302,2026-08-03T19:42:17+00:00,"No clear setup in #sensex yet, risk management is important","no clear setup in #sensex yet, risk management is important",25,73,50,55819,4,,sensex,sensex,True,152
sample-0000534,sample_trader_307,2026-08-03T22:09:12+00:00,Accumulating quality stocks on dips. Market looks strong #sensex,accumulating quality stocks on dips. market looks strong #sensex,28,69,209,33841,6,nseindia,sensex,sensex,True,312
sample-0000535,sample_trader_4,2026-08-03T13:32:34+00:00,"#NIFTY50 breakout above support, looking bullish with target 24500","#nifty50 breakout above support, looking bullish with target 24500",12,26,352,41455,13,,nifty50,nifty50,True,403
sample-0000536,sample_trader_300,2026-08-03T08:44:37+00:00,"Bank Nifty में तेजी, buyers are strong today #banknifty","bank nifty में तेजी, buyers are strong today #banknifty",8,33,437,70318,13,,banknifty,banknifty,True,491
sample-0000537,sample_trader_387,2026-08-03T17:59:45+00:00,#intraday levels posted for educational discussion only,#intraday levels posted for educational discussion only,6,52,282,73130,15,,intraday,intraday,True,355
sample-0000538,sample_trader_158,2026-08-03T23:13:37+00:00,#intraday levels posted for educational discussion only,#intraday levels posted for educational discussion only,18,44,396,52233,4,,intraday,intraday,True,462
sample-0000539,sample_trader_401,2026-08-03T16:12:24+00:00,"#intraday long setup confirmed, upside possible after consolidation","#intraday long setup confirmed, upside possible after consolidation",22,20,51,28159,16,,intraday,intraday,True,109
sample-0000540,sample_trader_200,2026-08-04T02:36:52+00:00,"Bank Nifty में गिरावट, sell on rise setup #banknifty","bank nifty में गिरावट, sell on rise setup #banknifty",30,0,411,11989,4,,banknifty,banknifty,True,445
sample-0000541,sample_trader_33,2026-08-04T05:15:28+00:00,"No clear setup in #sensex yet, risk management is important","no clear setup in #sensex yet, risk management is important",8,28,189,10540,19,nseindia,sensex,sensex,True,244
sample-0000542,sample_trader_336,2026-08-03T10:06:47+00:00,"#NIFTY50 breakdown below support, bearish pressure increasing","#nifty50 breakdown below support, bearish pressure increasing",16,36,364,78361,1,,nifty50,nifty50,True,417
sample-0000543,sample_trader_6,2026-08-03T16:29:04+00:00,"#intraday long setup confirmed, upside possible after consolidation","#intraday long setup confirmed, upside possible after consolidation",6,66,146,25575,1,,intraday,intraday,True,219
sample-0000544,sample_trader_87,2026-08-03T10:04:06+00:00,#NIFTY50 trading in a range; waiting for confirmation,#nifty50 trading in a range; waiting for confirmation,21,4,184,31409,20,nseindia,nifty50,nifty50,True,229
sample-0000545,sample_trader_400,2026-08-03T22:25:13+00:00,Accumulating quality stocks on dips. Market looks strong #sensex,accumulating quality stocks on dips. market looks strong #sensex,12,45,342,51842,12,,sensex,sensex,True,411
sample-0000546,sample_trader_47,2026-08-04T05:58:07+00:00,Watching option chain and market breadth before taking a trade #banknifty,watching option chain and market breadth before taking a trade #banknifty,17,36,371,73334,18,,banknifty,banknifty,True,442
sample-0000547,sample_trader_100,2026-08-03T10:23:23+00:00,"Bank Nifty में गिरावट, sell on rise setup #banknifty","bank nifty में गिरावट, sell on rise setup #banknifty",14,51,294,659,8,,banknifty,banknifty,True,367
sample-0000548,sample_trader_38,2026-08-03T12:07:40+00:00,#NIFTY50 trading in a range; waiting for confirmation,#nifty50 trading in a range; waiting for confirmation,16,37,174,15386,16,,nifty50,nifty50,True,243
sample-0000549,sample_trader_194,2026-08-03T16:20:46+00:00,"No clear setup in #sensex yet, risk management is important","no clear setup in #sensex yet, risk management is important",18,61,394,31936,10,,sensex,sensex,True,483
sample-0000550,sample_trader_15,2026-08-03T11:06:04+00:00,Watching option chain and market breadth before taking a trade #banknifty,watching option chain and market breadth before taking a trade #banknifty,15,14,132,8904,12,,banknifty,banknifty,True,173
sample-0000551,sample_trader_212,2026-08-03T20:58:17+00:00,Accumulating quality stocks on dips. Market looks strong #sensex,accumulating quality stocks on dips. market looks strong #sensex,30,45,264,70258,0,,sensex,sensex,True,339
sample-0000552,sample_trader_48,2026-08-03T22:00:25+00:00,"#NIFTY50 breakdown below support, bearish pressure increasing","#nifty50 breakdown below support, bearish pressure increasing",12,43,38,72736,5,,nifty50,nifty50,True,98
sample-0000553,sample_trader_138,2026-08-03T11:34:43+00:00,Weak breadth and downside risk in #sensex today,weak breadth and downside risk in #sensex today,5,24,255,26220,7,,sensex,sensex,True,291
sample-0000554,sample_trader_104,2026-08-04T00:07:18+00:00,"#NIFTY50 breakdown below support, bearish pressure increasing","#nifty50 breakdown below support, bearish pressure increasing",26,31,428,46715,4,,nifty50,nifty50,True,489
sample-0000555,sample_trader_315,2026-08-03T14:31:46+00:00,"#intraday long setup confirmed, upside possible after consolidation","#intraday long setup confirmed, upside possible after consolidation",0,69,490,5589,15,,intraday,intraday,True,574
sample-0000556,sample_trader_141,2026-08-03T11:32:57+00:00,"#NIFTY50 breakdown below support, bearish pressure increasing","#nifty50 breakdown below support, bearish pressure increasing",15,23,391,67045,8,,nifty50,nifty50,True,437
sample-0000557,sample_trader_270,2026-08-04T06:29:43+00:00,#NIFTY50 trading in a range; waiting for confirmation,#nifty50 trading in a range; waiting for confirmation,25,54,244,70929,1,,nifty50,nifty50,True,324
sample-0000558,sample_trader_62,2026-08-03T15:49:15+00:00,"Bank Nifty में गिरावट, sell on rise setup #banknifty","bank nifty में गिरावट, sell on rise setup #banknifty",22,66,235,41423,0,nseindia,banknifty,banknifty,True,323
sample-0000559,sample_trader_52,2026-08-03T11:18:47+00:00,"Bank Nifty में तेजी, buyers are strong today #banknifty","bank nifty में तेजी, buyers are strong today #banknifty",10,46,313,34089,5,,banknifty,banknifty,True,374
sample-0000560,sample_trader_314,2026-08-03T15:18:20+00:00,"#intraday long setup confirmed, upside possible after consolidation","#intraday long setup confirmed, upside possible after consolidation",10,46,94,65424,13,,intraday,intraday,True,163
sample-0000561,sample_trader_144,2026-08-03T17:52:54+00:00,#intraday short setup; avoid aggressive buying in this volatility,#intraday short setup; avoid aggressive buying in this volatility,14,23,292,17238,18,,intraday,intraday,True,347
sample-0000562,sample_trader_285,2026-08-03T23:52:53+00:00,Accumulating quality stocks on dips. Market looks strong #sensex,accumulating quality stocks on dips. market looks strong #sensex,13,48,100,19166,4,,sensex,sensex,True,165
sample-0000563,sample_trader_256,2026-08-03T17:07:11+00:00,"#NIFTY50 breakout above support, looking bullish with target 24500","#nifty50 breakout above support, looking bullish with target 24500",4,80,264,70040,10,,nifty50,nifty50,True,358
sample-0000564,sample_trader_291,2026-08-03T12:00:00+00:00,#intraday short setup; avoid aggressive buying in this volatility,#intraday short setup; avoid aggressive buying in this volatility,1,50,50,21459,1,,intraday,intraday,True,102
sample-0000565,sample_trader_50,2026-08-03T09:32:03+00:00,"#NIFTY50 breakdown below support, bearish pressure increasing","#nifty50 breakdown below support, bearish pressure increasing",14,42,133,47362,11,,nifty50,nifty50,True,200
sample-0000566,sample_trader_211,2026-08-04T07:44:41+00:00,"#NIFTY50 breakdown below support, bearish pressure increasing","#nifty50 breakdown below support, bearish pressure increasing",3,44,444,79424,6,,nifty50,nifty50,True,497
sample-0000567,sample_trader_182,2026-08-03T22:06:16+00:00,Operator stock upper circuit fixed target 100% #sensex,operator stock upper circuit fixed target 100% #sensex,10,65,249,58630,2,,sensex,sensex,True,326
sample-0000568,sample_trader_75,2026-08-03T09:28:01+00:00,Weak breadth and downside risk in #sensex today,weak breadth and downside risk in #sensex today,27,21,327,44272,13,,sensex,sensex,True,388
sample-0000569,sample_trader_41,2026-08-04T05:52:09+00:00,#NIFTY50 trading in a range; waiting for confirmation,#nifty50 trading in a range; waiting for confirmation,5,43,116,41138,10,,nifty50,nifty50,True,174
sample-0000570,sample_trader_228,2026-08-03T22:35:27+00:00,"Bank Nifty में गिरावट, sell on rise setup #banknifty","bank nifty में गिरावट, sell on rise setup #banknifty",24,46,382,76978,16,,banknifty,banknifty,True,468
sample-0000571,sample_trader_12,2026-08-04T01:46:18+00:00,Weak breadth and downside risk in #sensex today,weak breadth and downside risk in #sensex today,4,30,338,33033,2,,sensex,sensex,True,374
sample-0000572,sample_trader_33,2026-08-04T04:59:16+00:00,"Bank Nifty में गिरावट, sell on rise setup #banknifty","bank nifty में गिरावट, sell on rise setup #banknifty",29,60,280,7105,0,,banknifty,banknifty,True,369
sample-0000573,sample_trader_135,2026-08-04T04:40:58+00:00,Watching option chain and market breadth before taking a trade #banknifty,watching option chain and market breadth before taking a trade #banknifty,19,19,43,51147,9,,banknifty,banknifty,True,90
sample-0000574,sample_trader_65,2026-08-03T09:39:26+00:00,Weak breadth and downside risk in #sensex today,weak breadth and downside risk in #sensex today,4,67,429,22411,0,nseindia,sensex,sensex,True,500
sample-0000575,sample_trader_240,2026-08-03T15:07:50+00:00,Weak breadth and downside risk in #sensex today,weak breadth and downside risk in #sensex today,27,69,478,35755,17,,sensex,sensex,True,591
sample-0000576,sample_trader_306,2026-08-03T10:57:19+00:00,"No clear setup in #sensex yet, risk management is important","no clear setup in #sensex yet, risk management is important",14,80,383,73972,13,,sensex,sensex,True,490
sample-0000577,sample_trader_247,2026-08-03T19:49:36+00:00,SURE SHOT multibagger guaranteed double money #intraday,sure shot multibagger guaranteed double money #intraday,17,29,412,11788,14,,intraday,intraday,True,472
sample-0000578,sample_trader_156,2026-08-04T02:47:50+00:00,Weak breadth and downside risk in #sensex today,weak breadth and downside risk in #sensex today,0,0,267,17915,11,,sensex,sensex,True,278
sample-0000579,sample_trader_387,2026-08-03T14:33:22+00:00,"No clear setup in #sensex yet, risk management is important","no clear setup in #sensex yet, risk management is important",15,38,4,56468,9,,sensex,sensex,True,66
sample-0000580,sample_trader_211,2026-08-04T01:36:04+00:00,"#NIFTY50 breakout above support, looking bullish with target 24500","#nifty50 breakout above support, looking bullish with target 24500",28,71,223,51790,7,,nifty50,nifty50,True,329
sample-0000581,sample_trader_113,2026-08-03T18:41:28+00:00,Operator stock upper circuit fixed target 100% #sensex,operator stock upper circuit fixed target 100% #sensex,8,10,216,31449,16,,sensex,sensex,True,250
sample-0000582,sample_trader_333,2026-08-03T22:06:07+00:00,#intraday levels posted for educational discussion only,#intraday levels posted for educational discussion only,23,68,414,35285,13,,intraday,intraday,True,518
sample-0000583,sample_trader_149,2026-08-04T03:29:33+00:00,"#NIFTY50 breakout above support, looking bullish with target 24500","#nifty50 breakout above support, looking bullish with target 24500",3,58,316,59395,8,,nifty50,nifty50,True,385
sample-0000584,sample_trader_10,2026-08-03T20:47:33+00:00,#intraday levels posted for educational discussion only,#intraday levels posted for educational discussion only,4,6,496,70169,0,,intraday,intraday,True,506
sample-0000585,sample_trader_65,2026-08-03T22:39:57+00:00,Accumulating quality stocks on dips. Market looks strong #sensex,accumulating quality stocks on dips. market looks strong #sensex,22,56,372,1125,7,,sensex,sensex,True,457
sample-0000586,sample_trader_176,2026-08-04T00:33:33+00:00,"#NIFTY50 breakout above support, looking bullish with target 24500","#nifty50 breakout above support, looking bullish with target 24500",13,39,402,65375,11,,nifty50,nifty50,True,465
sample-0000587,sample_trader_385,2026-08-04T05:32:45+00:00,Accumulating quality stocks on dips. Market looks strong #sensex,accumulating quality stocks on dips. market looks strong #sensex,30,18,28,34981,12,nseindia,sensex,sensex,True,88
sample-0000588,sample_trader_129,2026-08-04T01:28:09+00:00,"No clear setup in #sensex yet, risk management is important","no clear setup in #sensex yet, risk management is important",26,48,424,1703,3,,sensex,sensex,True,501
sample-0000589,sample_trader_127,2026-08-03T16:20:21+00:00,"#intraday long setup confirmed, upside possible after consolidation","#intraday long setup confirmed, upside possible after consolidation",23,4,101,60452,3,,intraday,intraday,True,131
sample-0000590,sample_trader_349,2026-08-03T18:17:57+00:00,"Bank Nifty में तेजी, buyers are strong today #banknifty","bank nifty में तेजी, buyers are strong today #banknifty",30,39,479,42394,5,,banknifty,banknifty,True,553
sample-0000591,sample_trader_247,2026-08-03T23:14:38+00:00,Accumulating quality stocks on dips. Market looks strong #sensex,accumulating quality stocks on dips. market looks strong #sensex,20,38,101,47291,1,,sensex,sensex,True,160
sample-0000592,sample_trader_325,2026-08-03T23:52:32+00:00,"Bank Nifty में तेजी, buyers are strong today #banknifty","bank nifty में तेजी, buyers are strong today #banknifty",13,41,7,21986,8,,banknifty,banknifty,True,69
sample-0000593,sample_trader_22,2026-08-04T08:08:30+00:00,"Bank Nifty में गिरावट, sell on rise setup #banknifty","bank nifty में गिरावट, sell on rise setup #banknifty",18,60,352,78196,4,,banknifty,banknifty,True,434
sample-0000594,sample_trader_256,2026-08-04T02:43:31+00:00,"Bank Nifty में तेजी, buyers are strong today #banknifty","bank nifty में तेजी, buyers are strong today #banknifty",2,79,173,7921,1,,banknifty,banknifty,True,255
sample-0000595,sample_trader_250,2026-08-04T03:53:08+00:00,"Bank Nifty में तेजी, buyers are strong today #banknifty","bank nifty में तेजी, buyers are strong today #banknifty",7,40,285,45573,14,,banknifty,banknifty,True,346
sample-0000596,sample_trader_371,2026-08-03T19:25:35+00:00,"Bank Nifty में तेजी, buyers are strong today #banknifty","bank nifty में तेजी, buyers are strong today #banknifty",4,32,460,5225,15,,banknifty,banknifty,True,511
sample-0000597,sample_trader_357,2026-08-03T12:42:23+00:00,#intraday levels posted for educational discussion only,#intraday levels posted for educational discussion only,15,24,290,24511,17,,intraday,intraday,True,346
sample-0000598,sample_trader_284,2026-08-03T10:40:10+00:00,Watching option chain and market breadth before taking a trade #banknifty,watching option chain and market breadth before taking a trade #banknifty,5,8,271,20369,14,,banknifty,banknifty,True,298
sample-0000599,sample_trader_1,2026-08-03T15:56:03+00:00,"#NIFTY50 breakdown below support, bearish pressure increasing","#nifty50 breakdown below support, bearish pressure increasing",24,64,194,24368,0,,nifty50,nifty50,True,282
sample-0000600,sample_trader_370,2026-08-03T20:47:26+00:00,#intraday short setup; avoid aggressive buying in this volatility,#intraday short setup; avoid aggressive buying in this volatility,2,68,419,50839,6,,intraday,intraday,True,495
sample-0000601,sample_trader_145,2026-08-03T10:08:48+00:00,#intraday levels posted for educational discussion only,#intraday levels posted for educational discussion only,10,52,328,42258,3,,intraday,intraday,True,393
sample-0000602,sample_trader_92,2026-08-04T03:44:31+00:00,"#NIFTY50 breakout above support, looking bullish with target 24500","#nifty50 breakout above support, looking bullish with target 24500",27,4,103,14081,15,,nifty50,nifty50,True,149
sample-0000603,sample_trader_251,2026-08-03T08:30:45+00:00,Accumulating quality stocks on dips. Market looks strong #sensex,accumulating quality stocks on dips. market looks strong #sensex,16,79,359,77421,8,nseindia,sensex,sensex,True,462
sample-0000604,sample_trader_107,2026-08-04T07:59:25+00:00,Accumulating quality stocks on dips. Market looks strong #sensex,accumulating quality stocks on dips. market looks strong #sensex,20,62,475,10530,14,,sensex,sensex,True,571
sample-0000605,sample_trader_381,2026-08-03T12:09:00+00:00,"#intraday long setup confirmed, upside possible after consolidation","#intraday long setup confirmed, upside possible after consolidation",30,53,420,48424,1,,intraday,intraday,True,504
sample-0000606,sample_trader_156,2026-08-04T05:54:15+00:00,"Bank Nifty में गिरावट, sell on rise setup #banknifty","bank nifty में गिरावट, sell on rise setup #banknifty",2,27,491,68139,3,,banknifty,banknifty,True,523
sample-0000607,sample_trader_99,2026-08-04T01:34:08+00:00,Accumulating quality stocks on dips. Market looks strong #sensex,accumulating quality stocks on dips. market looks strong #sensex,16,31,291,23498,17,,sensex,sensex,True,355
sample-0000608,sample_trader_296,2026-08-03T09:12:55+00:00,Weak breadth and downside risk in #sensex today,weak breadth and downside risk in #sensex today,11,58,359,56027,3,,sensex,sensex,True,431
sample-0000609,sample_trader_173,2026-08-03T14:05:29+00:00,"#intraday long setup confirmed, upside possible after consolidation","#intraday long setup confirmed, upside possible after consolidation",21,20,273,78682,14,,intraday,intraday,True,328
sample-0000610,sample_trader_212,2026-08-03T18:55:58+00:00,"#NIFTY50 breakdown below support, bearish pressure increasing","#nifty50 breakdown below support, bearish pressure increasing",24,55,422,42445,19,,nifty50,nifty50,True,520
sample-0000611,sample_trader_393,2026-08-03T18:48:40+00:00,"No clear setup in #sensex yet, risk management is important","no clear setup in #sensex yet, risk management is important",17,32,184,59347,14,,sensex,sensex,True,247
sample-0000612,sample_trader_306,2026-08-03T22:06:33+00:00,"#NIFTY50 breakout above support, looking bullish with target 24500","#nifty50 breakout above support, looking bullish with target 24500",0,66,69,39612,0,,nifty50,nifty50,True,135
sample-0000613,sample_trader_12,2026-08-03T21:00:05+00:00,Accumulating quality stocks on dips. Market looks strong #sensex,accumulating quality stocks on dips. market looks strong #sensex,24,35,470,72619,16,,sensex,sensex,True,545
sample-0000614,sample_trader_20,2026-08-04T05:02:02+00:00,#NIFTY50 trading in a range; waiting for confirmation,#nifty50 trading in a range; waiting for confirmation,14,45,79,18191,8,,nifty50,nifty50,True,146
sample-0000615,sample_trader_132,2026-08-03T23:59:01+00:00,Watching option chain and market breadth before taking a trade #banknifty,watching option chain and market breadth before taking a trade #banknifty,25,38,47,74824,12,,banknifty,banknifty,True,122
sample-0000616,sample_trader_406,2026-08-03T20:38:42+00:00,"Bank Nifty में तेजी, buyers are strong today #banknifty","bank nifty में तेजी, buyers are strong today #banknifty",15,22,249,75577,3,,banknifty,banknifty,True,289
sample-0000617,sample_trader_196,2026-08-03T11:29:06+00:00,#intraday short setup; avoid aggressive buying in this volatility,#intraday short setup; avoid aggressive buying in this volatility,2,7,471,43879,11,,intraday,intraday,True,491
sample-0000618,sample_trader_395,2026-08-04T04:04:41+00:00,#intraday short setup; avoid aggressive buying in this volatility,#intraday short setup; avoid aggressive buying in this volatility,7,77,475,1548,20,,intraday,intraday,True,579
sample-0000619,sample_trader_269,2026-08-03T21:22:12+00:00,"#NIFTY50 breakdown below support, bearish pressure increasing","#nifty50 breakdown below support, bearish pressure increasing",1,40,276,74094,4,,nifty50,nifty50,True,321
sample-0000620,sample_trader_345,2026-08-04T06:37:39+00:00,Accumulating quality stocks on dips. Market looks strong #sensex,accumulating quality stocks on dips. market looks strong #sensex,23,50,497,58457,19,,sensex,sensex,True,589
sample-0000621,sample_trader_149,2026-08-03T16:44:26+00:00,"Bank Nifty में तेजी, buyers are strong today #banknifty","bank nifty में तेजी, buyers are strong today #banknifty",25,50,75,17376,10,,banknifty,banknifty,True,160
sample-0000622,sample_trader_205,2026-08-03T12:30:33+00:00,#NIFTY50 trading in a range; waiting for confirmation,#nifty50 trading in a range; waiting for confirmation,8,10,204,65824,13,,nifty50,nifty50,True,235
sample-0000623,sample_trader_287,2026-08-03T14:57:25+00:00,"#NIFTY50 breakout above support, looking bullish with target 24500","#nifty50 breakout above support, looking bullish with target 24500",6,62,202,74935,6,,nifty50,nifty50,True,276
sample-0000624,sample_trader_37,2026-08-03T23:38:40+00:00,Watching option chain and market breadth before taking a trade #banknifty,watching option chain and market breadth before taking a trade #banknifty,8,55,165,75549,2,,banknifty,banknifty,True,230
sample-0000625,sample_trader_179,2026-08-03T19:10:04+00:00,Weak breadth and downside risk in #sensex today,weak breadth and downside risk in #sensex today,6,41,176,77890,20,nseindia,sensex,sensex,True,243
sample-0000626,sample_trader_316,2026-08-03T19:44:02+00:00,#intraday short setup; avoid aggressive buying in this volatility,#intraday short setup; avoid aggressive buying in this volatility,26,56,319,19162,14,nseindia,intraday,intraday,True,415
sample-0000627,sample_trader_80,2026-08-03T18:51:23+00:00,Accumulating quality stocks on dips. Market looks strong #sensex,accumulating quality stocks on dips. market looks strong #sensex,24,10,57,7198,7,,sensex,sensex,True,98
sample-0000628,sample_trader_176,2026-08-04T07:58:00+00:00,"Bank Nifty में तेजी, buyers are strong today #banknifty","bank nifty में तेजी, buyers are strong today #banknifty",22,14,156,59040,15,nseindia,banknifty,banknifty,True,207
sample-0000629,sample_trader_280,2026-08-04T01:02:48+00:00,"Bank Nifty में तेजी, buyers are strong today #banknifty","bank nifty में तेजी, buyers are strong today #banknifty",16,33,280,63361,19,,banknifty,banknifty,True,348
sample-0000630,sample_trader_299,2026-08-03T18:45:18+00:00,"Bank Nifty में तेजी, buyers are strong today #banknifty","bank nifty में तेजी, buyers are strong today #banknifty",28,67,22,33533,5,nseindia,banknifty,banknifty,True,122
sample-0000631,sample_trader_239,2026-08-04T06:32:03+00:00,"#NIFTY50 breakout above support, looking bullish with target 24500","#nifty50 breakout above support, looking bullish with target 24500",20,1,34,50990,8,,nifty50,nifty50,True,63
sample-0000632,sample_trader_150,2026-08-04T07:46:20+00:00,#intraday short setup; avoid aggressive buying in this volatility,#intraday short setup; avoid aggressive buying in this volatility,27,49,118,49949,16,,intraday,intraday,True,210
sample-0000633,sample_trader_306,2026-08-03T14:49:15+00:00,Accumulating quality stocks on dips. Market looks strong #sensex,accumulating quality stocks on dips. market looks strong #sensex,17,11,95,26116,16,,sensex,sensex,True,139
sample-0000634,sample_trader_127,2026-08-04T07:01:10+00:00,#intraday levels posted for educational discussion only,#intraday levels posted for educational discussion only,29,67,156,43771,15,,intraday,intraday,True,267
sample-0000635,sample_trader_351,2026-08-03T19:50:27+00:00,Accumulating quality stocks on dips. Market looks strong #sensex,accumulating quality stocks on dips. market looks strong #sensex,11,45,320,39676,7,,sensex,sensex,True,383
sample-0000636,sample_trader_321,2026-08-04T06:12:33+00:00,#NIFTY50 trading in a range; waiting for confirmation,#nifty50 trading in a range; waiting for confirmation,8,49,455,3912,17,,nifty50,nifty50,True,529
sample-0000637,sample_trader_202,2026-08-03T20:01:22+00:00,Accumulating quality stocks on dips. Market looks strong #sensex,accumulating quality stocks on dips. market looks strong #sensex,21,17,44,50146,16,,sensex,sensex,True,98
sample-0000638,sample_trader_124,2026-08-03T17:16:20+00:00,#intraday levels posted for educational discussion only,#intraday levels posted for educational discussion only,18,19,218,40994,19,,intraday,intraday,True,274
sample-0000639,sample_trader_335,2026-08-04T00:56:20+00:00,"No clear setup in #sensex yet, risk management is important","no clear setup in #sensex yet, risk management is important",4,74,277,26567,4,,sensex,sensex,True,359
sample-0000640,sample_trader_395,2026-08-03T16:48:31+00:00,Watching option chain and market breadth before taking a trade #banknifty,watching option chain and market breadth before taking a trade #banknifty,4,72,469,20765,10,nseindia,banknifty,banknifty,True,555
sample-0000641,sample_trader_163,2026-08-04T01:45:46+00:00,"No clear setup in #sensex yet, risk management is important","no clear setup in #sensex yet, risk management is important",26,18,372,3914,10,,sensex,sensex,True,426
sample-0000642,sample_trader_227,2026-08-03T21:25:20+00:00,Weak breadth and downside risk in #sensex today,weak breadth and downside risk in #sensex today,23,35,77,24682,3,,sensex,sensex,True,138
sample-0000643,sample_trader_291,2026-08-03T10:25:03+00:00,"Bank Nifty में तेजी, buyers are strong today #banknifty","bank nifty में तेजी, buyers are strong today #banknifty",19,29,305,30482,7,,banknifty,banknifty,True,360
sample-0000644,sample_trader_69,2026-08-03T15:06:51+00:00,Weak breadth and downside risk in #sensex today,weak breadth and downside risk in #sensex today,16,77,240,49065,5,,sensex,sensex,True,338
sample-0000645,sample_trader_84,2026-08-04T03:27:36+00:00,#intraday levels posted for educational discussion only,#intraday levels posted for educational discussion only,6,28,16,53604,0,,intraday,intraday,True,50
sample-0000646,sample_trader_388,2026-08-04T01:04:55+00:00,Weak breadth and downside risk in #sensex today,weak breadth and downside risk in #sensex today,6,8,90,57627,19,,sensex,sensex,True,123
sample-0000647,sample_trader_219,2026-08-03T23:28:54+00:00,"#NIFTY50 breakdown below support, bearish pressure increasing","#nifty50 breakdown below support, bearish pressure increasing",12,5,311,49906,10,,nifty50,nifty50,True,338
sample-0000648,sample_trader_56,2026-08-03T13:30:38+00:00,#NIFTY50 trading in a range; waiting for confirmation,#nifty50 trading in a range; waiting for confirmation,14,58,423,5609,7,,nifty50,nifty50,True,502
sample-0000649,sample_trader_199,2026-08-03T12:09:42+00:00,"Bank Nifty में गिरावट, sell on rise setup #banknifty","bank nifty में गिरावट, sell on rise setup #banknifty",16,80,492,6511,6,,banknifty,banknifty,True,594
sample-0000650,sample_trader_237,2026-08-03T22:03:25+00:00,"Bank Nifty में गिरावट, sell on rise setup #banknifty","bank nifty में गिरावट, sell on rise setup #banknifty",5,54,150,7199,16,,banknifty,banknifty,True,225
sample-0000651,sample_trader_370,2026-08-04T05:10:26+00:00,Watching option chain and market breadth before taking a trade #banknifty,watching option chain and market breadth before taking a trade #banknifty,16,14,92,76785,17,,banknifty,banknifty,True,139
sample-0000652,sample_trader_13,2026-08-03T16:03:02+00:00,Weak breadth and downside risk in #sensex today,weak breadth and downside risk in #sensex today,5,58,302,26517,14,,sensex,sensex,True,379
sample-0000653,sample_trader_47,2026-08-04T03:58:07+00:00,"#NIFTY50 breakdown below support, bearish pressure increasing","#nifty50 breakdown below support, bearish pressure increasing",3,57,324,47621,2,,nifty50,nifty50,True,386
sample-0000654,sample_trader_282,2026-08-03T18:40:46+00:00,"#NIFTY50 breakdown below support, bearish pressure increasing","#nifty50 breakdown below support, bearish pressure increasing",12,5,393,22448,10,,nifty50,nifty50,True,420
sample-0000655,sample_trader_92,2026-08-04T03:12:07+00:00,"Bank Nifty में तेजी, buyers are strong today #banknifty","bank nifty में तेजी, buyers are strong today #banknifty",24,6,214,40428,9,,banknifty,banknifty,True,253
sample-0000656,sample_trader_93,2026-08-03T09:39:30+00:00,#NIFTY50 trading in a range; waiting for confirmation,#nifty50 trading in a range; waiting for confirmation,3,16,491,26638,0,,nifty50,nifty50,True,510
sample-0000657,sample_trader_255,2026-08-03T15:46:05+00:00,"#NIFTY50 breakdown below support, bearish pressure increasing","#nifty50 breakdown below support, bearish pressure increasing",27,63,278,803,19,,nifty50,nifty50,True,387
sample-0000658,sample_trader_338,2026-08-03T11:01:37+00:00,"#intraday long setup confirmed, upside possible after consolidation","#intraday long setup confirmed, upside possible after consolidation",15,58,209,57967,2,,intraday,intraday,True,284
sample-0000659,sample_trader_143,2026-08-03T12:32:19+00:00,"#NIFTY50 breakout above support, looking bullish with target 24500","#nifty50 breakout above support, looking bullish with target 24500",19,80,285,27265,1,,nifty50,nifty50,True,385
sample-0000660,sample_trader_75,2026-08-04T07:07:47+00:00,"#intraday long setup confirmed, upside possible after consolidation","#intraday long setup confirmed, upside possible after consolidation",27,4,341,75821,19,,intraday,intraday,True,391
sample-0000661,sample_trader_214,2026-08-04T04:30:08+00:00,"Bank Nifty में तेजी, buyers are strong today #banknifty","bank nifty में तेजी, buyers are strong today #banknifty",5,20,344,37324,19,,banknifty,banknifty,True,388
sample-0000662,sample_trader_384,2026-08-03T15:53:18+00:00,"No clear setup in #sensex yet, risk management is important","no clear setup in #sensex yet, risk management is important",18,46,476,4747,2,,sensex,sensex,True,542
sample-0000663,sample_trader_420,2026-08-03T18:40:12+00:00,"#NIFTY50 breakdown below support, bearish pressure increasing","#nifty50 breakdown below support, bearish pressure increasing",2,54,431,72201,2,,nifty50,nifty50,True,489
sample-0000664,sample_trader_169,2026-08-03T22:28:32+00:00,"#NIFTY50 breakout above support, looking bullish with target 24500","#nifty50 breakout above support, looking bullish with target 24500",16,52,268,27554,6,,nifty50,nifty50,True,342
sample-0000665,sample_trader_371,2026-08-03T14:51:26+00:00,Accumulating quality stocks on dips. Market looks strong #sensex,accumulating quality stocks on dips. market looks strong #sensex,22,77,478,37692,13,,sensex,sensex,True,590
sample-0000666,sample_trader_295,2026-08-03T13:20:16+00:00,"#NIFTY50 breakdown below support, bearish pressure increasing","#nifty50 breakdown below support, bearish pressure increasing",19,45,474,17051,19,,nifty50,nifty50,True,557
sample-0000667,sample_trader_414,2026-08-03T14:32:07+00:00,Watching option chain and market breadth before taking a trade #banknifty,watching option chain and market breadth before taking a trade #banknifty,5,78,119,38124,6,nseindia,banknifty,banknifty,True,208
sample-0000668,sample_trader_408,2026-08-03T09:41:40+00:00,"Bank Nifty में तेजी, buyers are strong today #banknifty","bank nifty में तेजी, buyers are strong today #banknifty",3,26,409,54396,13,nseindia,banknifty,banknifty,True,451
sample-0000669,sample_trader_328,2026-08-04T08:03:20+00:00,Weak breadth and downside risk in #sensex today,weak breadth and downside risk in #sensex today,6,36,130,8941,9,,sensex,sensex,True,181
sample-0000670,sample_trader_59,2026-08-04T08:14:37+00:00,#intraday levels posted for educational discussion only,#intraday levels posted for educational discussion only,21,42,174,51960,18,,intraday,intraday,True,255
sample-0000671,sample_trader_170,2026-08-04T01:24:10+00:00,"Bank Nifty में तेजी, buyers are strong today #banknifty","bank nifty में तेजी, buyers are strong today #banknifty",26,43,472,62847,15,,banknifty,banknifty,True,556
sample-0000672,sample_trader_80,2026-08-03T14:56:10+00:00,Operator stock upper circuit fixed target 100% #sensex,operator stock upper circuit fixed target 100% #sensex,20,58,456,70431,10,,sensex,sensex,True,544
sample-0000673,sample_trader_154,2026-08-03T13:29:42+00:00,Weak breadth and downside risk in #sensex today,weak breadth and downside risk in #sensex today,18,40,284,70289,0,,sensex,sensex,True,342
sample-0000674,sample_trader_77,2026-08-04T06:03:22+00:00,"Bank Nifty में गिरावट, sell on rise setup #banknifty","bank nifty में गिरावट, sell on rise setup #banknifty",8,3,173,49233,20,,banknifty,banknifty,True,204
sample-0000675,sample_trader_305,2026-08-04T01:38:40+00:00,Accumulating quality stocks on dips. Market looks strong #sensex,accumulating quality stocks on dips. market looks strong #sensex,3,39,361,41272,1,,sensex,sensex,True,404
sample-0000676,sample_trader_191,2026-08-03T23:48:52+00:00,"Bank Nifty में तेजी, buyers are strong today #banknifty","bank nifty में तेजी, buyers are strong today #banknifty",14,38,110,68875,9,,banknifty,banknifty,True,171
sample-0000677,sample_trader_48,2026-08-04T01:06:31+00:00,#intraday short setup; avoid aggressive buying in this volatility,#intraday short setup; avoid aggressive buying in this volatility,14,64,12,63313,16,,intraday,intraday,True,106
sample-0000678,sample_trader_159,2026-08-03T13:24:08+00:00,"Bank Nifty में गिरावट, sell on rise setup #banknifty","bank nifty में गिरावट, sell on rise setup #banknifty",24,41,73,12928,16,,banknifty,banknifty,True,154
sample-0000679,sample_trader_236,2026-08-04T07:08:09+00:00,"#NIFTY50 breakout above support, looking bullish with target 24500","#nifty50 breakout above support, looking bullish with target 24500",12,66,59,588,9,,nifty50,nifty50,True,146
sample-0000680,sample_trader_240,2026-08-03T20:19:56+00:00,"No clear setup in #sensex yet, risk management is important","no clear setup in #sensex yet, risk management is important",28,5,52,68283,9,nseindia,sensex,sensex,True,94
sample-0000681,sample_trader_103,2026-08-03T20:47:02+00:00,#intraday short setup; avoid aggressive buying in this volatility,#intraday short setup; avoid aggressive buying in this volatility,6,36,141,69816,10,,intraday,intraday,True,193
sample-0000682,sample_trader_81,2026-08-04T03:01:49+00:00,"#intraday long setup confirmed, upside possible after consolidation","#intraday long setup confirmed, upside possible after consolidation",8,14,7,73401,16,,intraday,intraday,True,45
sample-0000683,sample_trader_164,2026-08-03T12:27:54+00:00,"No clear setup in #sensex yet, risk management is important","no clear setup in #sensex yet, risk management is important",8,18,482,37178,18,,sensex,sensex,True,526
sample-0000684,sample_trader_174,2026-08-03T10:08:19+00:00,"#NIFTY50 breakout above support, looking bullish with target 24500","#nifty50 breakout above support, looking bullish with target 24500",17,56,25,17099,0,,nifty50,nifty50,True,98
sample-0000685,sample_trader_28,2026-08-03T18:30:01+00:00,"#intraday long setup confirmed, upside possible after consolidation","#intraday long setup confirmed, upside possible after consolidation",2,54,200,23509,19,,intraday,intraday,True,275
sample-0000686,sample_trader_183,2026-08-03T10:01:39+00:00,SURE SHOT multibagger guaranteed double money #intraday,sure shot multibagger guaranteed double money #intraday,9,42,418,26021,17,nseindia,intraday,intraday,True,486
sample-0000687,sample_trader_417,2026-08-04T05:05:02+00:00,Watching option chain and market breadth before taking a trade #banknifty,watching option chain and market breadth before taking a trade #banknifty,25,59,49,59764,9,,banknifty,banknifty,True,142
sample-0000688,sample_trader_115,2026-08-04T00:01:52+00:00,Watching option chain and market breadth before taking a trade #banknifty,watching option chain and market breadth before taking a trade #banknifty,4,78,132,47688,12,,banknifty,banknifty,True,226
sample-0000689,sample_trader_250,2026-08-03T15:57:48+00:00,"Bank Nifty में गिरावट, sell on rise setup #banknifty","bank nifty में गिरावट, sell on rise setup #banknifty",0,8,243,14846,11,,banknifty,banknifty,True,262
sample-0000690,sample_trader_310,2026-08-03T19:46:27+00:00,Accumulating quality stocks on dips. Market looks strong #sensex,accumulating quality stocks on dips. market looks strong #sensex,18,16,260,13541,12,,sensex,sensex,True,306
sample-0000691,sample_trader_333,2026-08-03T12:13:05+00:00,Accumulating quality stocks on dips. Market looks strong #sensex,accumulating quality stocks on dips. market looks strong #sensex,2,38,272,60470,12,,sensex,sensex,True,324
sample-0000692,sample_trader_82,2026-08-03T12:31:00+00:00,"#intraday long setup confirmed, upside possible after consolidation","#intraday long setup confirmed, upside possible after consolidation",15,49,33,44708,6,,intraday,intraday,True,103
sample-0000693,sample_trader_291,2026-08-03T16:36:58+00:00,Watching option chain and market breadth before taking a trade #banknifty,watching option chain and market breadth before taking a trade #banknifty,25,43,278,31003,5,,banknifty,banknifty,True,351
sample-0000694,sample_trader_304,2026-08-04T04:18:16+00:00,"#NIFTY50 breakout above support, looking bullish with target 24500","#nifty50 breakout above support, looking bullish with target 24500",19,59,166,72806,3,,nifty50,nifty50,True,247
sample-0000695,sample_trader_36,2026-08-03T17:41:32+00:00,"#intraday long setup confirmed, upside possible after consolidation","#intraday long setup confirmed, upside possible after consolidation",19,13,350,78222,12,,intraday,intraday,True,394
sample-0000696,sample_trader_112,2026-08-04T05:10:14+00:00,Operator stock upper circuit fixed target 100% #sensex,operator stock upper circuit fixed target 100% #sensex,26,17,454,76172,20,,sensex,sensex,True,517
sample-0000697,sample_trader_273,2026-08-03T15:58:28+00:00,"Bank Nifty में तेजी, buyers are strong today #banknifty","bank nifty में तेजी, buyers are strong today #banknifty",9,49,315,75800,14,,banknifty,banknifty,True,387
sample-0000698,sample_trader_407,2026-08-03T11:42:13+00:00,"#NIFTY50 breakdown below support, bearish pressure increasing","#nifty50 breakdown below support, bearish pressure increasing",29,38,470,57030,11,,nifty50,nifty50,True,548
sample-0000699,sample_trader_262,2026-08-03T10:12:11+00:00,Watching option chain and market breadth before taking a trade #banknifty,watching option chain and market breadth before taking a trade #banknifty,12,16,436,38609,1,,banknifty,banknifty,True,465
sample-0000700,sample_trader_361,2026-08-04T08:26:10+00:00,#intraday levels posted for educational discussion only,#intraday levels posted for educational discussion only,17,45,56,37039,0,,intraday,intraday,True,118
sample-0000701,sample_trader_163,2026-08-03T09:42:12+00:00,Watching option chain and market breadth before taking a trade #banknifty,watching option chain and market breadth before taking a trade #banknifty,22,48,207,50062,13,,banknifty,banknifty,True,290
sample-0000702,sample_trader_97,2026-08-04T03:24:12+00:00,"#intraday long setup confirmed, upside possible after consolidation","#intraday long setup confirmed, upside possible after consolidation",17,49,431,47273,13,,intraday,intraday,True,510
sample-0000703,sample_trader_37,2026-08-04T08:02:40+00:00,"#NIFTY50 breakout above support, looking bullish with target 24500","#nifty50 breakout above support, looking bullish with target 24500",20,2,73,63842,13,,nifty50,nifty50,True,108
sample-0000704,sample_trader_329,2026-08-04T03:28:15+00:00,"#NIFTY50 breakout above support, looking bullish with target 24500","#nifty50 breakout above support, looking bullish with target 24500",25,53,440,59822,19,,nifty50,nifty50,True,537
sample-0000705,sample_trader_261,2026-08-03T15:55:22+00:00,#intraday levels posted for educational discussion only,#intraday levels posted for educational discussion only,13,70,419,59038,12,,intraday,intraday,True,514
sample-0000706,sample_trader_4,2026-08-03T10:27:18+00:00,"#intraday long setup confirmed, upside possible after consolidation","#intraday long setup confirmed, upside possible after consolidation",18,63,433,31081,16,,intraday,intraday,True,530
sample-0000707,sample_trader_20,2026-08-04T07:14:55+00:00,"No clear setup in #sensex yet, risk management is important","no clear setup in #sensex yet, risk management is important",18,61,360,48360,3,,sensex,sensex,True,442
sample-0000708,sample_trader_385,2026-08-03T13:18:03+00:00,"Bank Nifty में तेजी, buyers are strong today #banknifty","bank nifty में तेजी, buyers are strong today #banknifty",24,35,238,67807,2,,banknifty,banknifty,True,299
sample-0000709,sample_trader_242,2026-08-03T23:32:18+00:00,#intraday levels posted for educational discussion only,#intraday levels posted for educational discussion only,20,9,350,70723,18,,intraday,intraday,True,397
sample-0000710,sample_trader_399,2026-08-03T12:59:13+00:00,"#intraday long setup confirmed, upside possible after consolidation","#intraday long setup confirmed, upside possible after consolidation",0,60,232,67245,15,,intraday,intraday,True,307
sample-0000711,sample_trader_409,2026-08-03T19:37:03+00:00,"Bank Nifty में गिरावट, sell on rise setup #banknifty","bank nifty में गिरावट, sell on rise setup #banknifty",9,37,85,4680,19,,banknifty,banknifty,True,150
sample-0000712,sample_trader_323,2026-08-04T06:13:50+00:00,#NIFTY50 trading in a range; waiting for confirmation,#nifty50 trading in a range; waiting for confirmation,15,74,86,75135,1,,nifty50,nifty50,True,176
sample-0000713,sample_trader_249,2026-08-03T22:01:27+00:00,Weak breadth and downside risk in #sensex today,weak breadth and downside risk in #sensex today,2,16,258,10124,8,,sensex,sensex,True,284
sample-0000714,sample_trader_132,2026-08-03T22:26:47+00:00,#intraday levels posted for educational discussion only,#intraday levels posted for educational discussion only,0,14,309,22936,18,,intraday,intraday,True,341
sample-0000715,sample_trader_134,2026-08-04T02:04:51+00:00,#NIFTY50 trading in a range; waiting for confirmation,#nifty50 trading in a range; waiting for confirmation,25,30,248,23749,16,,nifty50,nifty50,True,319
sample-0000716,sample_trader_305,2026-08-04T03:11:06+00:00,"Bank Nifty में गिरावट, sell on rise setup #banknifty","bank nifty में गिरावट, sell on rise setup #banknifty",29,19,428,65054,13,,banknifty,banknifty,True,489
sample-0000717,sample_trader_86,2026-08-03T09:15:12+00:00,"#intraday long setup confirmed, upside possible after consolidation","#intraday long setup confirmed, upside possible after consolidation",6,73,375,45279,1,,intraday,intraday,True,455
sample-0000718,sample_trader_238,2026-08-04T02:21:53+00:00,"#intraday long setup confirmed, upside possible after consolidation","#intraday long setup confirmed, upside possible after consolidation",12,60,154,62475,17,,intraday,intraday,True,243
sample-0000719,sample_trader_75,2026-08-03T22:54:18+00:00,"#NIFTY50 breakdown below support, bearish pressure increasing","#nifty50 breakdown below support, bearish pressure increasing",16,55,6,37902,14,,nifty50,nifty50,True,91
sample-0000720,sample_trader_273,2026-08-04T04:55:19+00:00,"#NIFTY50 breakdown below support, bearish pressure increasing","#nifty50 breakdown below support, bearish pressure increasing",20,45,489,56645,19,,nifty50,nifty50,True,573
sample-0000721,sample_trader_137,2026-08-03T22:37:28+00:00,"Bank Nifty में गिरावट, sell on rise setup #banknifty","bank nifty में गिरावट, sell on rise setup #banknifty",25,12,130,76619,12,,banknifty,banknifty,True,179
sample-0000722,sample_trader_173,2026-08-03T13:32:09+00:00,"#intraday long setup confirmed, upside possible after consolidation","#intraday long setup confirmed, upside possible after consolidation",21,23,160,71826,0,,intraday,intraday,True,204
sample-0000723,sample_trader_51,2026-08-03T17:29:37+00:00,"#NIFTY50 breakout above support, looking bullish with target 24500","#nifty50 breakout above support, looking bullish with target 24500",16,13,350,58500,11,,nifty50,nifty50,True,390
sample-0000724,sample_trader_18,2026-08-04T01:26:13+00:00,Weak breadth and downside risk in #sensex today,weak breadth and downside risk in #sensex today,0,79,47,7505,19,,sensex,sensex,True,145
sample-0000725,sample_trader_45,2026-08-04T04:05:55+00:00,"Bank Nifty में तेजी, buyers are strong today #banknifty","bank nifty में तेजी, buyers are strong today #banknifty",27,77,66,49327,20,,banknifty,banknifty,True,190
sample-0000726,sample_trader_130,2026-08-04T01:45:29+00:00,"#intraday long setup confirmed, upside possible after consolidation","#intraday long setup confirmed, upside possible after consolidation",9,59,338,9974,20,,intraday,intraday,True,426
sample-0000727,sample_trader_132,2026-08-03T20:41:31+00:00,"Bank Nifty में गिरावट, sell on rise setup #banknifty","bank nifty में गिरावट, sell on rise setup #banknifty",5,9,141,8227,12,,banknifty,banknifty,True,167
sample-0000728,sample_trader_92,2026-08-03T22:49:50+00:00,"#intraday long setup confirmed, upside possible after consolidation","#intraday long setup confirmed, upside possible after consolidation",14,8,251,26352,19,,intraday,intraday,True,292
sample-0000729,sample_trader_74,2026-08-04T04:31:08+00:00,Operator stock upper circuit fixed target 100% #sensex,operator stock upper circuit fixed target 100% #sensex,17,55,111,13976,14,,sensex,sensex,True,197
sample-0000730,sample_trader_37,2026-08-04T05:48:43+00:00,Accumulating quality stocks on dips. Market looks strong #sensex,accumulating quality stocks on dips. market looks strong #sensex,18,32,397,58492,0,,sensex,sensex,True,447
sample-0000731,sample_trader_341,2026-08-04T07:05:21+00:00,"Bank Nifty में तेजी, buyers are strong today #banknifty","bank nifty में तेजी, buyers are strong today #banknifty",12,34,77,43281,12,,banknifty,banknifty,True,135
sample-0000732,sample_trader_224,2026-08-03T15:03:30+00:00,#NIFTY50 trading in a range; waiting for confirmation,#nifty50 trading in a range; waiting for confirmation,12,8,276,29652,0,,nifty50,nifty50,True,296
sample-0000733,sample_trader_275,2026-08-03T11:48:51+00:00,"No clear setup in #sensex yet, risk management is important","no clear setup in #sensex yet, risk management is important",29,45,170,39742,12,nseindia,sensex,sensex,True,256
sample-0000734,sample_trader_274,2026-08-03T19:09:53+00:00,Operator stock upper circuit fixed target 100% #sensex,operator stock upper circuit fixed target 100% #sensex,27,43,41,60295,9,,sensex,sensex,True,120
sample-0000735,sample_trader_339,2026-08-03T18:28:47+00:00,"#intraday long setup confirmed, upside possible after consolidation","#intraday long setup confirmed, upside possible after consolidation",6,38,356,51181,3,,intraday,intraday,True,403
sample-0000736,sample_trader_324,2026-08-04T05:22:37+00:00,Weak breadth and downside risk in #sensex today,weak breadth and downside risk in #sensex today,14,24,71,4729,6,nseindia,sensex,sensex,True,115
sample-0000737,sample_trader_200,2026-08-03T14:39:16+00:00,Watching option chain and market breadth before taking a trade #banknifty,watching option chain and market breadth before taking a trade #banknifty,2,69,329,40384,15,,banknifty,banknifty,True,415
sample-0000738,sample_trader_174,2026-08-04T07:07:05+00:00,#NIFTY50 trading in a range; waiting for confirmation,#nifty50 trading in a range; waiting for confirmation,1,43,403,5661,12,,nifty50,nifty50,True,459
sample-0000739,sample_trader_77,2026-08-03T12:55:52+00:00,Operator stock upper circuit fixed target 100% #sensex,operator stock upper circuit fixed target 100% #sensex,23,74,119,9491,1,,sensex,sensex,True,217
sample-0000740,sample_trader_317,2026-08-03T15:18:37+00:00,#intraday levels posted for educational discussion only,#intraday levels posted for educational discussion only,1,31,359,17159,0,,intraday,intraday,True,391
sample-0000741,sample_trader_234,2026-08-04T04:55:28+00:00,"#intraday long setup confirmed, upside possible after consolidation","#intraday long setup confirmed, upside possible after consolidation",19,21,427,77519,2,,intraday,intraday,True,469
sample-0000742,sample_trader_305,2026-08-03T14:21:59+00:00,Accumulating quality stocks on dips. Market looks strong #sensex,accumulating quality stocks on dips. market looks strong #sensex,25,78,112,8321,6,,sensex,sensex,True,221
sample-0000743,sample_trader_351,2026-08-04T04:04:07+00:00,"Bank Nifty में गिरावट, sell on rise setup #banknifty","bank nifty में गिरावट, sell on rise setup #banknifty",18,69,70,42201,6,,banknifty,banknifty,True,163
sample-0000744,sample_trader_33,2026-08-03T20:15:05+00:00,Watching option chain and market breadth before taking a trade #banknifty,watching option chain and market breadth before taking a trade #banknifty,3,35,72,54465,5,,banknifty,banknifty,True,115
sample-0000745,sample_trader_125,2026-08-03T16:29:44+00:00,#intraday levels posted for educational discussion only,#intraday levels posted for educational discussion only,29,74,20,17531,3,,intraday,intraday,True,126
sample-0000746,sample_trader_9,2026-08-04T02:43:23+00:00,SURE SHOT multibagger guaranteed double money #intraday,sure shot multibagger guaranteed double money #intraday,28,62,41,882,0,,intraday,intraday,True,131
sample-0000747,sample_trader_356,2026-08-03T17:18:45+00:00,"Bank Nifty में तेजी, buyers are strong today #banknifty","bank nifty में तेजी, buyers are strong today #banknifty",25,60,354,16682,6,,banknifty,banknifty,True,445
sample-0000748,sample_trader_123,2026-08-03T17:27:55+00:00,"Bank Nifty में गिरावट, sell on rise setup #banknifty","bank nifty में गिरावट, sell on rise setup #banknifty",30,22,312,4981,19,,banknifty,banknifty,True,383
sample-0000749,sample_trader_401,2026-08-03T09:37:53+00:00,#intraday levels posted for educational discussion only,#intraday levels posted for educational discussion only,9,44,214,649,17,,intraday,intraday,True,284
sample-0000750,sample_trader_186,2026-08-03T09:55:57+00:00,"#intraday long setup confirmed, upside possible after consolidation","#intraday long setup confirmed, upside possible after consolidation",27,69,259,28790,14,,intraday,intraday,True,369
sample-0000751,sample_trader_100,2026-08-04T06:32:05+00:00,"Bank Nifty में तेजी, buyers are strong today #banknifty","bank nifty में तेजी, buyers are strong today #banknifty",3,19,350,62232,15,,banknifty,banknifty,True,387
sample-0000752,sample_trader_187,2026-08-03T08:59:17+00:00,Accumulating quality stocks on dips. Market looks strong #sensex,accumulating quality stocks on dips. market looks strong #sensex,9,26,222,32999,10,,sensex,sensex,True,267
sample-0000753,sample_trader_380,2026-08-04T04:39:54+00:00,Watching option chain and market breadth before taking a trade #banknifty,watching option chain and market breadth before taking a trade #banknifty,1,68,90,20765,0,,banknifty,banknifty,True,159
sample-0000754,sample_trader_370,2026-08-03T23:53:59+00:00,"#intraday long setup confirmed, upside possible after consolidation","#intraday long setup confirmed, upside possible after consolidation",14,75,296,42775,13,,intraday,intraday,True,398
sample-0000755,sample_trader_167,2026-08-04T04:27:25+00:00,"#NIFTY50 breakdown below support, bearish pressure increasing","#nifty50 breakdown below support, bearish pressure increasing",7,12,121,54129,6,,nifty50,nifty50,True,146
sample-0000756,sample_trader_300,2026-08-03T15:19:07+00:00,Accumulating quality stocks on dips. Market looks strong #sensex,accumulating quality stocks on dips. market looks strong #sensex,15,6,455,57179,4,,sensex,sensex,True,480
sample-0000757,sample_trader_199,2026-08-04T01:59:02+00:00,#intraday levels posted for educational discussion only,#intraday levels posted for educational discussion only,11,17,234,25498,20,,intraday,intraday,True,282
sample-0000758,sample_trader_66,2026-08-03T20:14:15+00:00,"Bank Nifty में गिरावट, sell on rise setup #banknifty","bank nifty में गिरावट, sell on rise setup #banknifty",1,72,30,36829,4,,banknifty,banknifty,True,107
sample-0000759,sample_trader_88,2026-08-03T17:14:23+00:00,Watching option chain and market breadth before taking a trade #banknifty,watching option chain and market breadth before taking a trade #banknifty,24,43,112,38737,19,,banknifty,banknifty,True,198
sample-0000760,sample_trader_284,2026-08-03T11:25:05+00:00,SURE SHOT multibagger guaranteed double money #intraday,sure shot multibagger guaranteed double money #intraday,27,29,44,54011,16,,intraday,intraday,True,116
sample-0000761,sample_trader_143,2026-08-03T15:37:05+00:00,"Bank Nifty में तेजी, buyers are strong today #banknifty","bank nifty में तेजी, buyers are strong today #banknifty",0,54,376,32379,7,,banknifty,banknifty,True,437
sample-0000762,sample_trader_77,2026-08-03T10:55:16+00:00,Watching option chain and market breadth before taking a trade #banknifty,watching option chain and market breadth before taking a trade #banknifty,29,73,459,715,13,,banknifty,banknifty,True,574
sample-0000763,sample_trader_18,2026-08-03T14:06:32+00:00,Accumulating quality stocks on dips. Market looks strong #sensex,accumulating quality stocks on dips. market looks strong #sensex,13,67,201,62868,3,,sensex,sensex,True,284
sample-0000764,sample_trader_386,2026-08-03T12:07:58+00:00,"#intraday long setup confirmed, upside possible after consolidation","#intraday long setup confirmed, upside possible after consolidation",0,52,486,28624,4,,intraday,intraday,True,542
sample-0000765,sample_trader_246,2026-08-04T07:53:13+00:00,"#intraday long setup confirmed, upside possible after consolidation","#intraday long setup confirmed, upside possible after consolidation",21,39,82,60249,18,,intraday,intraday,True,160
sample-0000766,sample_trader_396,2026-08-03T15:34:54+00:00,"Bank Nifty में तेजी, buyers are strong today #banknifty","bank nifty में तेजी, buyers are strong today #banknifty",4,51,94,48601,20,,banknifty,banknifty,True,169
sample-0000767,sample_trader_37,2026-08-03T09:37:38+00:00,SURE SHOT multibagger guaranteed double money #intraday,sure shot multibagger guaranteed double money #intraday,12,42,271,4337,9,,intraday,intraday,True,334
sample-0000768,sample_trader_318,2026-08-04T05:31:09+00:00,"Bank Nifty में गिरावट, sell on rise setup #banknifty","bank nifty में गिरावट, sell on rise setup #banknifty",28,42,376,7234,16,,banknifty,banknifty,True,462
sample-0000769,sample_trader_197,2026-08-04T04:25:36+00:00,#intraday short setup; avoid aggressive buying in this volatility,#intraday short setup; avoid aggressive buying in this volatility,11,59,316,5407,11,,intraday,intraday,True,397
sample-0000770,sample_trader_364,2026-08-03T12:03:01+00:00,Operator stock upper circuit fixed target 100% #sensex,operator stock upper circuit fixed target 100% #sensex,24,26,70,43949,7,,sensex,sensex,True,127
sample-0000771,sample_trader_360,2026-08-03T11:20:43+00:00,Operator stock upper circuit fixed target 100% #sensex,operator stock upper circuit fixed target 100% #sensex,6,28,164,46280,8,,sensex,sensex,True,206
sample-0000772,sample_trader_33,2026-08-04T06:29:02+00:00,#intraday short setup; avoid aggressive buying in this volatility,#intraday short setup; avoid aggressive buying in this volatility,11,44,231,63780,16,,intraday,intraday,True,302
sample-0000773,sample_trader_348,2026-08-03T13:06:03+00:00,"#intraday long setup confirmed, upside possible after consolidation","#intraday long setup confirmed, upside possible after consolidation",26,68,460,38357,14,,intraday,intraday,True,568
sample-0000774,sample_trader_45,2026-08-03T15:47:46+00:00,"#NIFTY50 breakout above support, looking bullish with target 24500","#nifty50 breakout above support, looking bullish with target 24500",2,50,459,23487,9,,nifty50,nifty50,True,520
sample-0000775,sample_trader_142,2026-08-04T02:28:04+00:00,"#NIFTY50 breakout above support, looking bullish with target 24500","#nifty50 breakout above support, looking bullish with target 24500",3,18,254,19776,6,,nifty50,nifty50,True,281
sample-0000776,sample_trader_214,2026-08-03T21:47:34+00:00,SURE SHOT multibagger guaranteed double money #intraday,sure shot multibagger guaranteed double money #intraday,21,69,477,17355,15,,intraday,intraday,True,582
sample-0000777,sample_trader_97,2026-08-03T21:51:11+00:00,#NIFTY50 trading in a range; waiting for confirmation,#nifty50 trading in a range; waiting for confirmation,2,2,446,30501,16,,nifty50,nifty50,True,466
sample-0000778,sample_trader_331,2026-08-03T08:35:29+00:00,Weak breadth and downside risk in #sensex today,weak breadth and downside risk in #sensex today,25,41,248,77822,16,,sensex,sensex,True,330
sample-0000779,sample_trader_291,2026-08-03T21:23:44+00:00,#NIFTY50 trading in a range; waiting for confirmation,#nifty50 trading in a range; waiting for confirmation,4,39,87,34129,7,,nifty50,nifty50,True,137
sample-0000780,sample_trader_181,2026-08-04T03:03:57+00:00,Weak breadth and downside risk in #sensex today,weak breadth and downside risk in #sensex today,9,58,489,21855,19,,sensex,sensex,True,575
sample-0000781,sample_trader_90,2026-08-04T01:49:49+00:00,"No clear setup in #sensex yet, risk management is important","no clear setup in #sensex yet, risk management is important",26,19,82,31232,3,nseindia,sensex,sensex,True,130
sample-0000782,sample_trader_134,2026-08-03T16:24:52+00:00,"#NIFTY50 breakdown below support, bearish pressure increasing","#nifty50 breakdown below support, bearish pressure increasing",11,23,105,73776,1,,nifty50,nifty50,True,140
sample-0000783,sample_trader_230,2026-08-03T18:53:22+00:00,Weak breadth and downside risk in #sensex today,weak breadth and downside risk in #sensex today,17,20,273,39576,3,,sensex,sensex,True,313
sample-0000784,sample_trader_235,2026-08-04T03:10:25+00:00,"Bank Nifty में गिरावट, sell on rise setup #banknifty","bank nifty में गिरावट, sell on rise setup #banknifty",29,40,79,612,17,,banknifty,banknifty,True,165
sample-0000785,sample_trader_149,2026-08-03T15:12:44+00:00,"Bank Nifty में गिरावट, sell on rise setup #banknifty","bank nifty में गिरावट, sell on rise setup #banknifty",30,73,341,19328,18,,banknifty,banknifty,True,462
sample-0000786,sample_trader_375,2026-08-04T04:22:39+00:00,#NIFTY50 trading in a range; waiting for confirmation,#nifty50 trading in a range; waiting for confirmation,15,5,71,72265,3,,nifty50,nifty50,True,94
sample-0000787,sample_trader_183,2026-08-03T16:13:46+00:00,"Bank Nifty में गिरावट, sell on rise setup #banknifty","bank nifty में गिरावट, sell on rise setup #banknifty",2,41,28,79761,20,,banknifty,banknifty,True,91
sample-0000788,sample_trader_101,2026-08-03T22:20:52+00:00,Watching option chain and market breadth before taking a trade #banknifty,watching option chain and market breadth before taking a trade #banknifty,0,10,275,58437,2,,banknifty,banknifty,True,287
sample-0000789,sample_trader_163,2026-08-03T14:36:34+00:00,"Bank Nifty में गिरावट, sell on rise setup #banknifty","bank nifty में गिरावट, sell on rise setup #banknifty",19,77,261,7396,11,,banknifty,banknifty,True,368
sample-0000790,sample_trader_191,2026-08-03T18:24:32+00:00,#intraday short setup; avoid aggressive buying in this volatility,#intraday short setup; avoid aggressive buying in this volatility,0,36,176,46102,9,,intraday,intraday,True,221
sample-0000791,sample_trader_373,2026-08-04T00:36:49+00:00,#intraday levels posted for educational discussion only,#intraday levels posted for educational discussion only,28,56,379,54524,14,,intraday,intraday,True,477
sample-0000792,sample_trader_301,2026-08-04T03:23:07+00:00,#intraday short setup; avoid aggressive buying in this volatility,#intraday short setup; avoid aggressive buying in this volatility,19,11,73,27284,9,,intraday,intraday,True,112
sample-0000793,sample_trader_303,2026-08-04T06:03:35+00:00,Watching option chain and market breadth before taking a trade #banknifty,watching option chain and market breadth before taking a trade #banknifty,24,48,45,917,13,,banknifty,banknifty,True,130
sample-0000794,sample_trader_285,2026-08-04T02:05:57+00:00,"Bank Nifty में गिरावट, sell on rise setup #banknifty","bank nifty में गिरावट, sell on rise setup #banknifty",14,72,386,17997,6,,banknifty,banknifty,True,478
sample-0000795,sample_trader_252,2026-08-03T12:18:04+00:00,"#NIFTY50 breakdown below support, bearish pressure increasing","#nifty50 breakdown below support, bearish pressure increasing",1,38,427,76754,9,,nifty50,nifty50,True,475
sample-0000796,sample_trader_406,2026-08-04T07:29:23+00:00,Watching option chain and market breadth before taking a trade #banknifty,watching option chain and market breadth before taking a trade #banknifty,0,19,134,39393,20,,banknifty,banknifty,True,173
sample-0000797,sample_trader_341,2026-08-03T08:39:44+00:00,"No clear setup in #sensex yet, risk management is important","no clear setup in #sensex yet, risk management is important",28,36,213,23560,15,,sensex,sensex,True,292
sample-0000798,sample_trader_62,2026-08-04T07:25:52+00:00,Operator stock upper circuit fixed target 100% #sensex,operator stock upper circuit fixed target 100% #sensex,24,35,252,8795,19,,sensex,sensex,True,330
sample-0000799,sample_trader_224,2026-08-03T11:52:30+00:00,Watching option chain and market breadth before taking a trade #banknifty,watching option chain and market breadth before taking a trade #banknifty,27,33,321,62445,3,,banknifty,banknifty,True,384
sample-0000800,sample_trader_84,2026-08-03T23:01:02+00:00,#NIFTY50 trading in a range; waiting for confirmation,#nifty50 trading in a range; waiting for confirmation,18,7,74,41951,14,,nifty50,nifty50,True,113
sample-0000801,sample_trader_28,2026-08-04T02:31:15+00:00,"#NIFTY50 breakout above support, looking bullish with target 24500","#nifty50 breakout above support, looking bullish with target 24500",8,46,214,46709,1,,nifty50,nifty50,True,269
sample-0000802,sample_trader_100,2026-08-03T13:45:27+00:00,Watching option chain and market breadth before taking a trade #banknifty,watching option chain and market breadth before taking a trade #banknifty,24,80,93,12437,19,,banknifty,banknifty,True,216
sample-0000803,sample_trader_351,2026-08-03T20:57:14+00:00,"No clear setup in #sensex yet, risk management is important","no clear setup in #sensex yet, risk management is important",25,38,138,47566,3,,sensex,sensex,True,204
sample-0000804,sample_trader_71,2026-08-04T07:59:50+00:00,Weak breadth and downside risk in #sensex today,weak breadth and downside risk in #sensex today,16,36,190,63606,13,,sensex,sensex,True,255
sample-0000805,sample_trader_80,2026-08-04T00:32:03+00:00,Accumulating quality stocks on dips. Market looks strong #sensex,accumulating quality stocks on dips. market looks strong #sensex,16,28,425,24746,17,,sensex,sensex,True,486
sample-0000806,sample_trader_236,2026-08-03T17:16:18+00:00,Watching option chain and market breadth before taking a trade #banknifty,watching option chain and market breadth before taking a trade #banknifty,29,9,59,17250,0,,banknifty,banknifty,True,97
sample-0000807,sample_trader_419,2026-08-04T03:24:20+00:00,#intraday short setup; avoid aggressive buying in this volatility,#intraday short setup; avoid aggressive buying in this volatility,14,76,267,44882,5,,intraday,intraday,True,362
sample-0000808,sample_trader_66,2026-08-04T00:22:16+00:00,"Bank Nifty में तेजी, buyers are strong today #banknifty","bank nifty में तेजी, buyers are strong today #banknifty",27,18,352,29747,9,,banknifty,banknifty,True,406
sample-0000809,sample_trader_354,2026-08-03T17:00:00+00:00,"#NIFTY50 breakout above support, looking bullish with target 24500","#nifty50 breakout above support, looking bullish with target 24500",24,14,39,2514,15,,nifty50,nifty50,True,92
sample-0000810,sample_trader_17,2026-08-04T04:32:29+00:00,Accumulating quality stocks on dips. Market looks strong #sensex,accumulating quality stocks on dips. market looks strong #sensex,25,65,303,7818,15,,sensex,sensex,True,408
sample-0000811,sample_trader_155,2026-08-04T06:03:17+00:00,"#NIFTY50 breakdown below support, bearish pressure increasing","#nifty50 breakdown below support, bearish pressure increasing",21,1,386,12698,3,,nifty50,nifty50,True,411
sample-0000812,sample_trader_344,2026-08-04T01:44:21+00:00,"Bank Nifty में तेजी, buyers are strong today #banknifty","bank nifty में तेजी, buyers are strong today #banknifty",11,3,46,19128,8,,banknifty,banknifty,True,68
sample-0000813,sample_trader_257,2026-08-04T02:37:16+00:00,Weak breadth and downside risk in #sensex today,weak breadth and downside risk in #sensex today,24,78,123,66229,18,nseindia,sensex,sensex,True,243
sample-0000814,sample_trader_112,2026-08-03T13:12:45+00:00,Watching option chain and market breadth before taking a trade #banknifty,watching option chain and market breadth before taking a trade #banknifty,22,24,493,36993,5,,banknifty,banknifty,True,544
sample-0000815,sample_trader_110,2026-08-04T04:52:26+00:00,"No clear setup in #sensex yet, risk management is important","no clear setup in #sensex yet, risk management is important",29,64,435,62271,11,,sensex,sensex,True,539
sample-0000816,sample_trader_93,2026-08-04T04:33:33+00:00,"#intraday long setup confirmed, upside possible after consolidation","#intraday long setup confirmed, upside possible after consolidation",26,45,194,55636,6,,intraday,intraday,True,271
sample-0000817,sample_trader_64,2026-08-03T21:01:27+00:00,Weak breadth and downside risk in #sensex today,weak breadth and downside risk in #sensex today,14,14,266,17864,15,,sensex,sensex,True,309
sample-0000818,sample_trader_168,2026-08-04T05:28:20+00:00,Weak breadth and downside risk in #sensex today,weak breadth and downside risk in #sensex today,15,14,197,37223,14,,sensex,sensex,True,240
sample-0000819,sample_trader_284,2026-08-04T00:14:35+00:00,#intraday short setup; avoid aggressive buying in this volatility,#intraday short setup; avoid aggressive buying in this volatility,13,37,437,56143,6,,intraday,intraday,True,493
sample-0000820,sample_trader_7,2026-08-04T01:56:20+00:00,"No clear setup in #sensex yet, risk management is important","no clear setup in #sensex yet, risk management is important",21,62,344,13835,12,,sensex,sensex,True,439
sample-0000821,sample_trader_203,2026-08-04T03:14:49+00:00,"Bank Nifty में तेजी, buyers are strong today #banknifty","bank nifty में तेजी, buyers are strong today #banknifty",12,75,500,13382,5,nseindia,banknifty,banknifty,True,592
sample-0000822,sample_trader_305,2026-08-04T01:10:32+00:00,"#NIFTY50 breakout above support, looking bullish with target 24500","#nifty50 breakout above support, looking bullish with target 24500",27,51,62,30572,13,,nifty50,nifty50,True,153
sample-0000823,sample_trader_205,2026-08-03T09:01:32+00:00,"Bank Nifty में गिरावट, sell on rise setup #banknifty","bank nifty में गिरावट, sell on rise setup #banknifty",11,60,341,79108,12,,banknifty,banknifty,True,424
sample-0000824,sample_trader_394,2026-08-04T03:06:04+00:00,#NIFTY50 trading in a range; waiting for confirmation,#nifty50 trading in a range; waiting for confirmation,14,13,62,32908,15,,nifty50,nifty50,True,104
sample-0000825,sample_trader_51,2026-08-04T07:23:05+00:00,SURE SHOT multibagger guaranteed double money #intraday,sure shot multibagger guaranteed double money #intraday,23,6,425,8992,15,,intraday,intraday,True,469
sample-0000826,sample_trader_348,2026-08-03T10:27:16+00:00,"#intraday long setup confirmed, upside possible after consolidation","#intraday long setup confirmed, upside possible after consolidation",10,19,155,12676,2,,intraday,intraday,True,186
sample-0000827,sample_trader_104,2026-08-03T15:29:58+00:00,Watching option chain and market breadth before taking a trade #banknifty,watching option chain and market breadth before taking a trade #banknifty,9,63,251,66214,8,,banknifty,banknifty,True,331
sample-0000828,sample_trader_221,2026-08-04T07:18:59+00:00,"No clear setup in #sensex yet, risk management is important","no clear setup in #sensex yet, risk management is important",28,15,196,59047,10,,sensex,sensex,True,249
sample-0000829,sample_trader_17,2026-08-04T07:09:24+00:00,#NIFTY50 trading in a range; waiting for confirmation,#nifty50 trading in a range; waiting for confirmation,5,71,337,39770,5,,nifty50,nifty50,True,418
sample-0000830,sample_trader_250,2026-08-03T18:18:03+00:00,"#NIFTY50 breakout above support, looking bullish with target 24500","#nifty50 breakout above support, looking bullish with target 24500",24,14,291,64347,17,,nifty50,nifty50,True,346
sample-0000831,sample_trader_288,2026-08-03T15:08:22+00:00,#NIFTY50 trading in a range; waiting for confirmation,#nifty50 trading in a range; waiting for confirmation,27,20,259,7355,12,,nifty50,nifty50,True,318
sample-0000832,sample_trader_347,2026-08-03T10:00:17+00:00,Watching option chain and market breadth before taking a trade #banknifty,watching option chain and market breadth before taking a trade #banknifty,11,36,164,8100,0,,banknifty,banknifty,True,211
sample-0000833,sample_trader_415,2026-08-03T19:45:53+00:00,"#NIFTY50 breakout above support, looking bullish with target 24500","#nifty50 breakout above support, looking bullish with target 24500",23,74,13,44779,12,,nifty50,nifty50,True,122
sample-0000834,sample_trader_180,2026-08-03T17:28:08+00:00,Weak breadth and downside risk in #sensex today,weak breadth and downside risk in #sensex today,1,31,126,30802,20,,sensex,sensex,True,178
sample-0000835,sample_trader_59,2026-08-03T21:21:55+00:00,"Bank Nifty में तेजी, buyers are strong today #banknifty","bank nifty में तेजी, buyers are strong today #banknifty",10,21,10,70621,10,nseindia,banknifty,banknifty,True,51
sample-0000836,sample_trader_11,2026-08-03T22:45:34+00:00,#intraday short setup; avoid aggressive buying in this volatility,#intraday short setup; avoid aggressive buying in this volatility,22,60,301,2964,10,,intraday,intraday,True,393
sample-0000837,sample_trader_51,2026-08-03T11:37:17+00:00,"#NIFTY50 breakdown below support, bearish pressure increasing","#nifty50 breakdown below support, bearish pressure increasing",25,62,51,27038,10,,nifty50,nifty50,True,148
sample-0000838,sample_trader_154,2026-08-03T10:04:54+00:00,"Bank Nifty में गिरावट, sell on rise setup #banknifty","bank nifty में गिरावट, sell on rise setup #banknifty",11,55,103,65186,20,,banknifty,banknifty,True,189
sample-0000839,sample_trader_136,2026-08-03T22:00:16+00:00,"#NIFTY50 breakout above support, looking bullish with target 24500","#nifty50 breakout above support, looking bullish with target 24500",1,38,293,52744,7,,nifty50,nifty50,True,339
sample-0000840,sample_trader_173,2026-08-03T10:55:04+00:00,"Bank Nifty में तेजी, buyers are strong today #banknifty","bank nifty में तेजी, buyers are strong today #banknifty",8,8,290,69657,15,,banknifty,banknifty,True,321
sample-0000841,sample_trader_155,2026-08-03T08:44:42+00:00,Weak breadth and downside risk in #sensex today,weak breadth and downside risk in #sensex today,16,38,221,70822,10,,sensex,sensex,True,285
sample-0000842,sample_trader_264,2026-08-03T09:42:45+00:00,"Bank Nifty में गिरावट, sell on rise setup #banknifty","bank nifty में गिरावट, sell on rise setup #banknifty",14,70,92,2488,20,,banknifty,banknifty,True,196
sample-0000843,sample_trader_339,2026-08-04T00:42:48+00:00,"#intraday long setup confirmed, upside possible after consolidation","#intraday long setup confirmed, upside possible after consolidation",30,59,137,69874,19,,intraday,intraday,True,245
sample-0000844,sample_trader_103,2026-08-03T13:27:06+00:00,#intraday short setup; avoid aggressive buying in this volatility,#intraday short setup; avoid aggressive buying in this volatility,11,59,75,31556,4,,intraday,intraday,True,149
sample-0000845,sample_trader_164,2026-08-03T17:31:47+00:00,#intraday short setup; avoid aggressive buying in this volatility,#intraday short setup; avoid aggressive buying in this volatility,27,8,324,26730,13,,intraday,intraday,True,372
sample-0000846,sample_trader_352,2026-08-03T23:07:48+00:00,Weak breadth and downside risk in #sensex today,weak breadth and downside risk in #sensex today,19,30,207,31308,3,,sensex,sensex,True,259
sample-0000847,sample_trader_238,2026-08-03T21:09:37+00:00,"Bank Nifty में तेजी, buyers are strong today #banknifty","bank nifty में तेजी, buyers are strong today #banknifty",15,71,223,55364,20,,banknifty,banknifty,True,329
sample-0000848,sample_trader_70,2026-08-03T22:32:16+00:00,"#NIFTY50 breakout above support, looking bullish with target 24500","#nifty50 breakout above support, looking bullish with target 24500",0,33,404,36458,17,,nifty50,nifty50,True,454
sample-0000849,sample_trader_29,2026-08-04T07:44:31+00:00,Accumulating quality stocks on dips. Market looks strong #sensex,accumulating quality stocks on dips. market looks strong #sensex,27,10,160,78902,9,,sensex,sensex,True,206
sample-0000850,sample_trader_47,2026-08-03T08:31:50+00:00,Weak breadth and downside risk in #sensex today,weak breadth and downside risk in #sensex today,12,17,120,14721,18,,sensex,sensex,True,167
sample-0000851,sample_trader_47,2026-08-03T14:23:30+00:00,"#intraday long setup confirmed, upside possible after consolidation","#intraday long setup confirmed, upside possible after consolidation",7,76,62,41129,10,,intraday,intraday,True,155
sample-0000852,sample_trader_112,2026-08-03T17:04:14+00:00,"#NIFTY50 breakdown below support, bearish pressure increasing","#nifty50 breakdown below support, bearish pressure increasing",4,13,89,28113,8,,nifty50,nifty50,True,114
sample-0000853,sample_trader_274,2026-08-03T14:36:48+00:00,"#NIFTY50 breakdown below support, bearish pressure increasing","#nifty50 breakdown below support, bearish pressure increasing",11,14,162,71581,13,,nifty50,nifty50,True,200
sample-0000854,sample_trader_186,2026-08-04T03:11:27+00:00,"#intraday long setup confirmed, upside possible after consolidation","#intraday long setup confirmed, upside possible after consolidation",15,47,420,40442,0,,intraday,intraday,True,482
sample-0000855,sample_trader_354,2026-08-04T06:28:34+00:00,"No clear setup in #sensex yet, risk management is important","no clear setup in #sensex yet, risk management is important",29,30,129,72497,12,,sensex,sensex,True,200
sample-0000856,sample_trader_122,2026-08-03T12:59:29+00:00,#intraday short setup; avoid aggressive buying in this volatility,#intraday short setup; avoid aggressive buying in this volatility,27,56,198,1081,12,,intraday,intraday,True,293
sample-0000857,sample_trader_388,2026-08-04T05:10:51+00:00,"#NIFTY50 breakdown below support, bearish pressure increasing","#nifty50 breakdown below support, bearish pressure increasing",7,38,107,21051,14,,nifty50,nifty50,True,166
sample-0000858,sample_trader_141,2026-08-04T07:14:00+00:00,Operator stock upper circuit fixed target 100% #sensex,operator stock upper circuit fixed target 100% #sensex,27,10,421,64497,15,,sensex,sensex,True,473
sample-0000859,sample_trader_83,2026-08-04T04:48:41+00:00,"Bank Nifty में गिरावट, sell on rise setup #banknifty","bank nifty में गिरावट, sell on rise setup #banknifty",22,33,259,8748,11,,banknifty,banknifty,True,325
sample-0000860,sample_trader_356,2026-08-03T15:57:51+00:00,#intraday levels posted for educational discussion only,#intraday levels posted for educational discussion only,0,6,328,24133,20,,intraday,intraday,True,354
sample-0000861,sample_trader_206,2026-08-04T08:21:17+00:00,Operator stock upper circuit fixed target 100% #sensex,operator stock upper circuit fixed target 100% #sensex,6,80,156,41170,18,,sensex,sensex,True,260
sample-0000862,sample_trader_366,2026-08-03T13:39:59+00:00,Accumulating quality stocks on dips. Market looks strong #sensex,accumulating quality stocks on dips. market looks strong #sensex,24,16,433,77908,13,,sensex,sensex,True,486
sample-0000863,sample_trader_377,2026-08-03T15:03:00+00:00,"#NIFTY50 breakdown below support, bearish pressure increasing","#nifty50 breakdown below support, bearish pressure increasing",4,33,88,77778,10,,nifty50,nifty50,True,135
sample-0000864,sample_trader_189,2026-08-03T17:22:32+00:00,"#NIFTY50 breakout above support, looking bullish with target 24500","#nifty50 breakout above support, looking bullish with target 24500",5,50,448,49506,18,,nifty50,nifty50,True,521
sample-0000865,sample_trader_237,2026-08-04T05:13:38+00:00,"Bank Nifty में तेजी, buyers are strong today #banknifty","bank nifty में तेजी, buyers are strong today #banknifty",6,33,359,22169,1,,banknifty,banknifty,True,399
sample-0000866,sample_trader_46,2026-08-04T03:01:58+00:00,#intraday short setup; avoid aggressive buying in this volatility,#intraday short setup; avoid aggressive buying in this volatility,30,47,87,74399,3,nseindia,intraday,intraday,True,167
sample-0000867,sample_trader_345,2026-08-03T15:56:52+00:00,Watching option chain and market breadth before taking a trade #banknifty,watching option chain and market breadth before taking a trade #banknifty,15,15,114,26676,6,,banknifty,banknifty,True,150
sample-0000868,sample_trader_196,2026-08-03T14:28:29+00:00,"Bank Nifty में गिरावट, sell on rise setup #banknifty","bank nifty में गिरावट, sell on rise setup #banknifty",4,55,438,27130,19,,banknifty,banknifty,True,516
sample-0000869,sample_trader_93,2026-08-03T17:14:09+00:00,Weak breadth and downside risk in #sensex today,weak breadth and downside risk in #sensex today,13,18,14,38086,8,,sensex,sensex,True,53
sample-0000870,sample_trader_299,2026-08-03T19:00:31+00:00,#NIFTY50 trading in a range; waiting for confirmation,#nifty50 trading in a range; waiting for confirmation,21,58,43,1402,15,,nifty50,nifty50,True,137
sample-0000871,sample_trader_366,2026-08-04T00:44:25+00:00,"#NIFTY50 breakdown below support, bearish pressure increasing","#nifty50 breakdown below support, bearish pressure increasing",12,54,376,78325,8,nseindia,nifty50,nifty50,True,450
sample-0000872,sample_trader_171,2026-08-04T06:34:10+00:00,#intraday levels posted for educational discussion only,#intraday levels posted for educational discussion only,29,30,241,46489,19,,intraday,intraday,True,319
sample-0000873,sample_trader_130,2026-08-04T08:16:18+00:00,"No clear setup in #sensex yet, risk management is important","no clear setup in #sensex yet, risk management is important",16,79,195,39700,12,,sensex,sensex,True,302
sample-0000874,sample_trader_92,2026-08-03T11:19:55+00:00,"#NIFTY50 breakout above support, looking bullish with target 24500","#nifty50 breakout above support, looking bullish with target 24500",8,21,257,64647,10,,nifty50,nifty50,True,296
sample-0000875,sample_trader_364,2026-08-03T20:54:49+00:00,"#NIFTY50 breakout above support, looking bullish with target 24500","#nifty50 breakout above support, looking bullish with target 24500",16,55,72,34181,3,,nifty50,nifty50,True,146
sample-0000876,sample_trader_383,2026-08-03T22:14:09+00:00,"#NIFTY50 breakout above support, looking bullish with target 24500","#nifty50 breakout above support, looking bullish with target 24500",11,55,144,34550,19,,nifty50,nifty50,True,229
sample-0000877,sample_trader_85,2026-08-03T16:36:03+00:00,"#NIFTY50 breakdown below support, bearish pressure increasing","#nifty50 breakdown below support, bearish pressure increasing",10,62,391,19876,17,,nifty50,nifty50,True,480
sample-0000878,sample_trader_97,2026-08-04T06:31:45+00:00,SURE SHOT multibagger guaranteed double money #intraday,sure shot multibagger guaranteed double money #intraday,4,6,117,24054,1,,intraday,intraday,True,128
sample-0000879,sample_trader_60,2026-08-03T16:34:37+00:00,Accumulating quality stocks on dips. Market looks strong #sensex,accumulating quality stocks on dips. market looks strong #sensex,28,63,20,57920,11,,sensex,sensex,True,122
sample-0000880,sample_trader_253,2026-08-03T15:48:01+00:00,#intraday levels posted for educational discussion only,#intraday levels posted for educational discussion only,3,18,63,45873,2,,intraday,intraday,True,86
sample-0000881,sample_trader_384,2026-08-04T02:20:22+00:00,Weak breadth and downside risk in #sensex today,weak breadth and downside risk in #sensex today,16,34,288,76815,6,,sensex,sensex,True,344
sample-0000882,sample_trader_40,2026-08-03T17:18:20+00:00,"#NIFTY50 breakout above support, looking bullish with target 24500","#nifty50 breakout above support, looking bullish with target 24500",7,63,346,12410,10,nseindia,nifty50,nifty50,True,426
sample-0000883,sample_trader_303,2026-08-03T18:51:57+00:00,"#intraday long setup confirmed, upside possible after consolidation","#intraday long setup confirmed, upside possible after consolidation",29,13,428,42456,4,nseindia,intraday,intraday,True,474
sample-0000884,sample_trader_322,2026-08-03T15:56:07+00:00,Watching option chain and market breadth before taking a trade #banknifty,watching option chain and market breadth before taking a trade #banknifty,30,34,304,810,10,,banknifty,banknifty,True,378
sample-0000885,sample_trader_375,2026-08-03T20:38:13+00:00,Operator stock upper circuit fixed target 100% #sensex,operator stock upper circuit fixed target 100% #sensex,23,72,66,27754,1,,sensex,sensex,True,162
sample-0000886,sample_trader_381,2026-08-04T06:26:41+00:00,Weak breadth and downside risk in #sensex today,weak breadth and downside risk in #sensex today,2,70,487,78993,12,,sensex,sensex,True,571
sample-0000887,sample_trader_395,2026-08-03T23:43:33+00:00,"#NIFTY50 breakdown below support, bearish pressure increasing","#nifty50 breakdown below support, bearish pressure increasing",27,51,45,2738,6,,nifty50,nifty50,True,129
sample-0000888,sample_trader_386,2026-08-03T08:54:15+00:00,"Bank Nifty में गिरावट, sell on rise setup #banknifty","bank nifty में गिरावट, sell on rise setup #banknifty",30,19,61,39181,15,,banknifty,banknifty,True,125
sample-0000889,sample_trader_341,2026-08-03T19:23:40+00:00,#intraday short setup; avoid aggressive buying in this volatility,#intraday short setup; avoid aggressive buying in this volatility,3,47,262,26247,15,,intraday,intraday,True,327
sample-0000890,sample_trader_289,2026-08-03T22:41:30+00:00,"#NIFTY50 breakdown below support, bearish pressure increasing","#nifty50 breakdown below support, bearish pressure increasing",19,54,46,55432,11,,nifty50,nifty50,True,130
sample-0000891,sample_trader_21,2026-08-04T05:04:58+00:00,#intraday short setup; avoid aggressive buying in this volatility,#intraday short setup; avoid aggressive buying in this volatility,16,43,498,60805,7,,intraday,intraday,True,564
sample-0000892,sample_trader_323,2026-08-03T13:16:09+00:00,"Bank Nifty में तेजी, buyers are strong today #banknifty","bank nifty में तेजी, buyers are strong today #banknifty",20,67,42,38153,14,,banknifty,banknifty,True,143
sample-0000893,sample_trader_66,2026-08-04T03:03:22+00:00,"No clear setup in #sensex yet, risk management is important","no clear setup in #sensex yet, risk management is important",21,38,430,32641,16,,sensex,sensex,True,505
sample-0000894,sample_trader_40,2026-08-03T12:24:21+00:00,#NIFTY50 trading in a range; waiting for confirmation,#nifty50 trading in a range; waiting for confirmation,29,5,262,14157,16,,nifty50,nifty50,True,312
sample-0000895,sample_trader_417,2026-08-03T11:46:09+00:00,Accumulating quality stocks on dips. Market looks strong #sensex,accumulating quality stocks on dips. market looks strong #sensex,8,45,130,76801,2,,sensex,sensex,True,185
sample-0000896,sample_trader_92,2026-08-03T15:36:50+00:00,"Bank Nifty में तेजी, buyers are strong today #banknifty","bank nifty में तेजी, buyers are strong today #banknifty",25,23,431,51555,1,,banknifty,banknifty,True,480
sample-0000897,sample_trader_371,2026-08-03T11:05:14+00:00,#intraday short setup; avoid aggressive buying in this volatility,#intraday short setup; avoid aggressive buying in this volatility,14,57,319,34793,10,,intraday,intraday,True,400
sample-0000898,sample_trader_41,2026-08-04T01:43:41+00:00,"#intraday long setup confirmed, upside possible after consolidation","#intraday long setup confirmed, upside possible after consolidation",23,77,132,13986,13,,intraday,intraday,True,245
sample-0000899,sample_trader_7,2026-08-04T04:13:07+00:00,"#NIFTY50 breakout above support, looking bullish with target 24500","#nifty50 breakout above support, looking bullish with target 24500",5,61,235,53146,19,,nifty50,nifty50,True,320
sample-0000900,sample_trader_412,2026-08-03T18:05:07+00:00,#intraday short setup; avoid aggressive buying in this volatility,#intraday short setup; avoid aggressive buying in this volatility,9,11,64,17759,0,,intraday,intraday,True,84
sample-0000901,sample_trader_108,2026-08-04T07:29:26+00:00,"Bank Nifty में तेजी, buyers are strong today #banknifty","bank nifty में तेजी, buyers are strong today #banknifty",15,18,332,31740,13,,banknifty,banknifty,True,378
sample-0000902,sample_trader_155,2026-08-04T05:19:56+00:00,"No clear setup in #sensex yet, risk management is important","no clear setup in #sensex yet, risk management is important",24,59,75,62176,13,nseindia,sensex,sensex,True,171
sample-0000903,sample_trader_249,2026-08-03T16:15:19+00:00,Accumulating quality stocks on dips. Market looks strong #sensex,accumulating quality stocks on dips. market looks strong #sensex,15,2,440,58968,18,,sensex,sensex,True,475
sample-0000904,sample_trader_171,2026-08-04T06:36:46+00:00,Weak breadth and downside risk in #sensex today,weak breadth and downside risk in #sensex today,0,13,322,56645,13,,sensex,sensex,True,348
sample-0000905,sample_trader_250,2026-08-04T07:07:09+00:00,Watching option chain and market breadth before taking a trade #banknifty,watching option chain and market breadth before taking a trade #banknifty,12,62,262,77518,19,,banknifty,banknifty,True,355
sample-0000906,sample_trader_271,2026-08-04T06:15:24+00:00,#intraday levels posted for educational discussion only,#intraday levels posted for educational discussion only,0,54,295,41449,17,nseindia,intraday,intraday,True,366
sample-0000907,sample_trader_60,2026-08-03T15:13:59+00:00,Operator stock upper circuit fixed target 100% #sensex,operator stock upper circuit fixed target 100% #sensex,15,79,480,45501,14,,sensex,sensex,True,588
sample-0000908,sample_trader_372,2026-08-03T21:58:50+00:00,"Bank Nifty में तेजी, buyers are strong today #banknifty","bank nifty में तेजी, buyers are strong today #banknifty",6,60,176,57474,7,,banknifty,banknifty,True,249
sample-0000909,sample_trader_367,2026-08-03T10:32:42+00:00,Watching option chain and market breadth before taking a trade #banknifty,watching option chain and market breadth before taking a trade #banknifty,21,59,67,38505,12,,banknifty,banknifty,True,159
sample-0000910,sample_trader_410,2026-08-03T15:16:12+00:00,Operator stock upper circuit fixed target 100% #sensex,operator stock upper circuit fixed target 100% #sensex,27,20,318,27209,9,,sensex,sensex,True,374
sample-0000911,sample_trader_89,2026-08-04T03:46:00+00:00,"Bank Nifty में तेजी, buyers are strong today #banknifty","bank nifty में तेजी, buyers are strong today #banknifty",6,20,310,64561,3,,banknifty,banknifty,True,339
sample-0000912,sample_trader_108,2026-08-03T23:55:15+00:00,#intraday levels posted for educational discussion only,#intraday levels posted for educational discussion only,17,6,9,47076,8,,intraday,intraday,True,40
sample-0000913,sample_trader_17,2026-08-03T14:08:09+00:00,Accumulating quality stocks on dips. Market looks strong #sensex,accumulating quality stocks on dips. market looks strong #sensex,25,8,172,56492,3,,sensex,sensex,True,208
sample-0000914,sample_trader_133,2026-08-03T14:45:32+00:00,"#intraday long setup confirmed, upside possible after consolidation","#intraday long setup confirmed, upside possible after consolidation",10,45,393,6167,17,,intraday,intraday,True,465
sample-0000915,sample_trader_225,2026-08-04T06:37:52+00:00,"Bank Nifty में तेजी, buyers are strong today #banknifty","bank nifty में तेजी, buyers are strong today #banknifty",25,58,492,14589,3,,banknifty,banknifty,True,578
sample-0000916,sample_trader_22,2026-08-03T11:59:16+00:00,#intraday levels posted for educational discussion only,#intraday levels posted for educational discussion only,16,13,85,15524,6,,intraday,intraday,True,120
sample-0000917,sample_trader_391,2026-08-03T16:23:30+00:00,Accumulating quality stocks on dips. Market looks strong #sensex,accumulating quality stocks on dips. market looks strong #sensex,16,63,375,13064,4,,sensex,sensex,True,458
sample-0000918,sample_trader_104,2026-08-04T03:59:21+00:00,"Bank Nifty में गिरावट, sell on rise setup #banknifty","bank nifty में गिरावट, sell on rise setup #banknifty",14,53,393,913,7,,banknifty,banknifty,True,467
sample-0000919,sample_trader_259,2026-08-03T22:01:35+00:00,"No clear setup in #sensex yet, risk management is important","no clear setup in #sensex yet, risk management is important",5,10,136,48865,13,,sensex,sensex,True,164
sample-0000920,sample_trader_216,2026-08-03T13:10:58+00:00,"#intraday long setup confirmed, upside possible after consolidation","#intraday long setup confirmed, upside possible after consolidation",25,29,70,56256,13,,intraday,intraday,True,137
sample-0000921,sample_trader_227,2026-08-04T07:22:59+00:00,Watching option chain and market breadth before taking a trade #banknifty,watching option chain and market breadth before taking a trade #banknifty,4,1,367,67859,2,,banknifty,banknifty,True,374
sample-0000922,sample_trader_223,2026-08-04T02:29:02+00:00,"#NIFTY50 breakdown below support, bearish pressure increasing","#nifty50 breakdown below support, bearish pressure increasing",1,50,388,4911,20,,nifty50,nifty50,True,459
sample-0000923,sample_trader_366,2026-08-03T09:28:14+00:00,#NIFTY50 trading in a range; waiting for confirmation,#nifty50 trading in a range; waiting for confirmation,25,66,498,38811,13,,nifty50,nifty50,True,602
sample-0000924,sample_trader_177,2026-08-03T21:02:44+00:00,#intraday levels posted for educational discussion only,#intraday levels posted for educational discussion only,0,35,460,69228,19,,intraday,intraday,True,514
sample-0000925,sample_trader_106,2026-08-03T09:01:26+00:00,"Bank Nifty में गिरावट, sell on rise setup #banknifty","bank nifty में गिरावट, sell on rise setup #banknifty",28,69,319,58002,11,,banknifty,banknifty,True,427
sample-0000926,sample_trader_155,2026-08-04T01:17:01+00:00,Operator stock upper circuit fixed target 100% #sensex,operator stock upper circuit fixed target 100% #sensex,2,4,275,43892,12,,sensex,sensex,True,293
sample-0000927,sample_trader_48,2026-08-04T00:41:06+00:00,"#NIFTY50 breakout above support, looking bullish with target 24500","#nifty50 breakout above support, looking bullish with target 24500",16,70,159,68382,10,,nifty50,nifty50,True,255
sample-0000928,sample_trader_408,2026-08-04T07:27:05+00:00,Accumulating quality stocks on dips. Market looks strong #sensex,accumulating quality stocks on dips. market looks strong #sensex,17,75,132,31682,9,,sensex,sensex,True,233
sample-0000929,sample_trader_191,2026-08-04T06:17:03+00:00,#NIFTY50 trading in a range; waiting for confirmation,#nifty50 trading in a range; waiting for confirmation,8,80,259,46511,3,nseindia,nifty50,nifty50,True,350
sample-0000930,sample_trader_153,2026-08-03T16:07:44+00:00,Operator stock upper circuit fixed target 100% #sensex,operator stock upper circuit fixed target 100% #sensex,18,0,232,44480,7,,sensex,sensex,True,257
sample-0000931,sample_trader_154,2026-08-03T19:42:41+00:00,Watching option chain and market breadth before taking a trade #banknifty,watching option chain and market breadth before taking a trade #banknifty,9,73,344,18396,12,,banknifty,banknifty,True,438
sample-0000932,sample_trader_265,2026-08-03T20:31:49+00:00,"#intraday long setup confirmed, upside possible after consolidation","#intraday long setup confirmed, upside possible after consolidation",18,24,421,47402,14,,intraday,intraday,True,477
sample-0000933,sample_trader_48,2026-08-04T05:29:00+00:00,#intraday short setup; avoid aggressive buying in this volatility,#intraday short setup; avoid aggressive buying in this volatility,1,54,454,17097,15,,intraday,intraday,True,524
sample-0000934,sample_trader_207,2026-08-03T13:18:23+00:00,"#NIFTY50 breakout above support, looking bullish with target 24500","#nifty50 breakout above support, looking bullish with target 24500",18,71,265,51794,8,,nifty50,nifty50,True,362
sample-0000935,sample_trader_353,2026-08-03T16:26:38+00:00,SURE SHOT multibagger guaranteed double money #intraday,sure shot multibagger guaranteed double money #intraday,29,62,374,54696,5,,intraday,intraday,True,470
sample-0000936,sample_trader_67,2026-08-03T15:48:07+00:00,"#NIFTY50 breakout above support, looking bullish with target 24500","#nifty50 breakout above support, looking bullish with target 24500",30,65,441,69405,3,,nifty50,nifty50,True,539
sample-0000937,sample_trader_383,2026-08-04T07:16:47+00:00,Watching option chain and market breadth before taking a trade #banknifty,watching option chain and market breadth before taking a trade #banknifty,5,71,189,15616,19,,banknifty,banknifty,True,284
sample-0000938,sample_trader_293,2026-08-03T19:00:38+00:00,"#intraday long setup confirmed, upside possible after consolidation","#intraday long setup confirmed, upside possible after consolidation",9,5,267,20143,3,,intraday,intraday,True,284
sample-0000939,sample_trader_249,2026-08-03T21:45:48+00:00,#intraday short setup; avoid aggressive buying in this volatility,#intraday short setup; avoid aggressive buying in this volatility,0,18,72,77333,13,nseindia,intraday,intraday,True,103
sample-0000940,sample_trader_94,2026-08-04T00:37:04+00:00,#intraday short setup; avoid aggressive buying in this volatility,#intraday short setup; avoid aggressive buying in this volatility,26,62,1,16083,17,,intraday,intraday,True,106
sample-0000941,sample_trader_294,2026-08-03T14:56:52+00:00,Accumulating quality stocks on dips. Market looks strong #sensex,accumulating quality stocks on dips. market looks strong #sensex,9,72,231,44329,12,,sensex,sensex,True,324
sample-0000942,sample_trader_259,2026-08-04T03:25:24+00:00,"No clear setup in #sensex yet, risk management is important","no clear setup in #sensex yet, risk management is important",20,58,389,59023,14,,sensex,sensex,True,481
sample-0000943,sample_trader_341,2026-08-03T09:43:11+00:00,"#NIFTY50 breakdown below support, bearish pressure increasing","#nifty50 breakdown below support, bearish pressure increasing",19,52,198,30566,12,,nifty50,nifty50,True,281
sample-0000944,sample_trader_331,2026-08-03T22:22:04+00:00,Accumulating quality stocks on dips. Market looks strong #sensex,accumulating quality stocks on dips. market looks strong #sensex,2,21,362,3301,18,,sensex,sensex,True,403
sample-0000945,sample_trader_287,2026-08-03T09:01:21+00:00,#intraday short setup; avoid aggressive buying in this volatility,#intraday short setup; avoid aggressive buying in this volatility,2,24,489,71069,18,,intraday,intraday,True,533
sample-0000946,sample_trader_258,2026-08-03T15:08:32+00:00,#NIFTY50 trading in a range; waiting for confirmation,#nifty50 trading in a range; waiting for confirmation,28,2,61,69761,5,,nifty50,nifty50,True,96
sample-0000947,sample_trader_362,2026-08-03T23:32:10+00:00,"Bank Nifty में गिरावट, sell on rise setup #banknifty","bank nifty में गिरावट, sell on rise setup #banknifty",26,74,227,11144,17,,banknifty,banknifty,True,344
sample-0000948,sample_trader_12,2026-08-03T14:34:22+00:00,"Bank Nifty में गिरावट, sell on rise setup #banknifty","bank nifty में गिरावट, sell on rise setup #banknifty",10,55,92,54436,0,,banknifty,banknifty,True,157
sample-0000949,sample_trader_47,2026-08-03T23:06:12+00:00,"#NIFTY50 breakdown below support, bearish pressure increasing","#nifty50 breakdown below support, bearish pressure increasing",3,12,277,22090,9,,nifty50,nifty50,True,301
sample-0000950,sample_trader_158,2026-08-04T02:51:06+00:00,"#NIFTY50 breakdown below support, bearish pressure increasing","#nifty50 breakdown below support, bearish pressure increasing",30,52,347,22226,1,,nifty50,nifty50,True,430
sample-0000951,sample_trader_366,2026-08-04T07:28:39+00:00,"#NIFTY50 breakdown below support, bearish pressure increasing","#nifty50 breakdown below support, bearish pressure increasing",1,38,199,12992,10,,nifty50,nifty50,True,248
sample-0000952,sample_trader_62,2026-08-03T18:47:41+00:00,"#NIFTY50 breakdown below support, bearish pressure increasing","#nifty50 breakdown below support, bearish pressure increasing",1,25,122,78300,18,,nifty50,nifty50,True,166
sample-0000953,sample_trader_138,2026-08-04T04:16:37+00:00,#NIFTY50 trading in a range; waiting for confirmation,#nifty50 trading in a range; waiting for confirmation,1,40,237,72548,13,nseindia,nifty50,nifty50,True,291
sample-0000954,sample_trader_120,2026-08-03T09:24:01+00:00,"Bank Nifty में तेजी, buyers are strong today #banknifty","bank nifty में तेजी, buyers are strong today #banknifty",29,2,137,72673,18,,banknifty,banknifty,True,186
sample-0000955,sample_trader_291,2026-08-03T21:22:34+00:00,"#intraday long setup confirmed, upside possible after consolidation","#intraday long setup confirmed, upside possible after consolidation",13,57,42,65642,6,,intraday,intraday,True,118
sample-0000956,sample_trader_87,2026-08-03T12:47:24+00:00,"Bank Nifty में तेजी, buyers are strong today #banknifty","bank nifty में तेजी, buyers are strong today #banknifty",25,31,275,55592,17,,banknifty,banknifty,True,348
sample-0000957,sample_trader_149,2026-08-03T09:52:00+00:00,"#NIFTY50 breakout above support, looking bullish with target 24500","#nifty50 breakout above support, looking bullish with target 24500",20,21,0,7937,15,,nifty50,nifty50,True,56
sample-0000958,sample_trader_324,2026-08-03T19:40:19+00:00,"#NIFTY50 breakdown below support, bearish pressure increasing","#nifty50 breakdown below support, bearish pressure increasing",6,74,430,66939,9,nseindia,nifty50,nifty50,True,519
sample-0000959,sample_trader_46,2026-08-03T21:31:15+00:00,"No clear setup in #sensex yet, risk management is important","no clear setup in #sensex yet, risk management is important",12,15,425,18354,17,,sensex,sensex,True,469
sample-0000960,sample_trader_259,2026-08-03T10:14:28+00:00,#intraday short setup; avoid aggressive buying in this volatility,#intraday short setup; avoid aggressive buying in this volatility,30,40,452,44959,20,,intraday,intraday,True,542
sample-0000961,sample_trader_340,2026-08-03T23:30:46+00:00,#NIFTY50 trading in a range; waiting for confirmation,#nifty50 trading in a range; waiting for confirmation,10,43,107,60316,19,,nifty50,nifty50,True,179
sample-0000962,sample_trader_244,2026-08-03T10:18:06+00:00,"#NIFTY50 breakout above support, looking bullish with target 24500","#nifty50 breakout above support, looking bullish with target 24500",0,1,344,22795,13,,nifty50,nifty50,True,358
sample-0000963,sample_trader_42,2026-08-03T12:52:27+00:00,#intraday levels posted for educational discussion only,#intraday levels posted for educational discussion only,25,9,275,4106,14,,intraday,intraday,True,323
sample-0000964,sample_trader_184,2026-08-03T10:34:25+00:00,Weak breadth and downside risk in #sensex today,weak breadth and downside risk in #sensex today,12,22,429,1155,3,,sensex,sensex,True,466
sample-0000965,sample_trader_114,2026-08-04T08:07:33+00:00,"#NIFTY50 breakout above support, looking bullish with target 24500","#nifty50 breakout above support, looking bullish with target 24500",23,2,388,36898,11,,nifty50,nifty50,True,424
sample-0000966,sample_trader_120,2026-08-04T00:24:54+00:00,#intraday levels posted for educational discussion only,#intraday levels posted for educational discussion only,15,46,18,36849,15,,intraday,intraday,True,94
sample-0000967,sample_trader_101,2026-08-04T08:12:25+00:00,"No clear setup in #sensex yet, risk management is important","no clear setup in #sensex yet, risk management is important",26,50,56,36402,18,,sensex,sensex,True,150
sample-0000968,sample_trader_345,2026-08-03T11:52:12+00:00,Accumulating quality stocks on dips. Market looks strong #sensex,accumulating quality stocks on dips. market looks strong #sensex,21,77,289,23056,2,,sensex,sensex,True,389
sample-0000969,sample_trader_292,2026-08-03T23:00:51+00:00,"#NIFTY50 breakout above support, looking bullish with target 24500","#nifty50 breakout above support, looking bullish with target 24500",27,29,451,68611,8,,nifty50,nifty50,True,515
sample-0000970,sample_trader_233,2026-08-03T12:04:25+00:00,"Bank Nifty में तेजी, buyers are strong today #banknifty","bank nifty में तेजी, buyers are strong today #banknifty",0,54,328,6847,10,,banknifty,banknifty,True,392
sample-0000971,sample_trader_349,2026-08-04T04:02:07+00:00,Weak breadth and downside risk in #sensex today,weak breadth and downside risk in #sensex today,16,59,253,47428,16,,sensex,sensex,True,344
sample-0000972,sample_trader_216,2026-08-03T22:20:51+00:00,Accumulating quality stocks on dips. Market looks strong #sensex,accumulating quality stocks on dips. market looks strong #sensex,17,57,161,726,12,,sensex,sensex,True,247
sample-0000973,sample_trader_354,2026-08-04T00:15:07+00:00,"Bank Nifty में तेजी, buyers are strong today #banknifty","bank nifty में तेजी, buyers are strong today #banknifty",13,9,469,32815,6,,banknifty,banknifty,True,497
sample-0000974,sample_trader_321,2026-08-03T09:40:30+00:00,#intraday short setup; avoid aggressive buying in this volatility,#intraday short setup; avoid aggressive buying in this volatility,3,3,245,56666,0,,intraday,intraday,True,251
sample-0000975,sample_trader_127,2026-08-03T23:20:59+00:00,SURE SHOT multibagger guaranteed double money #intraday,sure shot multibagger guaranteed double money #intraday,3,60,122,44719,1,,intraday,intraday,True,186
sample-0000976,sample_trader_398,2026-08-04T05:48:44+00:00,Watching option chain and market breadth before taking a trade #banknifty,watching option chain and market breadth before taking a trade #banknifty,19,79,224,12589,20,,banknifty,banknifty,True,342
sample-0000977,sample_trader_18,2026-08-04T06:15:26+00:00,"#intraday long setup confirmed, upside possible after consolidation","#intraday long setup confirmed, upside possible after consolidation",12,40,455,8573,4,nseindia,intraday,intraday,True,511
sample-0000978,sample_trader_313,2026-08-03T21:29:26+00:00,#NIFTY50 trading in a range; waiting for confirmation,#nifty50 trading in a range; waiting for confirmation,20,55,33,13396,1,,nifty50,nifty50,True,109
sample-0000979,sample_trader_50,2026-08-03T17:50:31+00:00,Weak breadth and downside risk in #sensex today,weak breadth and downside risk in #sensex today,19,52,119,78637,19,nseindia,sensex,sensex,True,209
sample-0000980,sample_trader_318,2026-08-03T16:52:48+00:00,"#NIFTY50 breakdown below support, bearish pressure increasing","#nifty50 breakdown below support, bearish pressure increasing",19,12,173,3454,14,,nifty50,nifty50,True,218
sample-0000981,sample_trader_53,2026-08-04T04:32:04+00:00,Watching option chain and market breadth before taking a trade #banknifty,watching option chain and market breadth before taking a trade #banknifty,0,76,365,8903,18,,banknifty,banknifty,True,459
sample-0000982,sample_trader_261,2026-08-03T09:15:40+00:00,"#NIFTY50 breakout above support, looking bullish with target 24500","#nifty50 breakout above support, looking bullish with target 24500",8,45,215,63147,19,,nifty50,nifty50,True,287
sample-0000983,sample_trader_31,2026-08-04T06:51:44+00:00,"#intraday long setup confirmed, upside possible after consolidation","#intraday long setup confirmed, upside possible after consolidation",4,39,299,57177,16,,intraday,intraday,True,358
sample-0000984,sample_trader_278,2026-08-03T11:12:58+00:00,Weak breadth and downside risk in #sensex today,weak breadth and downside risk in #sensex today,24,18,75,61591,9,,sensex,sensex,True,126
sample-0000985,sample_trader_266,2026-08-04T08:10:21+00:00,Weak breadth and downside risk in #sensex today,weak breadth and downside risk in #sensex today,18,18,29,31164,16,,sensex,sensex,True,81
sample-0000986,sample_trader_177,2026-08-03T17:06:00+00:00,#intraday levels posted for educational discussion only,#intraday levels posted for educational discussion only,6,25,327,26429,2,,intraday,intraday,True,360
sample-0000987,sample_trader_355,2026-08-03T10:37:48+00:00,"No clear setup in #sensex yet, risk management is important","no clear setup in #sensex yet, risk management is important",10,74,289,44045,19,,sensex,sensex,True,392
sample-0000988,sample_trader_233,2026-08-04T04:38:58+00:00,"Bank Nifty में गिरावट, sell on rise setup #banknifty","bank nifty में गिरावट, sell on rise setup #banknifty",28,5,253,28807,0,,banknifty,banknifty,True,286
sample-0000989,sample_trader_110,2026-08-03T09:45:02+00:00,Accumulating quality stocks on dips. Market looks strong #sensex,accumulating quality stocks on dips. market looks strong #sensex,7,61,376,43502,12,,sensex,sensex,True,456
sample-0000990,sample_trader_6,2026-08-03T19:15:25+00:00,"#intraday long setup confirmed, upside possible after consolidation","#intraday long setup confirmed, upside possible after consolidation",2,45,15,72754,3,,intraday,intraday,True,65
sample-0000991,sample_trader_300,2026-08-03T09:28:50+00:00,#NIFTY50 trading in a range; waiting for confirmation,#nifty50 trading in a range; waiting for confirmation,29,46,22,3940,6,,nifty50,nifty50,True,103
sample-0000992,sample_trader_369,2026-08-03T22:55:40+00:00,"#intraday long setup confirmed, upside possible after consolidation","#intraday long setup confirmed, upside possible after consolidation",5,43,433,72730,7,,intraday,intraday,True,488
sample-0000993,sample_trader_52,2026-08-03T22:56:07+00:00,"Bank Nifty में तेजी, buyers are strong today #banknifty","bank nifty में तेजी, buyers are strong today #banknifty",0,17,194,14594,10,,banknifty,banknifty,True,221
sample-0000994,sample_trader_190,2026-08-03T23:43:24+00:00,#intraday short setup; avoid aggressive buying in this volatility,#intraday short setup; avoid aggressive buying in this volatility,25,47,338,22510,16,,intraday,intraday,True,426
sample-0000995,sample_trader_61,2026-08-04T06:05:11+00:00,#intraday levels posted for educational discussion only,#intraday levels posted for educational discussion only,4,16,406,24906,6,,intraday,intraday,True,432
sample-0000996,sample_trader_220,2026-08-03T10:38:16+00:00,#intraday short setup; avoid aggressive buying in this volatility,#intraday short setup; avoid aggressive buying in this volatility,20,31,471,6104,19,,intraday,intraday,True,541
sample-0000997,sample_trader_168,2026-08-04T03:03:28+00:00,"No clear setup in #sensex yet, risk management is important","no clear setup in #sensex yet, risk management is important",7,6,322,36759,4,,sensex,sensex,True,339
sample-0000998,sample_trader_373,2026-08-04T00:50:55+00:00,Watching option chain and market breadth before taking a trade #banknifty,watching option chain and market breadth before taking a trade #banknifty,2,60,404,8553,5,,banknifty,banknifty,True,471
sample-0000999,sample_trader_266,2026-08-03T14:18:50+00:00,Operator stock upper circuit fixed target 100% #sensex,operator stock upper circuit fixed target 100% #sensex,14,22,164,49055,16,,sensex,sensex,True,216
sample-0001000,sample_trader_298,2026-08-03T22:41:49+00:00,#intraday levels posted for educational discussion only,#intraday levels posted for educational discussion only,12,74,332,4847,6,,intraday,intraday,True,424
sample-0001001,sample_trader_203,2026-08-03T23:55:59+00:00,"#NIFTY50 breakout above support, looking bullish with target 24500","#nifty50 breakout above support, looking bullish with target 24500",6,39,217,49475,18,,nifty50,nifty50,True,280
sample-0001002,sample_trader_44,2026-08-03T12:25:19+00:00,#intraday short setup; avoid aggressive buying in this volatility,#intraday short setup; avoid aggressive buying in this volatility,4,10,151,58312,16,,intraday,intraday,True,181
sample-0001003,sample_trader_263,2026-08-03T15:31:39+00:00,Watching option chain and market breadth before taking a trade #banknifty,watching option chain and market breadth before taking a trade #banknifty,19,43,218,59183,14,,banknifty,banknifty,True,294
sample-0001004,sample_trader_140,2026-08-03T20:55:28+00:00,#intraday short setup; avoid aggressive buying in this volatility,#intraday short setup; avoid aggressive buying in this volatility,12,3,91,57942,7,,intraday,intraday,True,113
sample-0001005,sample_trader_151,2026-08-04T05:27:58+00:00,"#NIFTY50 breakout above support, looking bullish with target 24500","#nifty50 breakout above support, looking bullish with target 24500",26,64,262,71700,20,nseindia,nifty50,nifty50,True,372
sample-0001006,sample_trader_61,2026-08-04T04:53:02+00:00,"Bank Nifty में गिरावट, sell on rise setup #banknifty","bank nifty में गिरावट, sell on rise setup #banknifty",2,46,19,71618,6,,banknifty,banknifty,True,73
sample-0001007,sample_trader_382,2026-08-03T21:26:43+00:00,"Bank Nifty में गिरावट, sell on rise setup #banknifty","bank nifty में गिरावट, sell on rise setup #banknifty",26,35,97,79221,4,,banknifty,banknifty,True,162
sample-0001008,sample_trader_395,2026-08-04T08:09:22+00:00,"No clear setup in #sensex yet, risk management is important","no clear setup in #sensex yet, risk management is important",9,36,421,45483,12,,sensex,sensex,True,478
sample-0001009,sample_trader_335,2026-08-03T15:16:54+00:00,Watching option chain and market breadth before taking a trade #banknifty,watching option chain and market breadth before taking a trade #banknifty,16,19,443,52151,7,,banknifty,banknifty,True,485
sample-0001010,sample_trader_265,2026-08-03T23:57:26+00:00,"Bank Nifty में तेजी, buyers are strong today #banknifty","bank nifty में तेजी, buyers are strong today #banknifty",18,70,387,61488,14,,banknifty,banknifty,True,489
sample-0001011,sample_trader_220,2026-08-04T01:37:39+00:00,"Bank Nifty में तेजी, buyers are strong today #banknifty","bank nifty में तेजी, buyers are strong today #banknifty",24,53,107,57548,14,,banknifty,banknifty,True,198
sample-0001012,sample_trader_296,2026-08-04T03:24:28+00:00,"Bank Nifty में तेजी, buyers are strong today #banknifty","bank nifty में तेजी, buyers are strong today #banknifty",27,16,156,1318,15,,banknifty,banknifty,True,214
sample-0001013,sample_trader_215,2026-08-04T00:15:25+00:00,Weak breadth and downside risk in #sensex today,weak breadth and downside risk in #sensex today,13,51,390,70514,9,,sensex,sensex,True,463
sample-0001014,sample_trader_79,2026-08-04T03:24:04+00:00,"Bank Nifty में तेजी, buyers are strong today #banknifty","bank nifty में तेजी, buyers are strong today #banknifty",30,42,290,79086,19,,banknifty,banknifty,True,381
sample-0001015,sample_trader_201,2026-08-04T01:01:55+00:00,"Bank Nifty में गिरावट, sell on rise setup #banknifty","bank nifty में गिरावट, sell on rise setup #banknifty",2,68,197,24735,15,,banknifty,banknifty,True,282
sample-0001016,sample_trader_156,2026-08-03T09:12:05+00:00,#NIFTY50 trading in a range; waiting for confirmation,#nifty50 trading in a range; waiting for confirmation,2,21,53,72520,5,nseindia,nifty50,nifty50,True,81
sample-0001017,sample_trader_96,2026-08-04T07:29:23+00:00,"No clear setup in #sensex yet, risk management is important","no clear setup in #sensex yet, risk management is important",6,8,466,50629,9,,sensex,sensex,True,489
sample-0001018,sample_trader_30,2026-08-03T15:54:47+00:00,Weak breadth and downside risk in #sensex today,weak breadth and downside risk in #sensex today,11,66,5,22571,10,,sensex,sensex,True,92
sample-0001019,sample_trader_57,2026-08-04T02:44:58+00:00,Weak breadth and downside risk in #sensex today,weak breadth and downside risk in #sensex today,4,68,214,62735,2,,sensex,sensex,True,288
sample-0001020,sample_trader_159,2026-08-04T00:58:42+00:00,"Bank Nifty में तेजी, buyers are strong today #banknifty","bank nifty में तेजी, buyers are strong today #banknifty",13,60,81,79179,18,,banknifty,banknifty,True,172
sample-0001021,sample_trader_367,2026-08-03T14:10:20+00:00,Watching option chain and market breadth before taking a trade #banknifty,watching option chain and market breadth before taking a trade #banknifty,21,58,141,26487,0,,banknifty,banknifty,True,220
sample-0001022,sample_trader_310,2026-08-03T17:55:52+00:00,#NIFTY50 trading in a range; waiting for confirmation,#nifty50 trading in a range; waiting for confirmation,25,31,269,43158,18,,nifty50,nifty50,True,343
sample-0001023,sample_trader_21,2026-08-03T11:29:26+00:00,Watching option chain and market breadth before taking a trade #banknifty,watching option chain and market breadth before taking a trade #banknifty,23,11,147,59859,11,,banknifty,banknifty,True,192
sample-0001024,sample_trader_415,2026-08-03T10:08:50+00:00,#intraday short setup; avoid aggressive buying in this volatility,#intraday short setup; avoid aggressive buying in this volatility,27,22,212,32704,5,,intraday,intraday,True,266
sample-0001025,sample_trader_338,2026-08-03T18:27:42+00:00,#intraday short setup; avoid aggressive buying in this volatility,#intraday short setup; avoid aggressive buying in this volatility,5,72,48,51633,1,,intraday,intraday,True,126
sample-0001026,sample_trader_276,2026-08-03T09:35:56+00:00,Accumulating quality stocks on dips. Market looks strong #sensex,accumulating quality stocks on dips. market looks strong #sensex,9,8,357,28526,15,,sensex,sensex,True,389
sample-0001027,sample_trader_40,2026-08-03T19:02:30+00:00,#intraday levels posted for educational discussion only,#intraday levels posted for educational discussion only,24,13,258,42781,13,,intraday,intraday,True,308
sample-0001028,sample_trader_23,2026-08-03T14:02:30+00:00,"#NIFTY50 breakdown below support, bearish pressure increasing","#nifty50 breakdown below support, bearish pressure increasing",14,3,37,60592,12,,nifty50,nifty50,True,66
sample-0001029,sample_trader_20,2026-08-03T18:01:28+00:00,"Bank Nifty में गिरावट, sell on rise setup #banknifty","bank nifty में गिरावट, sell on rise setup #banknifty",0,32,58,17938,10,,banknifty,banknifty,True,100
sample-0001030,sample_trader_35,2026-08-03T15:40:10+00:00,Watching option chain and market breadth before taking a trade #banknifty,watching option chain and market breadth before taking a trade #banknifty,2,70,336,31807,14,,banknifty,banknifty,True,422
sample-0001031,sample_trader_10,2026-08-04T02:15:21+00:00,"Bank Nifty में गिरावट, sell on rise setup #banknifty","bank nifty में गिरावट, sell on rise setup #banknifty",19,12,90,38604,3,,banknifty,banknifty,True,124
sample-0001032,sample_trader_344,2026-08-04T05:38:31+00:00,"Bank Nifty में गिरावट, sell on rise setup #banknifty","bank nifty में गिरावट, sell on rise setup #banknifty",24,1,346,35865,4,,banknifty,banknifty,True,375
sample-0001033,sample_trader_346,2026-08-04T07:12:46+00:00,"#intraday long setup confirmed, upside possible after consolidation","#intraday long setup confirmed, upside possible after consolidation",17,27,226,6309,20,,intraday,intraday,True,290
sample-0001034,sample_trader_354,2026-08-03T18:14:41+00:00,Operator stock upper circuit fixed target 100% #sensex,operator stock upper circuit fixed target 100% #sensex,9,56,26,78457,0,nseindia,sensex,sensex,True,91
sample-0001035,sample_trader_192,2026-08-03T23:22:32+00:00,"#NIFTY50 breakdown below support, bearish pressure increasing","#nifty50 breakdown below support, bearish pressure increasing",29,30,102,12028,0,,nifty50,nifty50,True,161
sample-0001036,sample_trader_349,2026-08-04T01:28:15+00:00,"#NIFTY50 breakout above support, looking bullish with target 24500","#nifty50 breakout above support, looking bullish with target 24500",21,8,112,12711,5,,nifty50,nifty50,True,146
sample-0001037,sample_trader_56,2026-08-03T13:48:26+00:00,Accumulating quality stocks on dips. Market looks strong #sensex,accumulating quality stocks on dips. market looks strong #sensex,26,41,165,73719,20,,sensex,sensex,True,252
sample-0001038,sample_trader_62,2026-08-03T16:53:17+00:00,"Bank Nifty में तेजी, buyers are strong today #banknifty","bank nifty में तेजी, buyers are strong today #banknifty",7,27,54,46787,10,,banknifty,banknifty,True,98
sample-0001039,sample_trader_200,2026-08-04T08:01:50+00:00,"Bank Nifty में गिरावट, sell on rise setup #banknifty","bank nifty में गिरावट, sell on rise setup #banknifty",6,58,112,8702,8,,banknifty,banknifty,True,184
sample-0001040,sample_trader_112,2026-08-04T06:00:55+00:00,#intraday short setup; avoid aggressive buying in this volatility,#intraday short setup; avoid aggressive buying in this volatility,13,38,392,78544,15,,intraday,intraday,True,458
sample-0001041,sample_trader_49,2026-08-03T23:17:38+00:00,Accumulating quality stocks on dips. Market looks strong #sensex,accumulating quality stocks on dips. market looks strong #sensex,19,41,323,50980,4,,sensex,sensex,True,387
sample-0001042,sample_trader_35,2026-08-03T14:54:47+00:00,SURE SHOT multibagger guaranteed double money #intraday,sure shot multibagger guaranteed double money #intraday,10,2,311,76731,14,,intraday,intraday,True,337
sample-0001043,sample_trader_301,2026-08-03T14:08:16+00:00,SURE SHOT multibagger guaranteed double money #intraday,sure shot multibagger guaranteed double money #intraday,22,1,119,2830,19,,intraday,intraday,True,161
sample-0001044,sample_trader_378,2026-08-03T23:51:36+00:00,"#intraday long setup confirmed, upside possible after consolidation","#intraday long setup confirmed, upside possible after consolidation",13,31,317,10455,1,,intraday,intraday,True,362
sample-0001045,sample_trader_78,2026-08-04T01:06:42+00:00,#intraday levels posted for educational discussion only,#intraday levels posted for educational discussion only,12,26,328,5018,7,,intraday,intraday,True,373
sample-0001046,sample_trader_69,2026-08-03T20:29:58+00:00,"No clear setup in #sensex yet, risk management is important","no clear setup in #sensex yet, risk management is important",8,40,329,5241,16,,sensex,sensex,True,393
sample-0001047,sample_trader_118,2026-08-04T07:36:15+00:00,Weak breadth and downside risk in #sensex today,weak breadth and downside risk in #sensex today,27,42,175,31802,6,,sensex,sensex,True,250
sample-0001048,sample_trader_196,2026-08-03T10:19:40+00:00,"#intraday long setup confirmed, upside possible after consolidation","#intraday long setup confirmed, upside possible after consolidation",16,41,93,58031,20,nseindia,intraday,intraday,True,170
sample-0001049,sample_trader_27,2026-08-04T01:27:34+00:00,#intraday levels posted for educational discussion only,#intraday levels posted for educational discussion only,20,18,480,26817,4,,intraday,intraday,True,522
sample-0001050,sample_trader_260,2026-08-03T23:51:47+00:00,Watching option chain and market breadth before taking a trade #banknifty,watching option chain and market breadth before taking a trade #banknifty,2,54,371,61270,9,,banknifty,banknifty,True,436
sample-0001051,sample_trader_91,2026-08-03T17:01:44+00:00,"#NIFTY50 breakout above support, looking bullish with target 24500","#nifty50 breakout above support, looking bullish with target 24500",19,31,155,37451,18,,nifty50,nifty50,True,223
sample-0001052,sample_trader_401,2026-08-03T22:34:07+00:00,SURE SHOT multibagger guaranteed double money #intraday,sure shot multibagger guaranteed double money #intraday,15,10,486,47181,12,,intraday,intraday,True,523
sample-0001053,sample_trader_259,2026-08-03T17:04:37+00:00,"No clear setup in #sensex yet, risk management is important","no clear setup in #sensex yet, risk management is important",19,55,389,20481,15,nseindia,sensex,sensex,True,478
sample-0001054,sample_trader_389,2026-08-04T05:26:11+00:00,"#NIFTY50 breakdown below support, bearish pressure increasing","#nifty50 breakdown below support, bearish pressure increasing",29,38,304,70461,4,,nifty50,nifty50,True,375
sample-0001055,sample_trader_238,2026-08-03T18:36:54+00:00,"#intraday long setup confirmed, upside possible after consolidation","#intraday long setup confirmed, upside possible after consolidation",9,58,145,49221,17,,intraday,intraday,True,229
sample-0001056,sample_trader_367,2026-08-04T03:29:29+00:00,"#NIFTY50 breakout above support, looking bullish with target 24500","#nifty50 breakout above support, looking bullish with target 24500",15,25,79,24904,0,nseindia,nifty50,nifty50,True,119
sample-0001057,sample_trader_208,2026-08-03T14:34:25+00:00,#NIFTY50 trading in a range; waiting for confirmation,#nifty50 trading in a range; waiting for confirmation,29,53,481,51777,11,,nifty50,nifty50,True,574
sample-0001058,sample_trader_20,2026-08-03T17:35:00+00:00,#intraday short setup; avoid aggressive buying in this volatility,#intraday short setup; avoid aggressive buying in this volatility,29,15,197,74185,5,,intraday,intraday,True,246
sample-0001059,sample_trader_261,2026-08-03T19:46:32+00:00,#intraday short setup; avoid aggressive buying in this volatility,#intraday short setup; avoid aggressive buying in this volatility,22,62,325,48308,1,,intraday,intraday,True,410
sample-0001060,sample_trader_245,2026-08-03T23:38:35+00:00,#intraday short setup; avoid aggressive buying in this volatility,#intraday short setup; avoid aggressive buying in this volatility,1,46,323,3753,20,,intraday,intraday,True,390
sample-0001061,sample_trader_131,2026-08-04T03:06:05+00:00,"No clear setup in #sensex yet, risk management is important","no clear setup in #sensex yet, risk management is important",7,77,296,21208,0,,sensex,sensex,True,380
sample-0001062,sample_trader_362,2026-08-03T17:59:18+00:00,"Bank Nifty में तेजी, buyers are strong today #banknifty","bank nifty में तेजी, buyers are strong today #banknifty",18,10,265,24799,13,,banknifty,banknifty,True,306
sample-0001063,sample_trader_257,2026-08-03T21:27:48+00:00,#intraday short setup; avoid aggressive buying in this volatility,#intraday short setup; avoid aggressive buying in this volatility,30,68,337,50222,18,,intraday,intraday,True,453
sample-0001064,sample_trader_326,2026-08-04T04:29:18+00:00,Weak breadth and downside risk in #sensex today,weak breadth and downside risk in #sensex today,18,44,416,18755,8,,sensex,sensex,True,486
sample-0001065,sample_trader_87,2026-08-04T08:13:59+00:00,"Bank Nifty में गिरावट, sell on rise setup #banknifty","bank nifty में गिरावट, sell on rise setup #banknifty",26,62,0,12747,2,,banknifty,banknifty,True,90
sample-0001066,sample_trader_148,2026-08-03T08:38:11+00:00,Weak breadth and downside risk in #sensex today,weak breadth and downside risk in #sensex today,23,55,87,23171,11,,sensex,sensex,True,176
sample-0001067,sample_trader_94,2026-08-03T14:45:18+00:00,"#NIFTY50 breakout above support, looking bullish with target 24500","#nifty50 breakout above support, looking bullish with target 24500",16,14,230,74379,6,,nifty50,nifty50,True,266
sample-0001068,sample_trader_133,2026-08-04T01:28:50+00:00,"#intraday long setup confirmed, upside possible after consolidation","#intraday long setup confirmed, upside possible after consolidation",28,52,225,14362,20,,intraday,intraday,True,325
sample-0001069,sample_trader_64,2026-08-03T18:42:51+00:00,Weak breadth and downside risk in #sensex today,weak breadth and downside risk in #sensex today,8,8,175,3938,18,,sensex,sensex,True,209
sample-0001070,sample_trader_32,2026-08-04T08:07:14+00:00,#intraday levels posted for educational discussion only,#intraday levels posted for educational discussion only,8,0,340,76392,1,,intraday,intraday,True,349
sample-0001071,sample_trader_309,2026-08-03T18:47:21+00:00,Watching option chain and market breadth before taking a trade #banknifty,watching option chain and market breadth before taking a trade #banknifty,16,34,477,63741,15,,banknifty,banknifty,True,542
sample-0001072,sample_trader_190,2026-08-03T20:12:48+00:00,"No clear setup in #sensex yet, risk management is important","no clear setup in #sensex yet, risk management is important",21,43,161,31454,11,,sensex,sensex,True,236
sample-0001073,sample_trader_170,2026-08-03T19:30:15+00:00,"#NIFTY50 breakdown below support, bearish pressure increasing","#nifty50 breakdown below support, bearish pressure increasing",25,12,1,59939,12,,nifty50,nifty50,True,50
sample-0001074,sample_trader_63,2026-08-03T10:33:07+00:00,"#NIFTY50 breakout above support, looking bullish with target 24500","#nifty50 breakout above support, looking bullish with target 24500",27,67,143,32626,11,,nifty50,nifty50,True,248
sample-0001075,sample_trader_2,2026-08-04T01:37:27+00:00,"No clear setup in #sensex yet, risk management is important","no clear setup in #sensex yet, risk management is important",20,41,8,47262,1,,sensex,sensex,True,70
sample-0001076,sample_trader_311,2026-08-03T23:57:48+00:00,"#NIFTY50 breakdown below support, bearish pressure increasing","#nifty50 breakdown below support, bearish pressure increasing",15,51,378,10715,11,,nifty50,nifty50,True,455
sample-0001077,sample_trader_151,2026-08-03T18:27:16+00:00,"No clear setup in #sensex yet, risk management is important","no clear setup in #sensex yet, risk management is important",19,24,364,18814,16,,sensex,sensex,True,423
sample-0001078,sample_trader_255,2026-08-04T03:48:41+00:00,#NIFTY50 trading in a range; waiting for confirmation,#nifty50 trading in a range; waiting for confirmation,25,11,154,71975,14,,nifty50,nifty50,True,204
sample-0001079,sample_trader_340,2026-08-03T14:54:42+00:00,#NIFTY50 trading in a range; waiting for confirmation,#nifty50 trading in a range; waiting for confirmation,17,30,124,27790,5,,nifty50,nifty50,True,176
sample-0001080,sample_trader_367,2026-08-03T16:37:58+00:00,"Bank Nifty में तेजी, buyers are strong today #banknifty","bank nifty में तेजी, buyers are strong today #banknifty",0,20,475,42845,12,,banknifty,banknifty,True,507
sample-0001081,sample_trader_344,2026-08-03T15:07:31+00:00,Accumulating quality stocks on dips. Market looks strong #sensex,accumulating quality stocks on dips. market looks strong #sensex,3,17,472,70113,20,,sensex,sensex,True,512
sample-0001082,sample_trader_295,2026-08-04T00:19:06+00:00,"Bank Nifty में तेजी, buyers are strong today #banknifty","bank nifty में तेजी, buyers are strong today #banknifty",24,76,33,45037,12,,banknifty,banknifty,True,145
sample-0001083,sample_trader_115,2026-08-03T23:58:13+00:00,"#NIFTY50 breakdown below support, bearish pressure increasing","#nifty50 breakdown below support, bearish pressure increasing",8,14,148,11542,3,,nifty50,nifty50,True,173
sample-0001084,sample_trader_294,2026-08-04T04:14:22+00:00,Watching option chain and market breadth before taking a trade #banknifty,watching option chain and market breadth before taking a trade #banknifty,11,16,436,41124,12,,banknifty,banknifty,True,475
sample-0001085,sample_trader_303,2026-08-04T06:12:49+00:00,"#NIFTY50 breakout above support, looking bullish with target 24500","#nifty50 breakout above support, looking bullish with target 24500",17,24,433,50925,13,,nifty50,nifty50,True,487
sample-0001086,sample_trader_340,2026-08-03T13:32:36+00:00,#intraday short setup; avoid aggressive buying in this volatility,#intraday short setup; avoid aggressive buying in this volatility,19,75,113,14020,12,nseindia,intraday,intraday,True,219
sample-0001087,sample_trader_418,2026-08-04T03:11:54+00:00,Watching option chain and market breadth before taking a trade #banknifty,watching option chain and market breadth before taking a trade #banknifty,30,37,428,28742,15,,banknifty,banknifty,True,510
sample-0001088,sample_trader_383,2026-08-04T03:09:21+00:00,"Bank Nifty में तेजी, buyers are strong today #banknifty","bank nifty में तेजी, buyers are strong today #banknifty",21,4,306,42011,9,,banknifty,banknifty,True,340
sample-0001089,sample_trader_245,2026-08-03T11:34:09+00:00,"#intraday long setup confirmed, upside possible after consolidation","#intraday long setup confirmed, upside possible after consolidation",20,27,253,38256,12,nseindia,intraday,intraday,True,312
sample-0001090,sample_trader_376,2026-08-04T00:47:55+00:00,"Bank Nifty में गिरावट, sell on rise setup #banknifty","bank nifty में गिरावट, sell on rise setup #banknifty",29,28,358,6939,5,,banknifty,banknifty,True,420
sample-0001091,sample_trader_12,2026-08-04T02:40:15+00:00,"Bank Nifty में गिरावट, sell on rise setup #banknifty","bank nifty में गिरावट, sell on rise setup #banknifty",17,50,172,55419,15,,banknifty,banknifty,True,254
sample-0001092,sample_trader_271,2026-08-04T05:51:06+00:00,"Bank Nifty में गिरावट, sell on rise setup #banknifty","bank nifty में गिरावट, sell on rise setup #banknifty",23,36,144,25621,17,,banknifty,banknifty,True,220
sample-0001093,sample_trader_413,2026-08-03T11:20:08+00:00,"#NIFTY50 breakout above support, looking bullish with target 24500","#nifty50 breakout above support, looking bullish with target 24500",1,38,234,21505,18,,nifty50,nifty50,True,291
sample-0001094,sample_trader_108,2026-08-04T03:11:38+00:00,"No clear setup in #sensex yet, risk management is important","no clear setup in #sensex yet, risk management is important",6,25,376,1247,11,,sensex,sensex,True,418
sample-0001095,sample_trader_193,2026-08-04T03:05:34+00:00,#NIFTY50 trading in a range; waiting for confirmation,#nifty50 trading in a range; waiting for confirmation,30,54,347,22099,1,,nifty50,nifty50,True,432
sample-0001096,sample_trader_61,2026-08-04T06:33:23+00:00,"No clear setup in #sensex yet, risk management is important","no clear setup in #sensex yet, risk management is important",16,43,303,56911,4,,sensex,sensex,True,366
sample-0001097,sample_trader_61,2026-08-04T07:13:45+00:00,"Bank Nifty में गिरावट, sell on rise setup #banknifty","bank nifty में गिरावट, sell on rise setup #banknifty",7,50,250,39724,19,,banknifty,banknifty,True,326
sample-0001098,sample_trader_46,2026-08-03T08:29:27+00:00,Operator stock upper circuit fixed target 100% #sensex,operator stock upper circuit fixed target 100% #sensex,24,59,442,50132,8,,sensex,sensex,True,533
sample-0001099,sample_trader_62,2026-08-04T08:02:40+00:00,#NIFTY50 trading in a range; waiting for confirmation,#nifty50 trading in a range; waiting for confirmation,3,10,62,64172,20,,nifty50,nifty50,True,95
sample-0001100,sample_trader_301,2026-08-04T07:37:42+00:00,#NIFTY50 trading in a range; waiting for confirmation,#nifty50 trading in a range; waiting for confirmation,18,73,245,35927,3,,nifty50,nifty50,True,339
sample-0001101,sample_trader_331,2026-08-03T14:50:17+00:00,"#intraday long setup confirmed, upside possible after consolidation","#intraday long setup confirmed, upside possible after consolidation",22,55,152,74947,4,,intraday,intraday,True,233
sample-0001102,sample_trader_417,2026-08-03T17:42:33+00:00,"#NIFTY50 breakout above support, looking bullish with target 24500","#nifty50 breakout above support, looking bullish with target 24500",22,2,201,72933,17,,nifty50,nifty50,True,242
sample-0001103,sample_trader_266,2026-08-04T06:08:21+00:00,Watching option chain and market breadth before taking a trade #banknifty,watching option chain and market breadth before taking a trade #banknifty,26,74,275,16314,6,,banknifty,banknifty,True,381
sample-0001104,sample_trader_356,2026-08-03T10:39:15+00:00,"#intraday long setup confirmed, upside possible after consolidation","#intraday long setup confirmed, upside possible after consolidation",5,0,284,58669,10,,intraday,intraday,True,299
sample-0001105,sample_trader_83,2026-08-03T08:42:18+00:00,"#NIFTY50 breakout above support, looking bullish with target 24500","#nifty50 breakout above support, looking bullish with target 24500",2,71,131,4638,2,,nifty50,nifty50,True,206
sample-0001106,sample_trader_279,2026-08-03T19:13:48+00:00,#NIFTY50 trading in a range; waiting for confirmation,#nifty50 trading in a range; waiting for confirmation,5,54,500,61,7,,nifty50,nifty50,True,566
sample-0001107,sample_trader_274,2026-08-03T08:28:03+00:00,Watching option chain and market breadth before taking a trade #banknifty,watching option chain and market breadth before taking a trade #banknifty,14,17,295,64333,10,,banknifty,banknifty,True,336
sample-0001108,sample_trader_340,2026-08-04T04:51:43+00:00,Weak breadth and downside risk in #sensex today,weak breadth and downside risk in #sensex today,26,5,121,4864,6,,sensex,sensex,True,158
sample-0001109,sample_trader_283,2026-08-03T10:32:36+00:00,"Bank Nifty में तेजी, buyers are strong today #banknifty","bank nifty में तेजी, buyers are strong today #banknifty",6,75,183,36408,4,,banknifty,banknifty,True,268
sample-0001110,sample_trader_131,2026-08-03T12:26:51+00:00,#intraday short setup; avoid aggressive buying in this volatility,#intraday short setup; avoid aggressive buying in this volatility,8,48,332,21456,12,,intraday,intraday,True,400
sample-0001111,sample_trader_275,2026-08-04T03:15:05+00:00,"#NIFTY50 breakdown below support, bearish pressure increasing","#nifty50 breakdown below support, bearish pressure increasing",6,9,322,35360,20,,nifty50,nifty50,True,357
sample-0001112,sample_trader_337,2026-08-03T11:56:43+00:00,"#NIFTY50 breakout above support, looking bullish with target 24500","#nifty50 breakout above support, looking bullish with target 24500",20,65,309,21551,13,,nifty50,nifty50,True,407
sample-0001113,sample_trader_14,2026-08-03T18:40:12+00:00,"#NIFTY50 breakdown below support, bearish pressure increasing","#nifty50 breakdown below support, bearish pressure increasing",30,77,126,10211,8,,nifty50,nifty50,True,241
sample-0001114,sample_trader_169,2026-08-04T06:03:55+00:00,"#intraday long setup confirmed, upside possible after consolidation","#intraday long setup confirmed, upside possible after consolidation",20,11,185,43764,8,,intraday,intraday,True,224
sample-0001115,sample_trader_51,2026-08-04T08:06:28+00:00,Accumulating quality stocks on dips. Market looks strong #sensex,accumulating quality stocks on dips. market looks strong #sensex,12,28,193,13812,3,,sensex,sensex,True,236
sample-0001116,sample_trader_271,2026-08-04T04:59:18+00:00,#intraday short setup; avoid aggressive buying in this volatility,#intraday short setup; avoid aggressive buying in this volatility,11,73,443,37011,17,,intraday,intraday,True,544
sample-0001117,sample_trader_163,2026-08-04T02:15:00+00:00,Accumulating quality stocks on dips. Market looks strong #sensex,accumulating quality stocks on dips. market looks strong #sensex,30,49,92,45292,17,,sensex,sensex,True,188
sample-0001118,sample_trader_66,2026-08-03T10:54:05+00:00,"Bank Nifty में गिरावट, sell on rise setup #banknifty","bank nifty में गिरावट, sell on rise setup #banknifty",8,1,351,67364,4,,banknifty,banknifty,True,364
sample-0001119,sample_trader_377,2026-08-03T11:48:09+00:00,"Bank Nifty में तेजी, buyers are strong today #banknifty","bank nifty में तेजी, buyers are strong today #banknifty",8,6,470,48566,7,,banknifty,banknifty,True,491
sample-0001120,sample_trader_225,2026-08-04T01:48:01+00:00,Weak breadth and downside risk in #sensex today,weak breadth and downside risk in #sensex today,11,59,257,37644,8,,sensex,sensex,True,335
sample-0001121,sample_trader_326,2026-08-03T21:21:19+00:00,Watching option chain and market breadth before taking a trade #banknifty,watching option chain and market breadth before taking a trade #banknifty,27,11,485,40113,13,,banknifty,banknifty,True,536
sample-0001122,sample_trader_374,2026-08-04T05:40:28+00:00,"Bank Nifty में तेजी, buyers are strong today #banknifty","bank nifty में तेजी, buyers are strong today #banknifty",7,11,84,75457,1,,banknifty,banknifty,True,103
sample-0001123,sample_trader_218,2026-08-04T08:04:39+00:00,Weak breadth and downside risk in #sensex today,weak breadth and downside risk in #sensex today,21,65,477,17931,15,,sensex,sensex,True,578
sample-0001124,sample_trader_8,2026-08-03T17:42:15+00:00,"No clear setup in #sensex yet, risk management is important","no clear setup in #sensex yet, risk management is important",19,24,466,1005,13,,sensex,sensex,True,522
sample-0001125,sample_trader_351,2026-08-03T13:14:20+00:00,Weak breadth and downside risk in #sensex today,weak breadth and downside risk in #sensex today,19,5,310,58855,5,,sensex,sensex,True,339
sample-0001126,sample_trader_39,2026-08-04T02:06:07+00:00,Watching option chain and market breadth before taking a trade #banknifty,watching option chain and market breadth before taking a trade #banknifty,11,17,263,46356,1,,banknifty,banknifty,True,292
sample-0001127,sample_trader_58,2026-08-03T18:52:33+00:00,"#NIFTY50 breakdown below support, bearish pressure increasing","#nifty50 breakdown below support, bearish pressure increasing",10,31,425,70713,3,,nifty50,nifty50,True,469
sample-0001128,sample_trader_110,2026-08-03T22:49:39+00:00,"No clear setup in #sensex yet, risk management is important","no clear setup in #sensex yet, risk management is important",0,80,291,51642,6,,sensex,sensex,True,377
sample-0001129,sample_trader_317,2026-08-03T15:36:27+00:00,Operator stock upper circuit fixed target 100% #sensex,operator stock upper circuit fixed target 100% #sensex,27,62,29,46678,0,,sensex,sensex,True,118
sample-0001130,sample_trader_55,2026-08-03T19:34:55+00:00,"Bank Nifty में गिरावट, sell on rise setup #banknifty","bank nifty में गिरावट, sell on rise setup #banknifty",0,44,455,24450,12,,banknifty,banknifty,True,511
sample-0001131,sample_trader_102,2026-08-03T14:33:07+00:00,Accumulating quality stocks on dips. Market looks strong #sensex,accumulating quality stocks on dips. market looks strong #sensex,2,67,263,20197,13,,sensex,sensex,True,345
sample-0001132,sample_trader_394,2026-08-04T02:48:02+00:00,#intraday levels posted for educational discussion only,#intraday levels posted for educational discussion only,21,32,115,61745,12,,intraday,intraday,True,180
sample-0001133,sample_trader_275,2026-08-04T01:50:02+00:00,#intraday short setup; avoid aggressive buying in this volatility,#intraday short setup; avoid aggressive buying in this volatility,25,34,55,57534,14,,intraday,intraday,True,128
sample-0001134,sample_trader_184,2026-08-04T08:15:19+00:00,Weak breadth and downside risk in #sensex today,weak breadth and downside risk in #sensex today,28,25,56,24896,9,nseindia,sensex,sensex,True,118
sample-0001135,sample_trader_17,2026-08-03T20:24:28+00:00,"Bank Nifty में गिरावट, sell on rise setup #banknifty","bank nifty में गिरावट, sell on rise setup #banknifty",5,25,485,62872,8,,banknifty,banknifty,True,523
sample-0001136,sample_trader_167,2026-08-04T03:49:37+00:00,#intraday levels posted for educational discussion only,#intraday levels posted for educational discussion only,24,51,256,51017,4,,intraday,intraday,True,335
sample-0001137,sample_trader_80,2026-08-04T03:52:29+00:00,Accumulating quality stocks on dips. Market looks strong #sensex,accumulating quality stocks on dips. market looks strong #sensex,11,64,6,31049,1,,sensex,sensex,True,82
sample-0001138,sample_trader_378,2026-08-03T10:43:39+00:00,"Bank Nifty में गिरावट, sell on rise setup #banknifty","bank nifty में गिरावट, sell on rise setup #banknifty",0,55,245,37990,9,,banknifty,banknifty,True,309
sample-0001139,sample_trader_79,2026-08-03T09:58:49+00:00,#intraday short setup; avoid aggressive buying in this volatility,#intraday short setup; avoid aggressive buying in this volatility,23,65,95,32748,8,,intraday,intraday,True,191
sample-0001140,sample_trader_102,2026-08-03T16:50:30+00:00,"#NIFTY50 breakdown below support, bearish pressure increasing","#nifty50 breakdown below support, bearish pressure increasing",15,13,358,65891,19,,nifty50,nifty50,True,405
sample-0001141,sample_trader_62,2026-08-04T00:06:55+00:00,Watching option chain and market breadth before taking a trade #banknifty,watching option chain and market breadth before taking a trade #banknifty,4,51,19,35945,6,,banknifty,banknifty,True,80
sample-0001142,sample_trader_103,2026-08-03T10:01:19+00:00,#intraday short setup; avoid aggressive buying in this volatility,#intraday short setup; avoid aggressive buying in this volatility,2,6,194,53435,16,,intraday,intraday,True,218
sample-0001143,sample_trader_173,2026-08-04T00:23:32+00:00,SURE SHOT multibagger guaranteed double money #intraday,sure shot multibagger guaranteed double money #intraday,13,61,31,66878,13,,intraday,intraday,True,118
sample-0001144,sample_trader_187,2026-08-03T22:39:50+00:00,#intraday short setup; avoid aggressive buying in this volatility,#intraday short setup; avoid aggressive buying in this volatility,8,44,364,54847,7,,intraday,intraday,True,423
sample-0001145,sample_trader_1,2026-08-04T06:58:41+00:00,"#intraday long setup confirmed, upside possible after consolidation","#intraday long setup confirmed, upside possible after consolidation",1,41,108,37447,15,,intraday,intraday,True,165
sample-0001146,sample_trader_95,2026-08-03T16:46:41+00:00,"No clear setup in #sensex yet, risk management is important","no clear setup in #sensex yet, risk management is important",8,62,186,43865,9,,sensex,sensex,True,265
sample-0001147,sample_trader_185,2026-08-03T20:24:28+00:00,"#NIFTY50 breakout above support, looking bullish with target 24500","#nifty50 breakout above support, looking bullish with target 24500",23,46,380,77239,16,,nifty50,nifty50,True,465
sample-0001148,sample_trader_300,2026-08-04T00:49:11+00:00,"#intraday long setup confirmed, upside possible after consolidation","#intraday long setup confirmed, upside possible after consolidation",12,11,454,13991,4,,intraday,intraday,True,481
sample-0001149,sample_trader_301,2026-08-04T06:58:21+00:00,"No clear setup in #sensex yet, risk management is important","no clear setup in #sensex yet, risk management is important",30,24,98,58477,3,nseindia,sensex,sensex,True,155
sample-0001150,sample_trader_372,2026-08-03T21:29:25+00:00,"No clear setup in #sensex yet, risk management is important","no clear setup in #sensex yet, risk management is important",15,25,273,20192,1,,sensex,sensex,True,314
sample-0001151,sample_trader_178,2026-08-03T12:03:55+00:00,Weak breadth and downside risk in #sensex today,weak breadth and downside risk in #sensex today,28,46,229,15441,13,nseindia,sensex,sensex,True,316
sample-0001152,sample_trader_307,2026-08-04T02:23:20+00:00,Weak breadth and downside risk in #sensex today,weak breadth and downside risk in #sensex today,8,16,148,6006,18,nseindia,sensex,sensex,True,190
sample-0001153,sample_trader_351,2026-08-03T14:26:36+00:00,"#NIFTY50 breakout above support, looking bullish with target 24500","#nifty50 breakout above support, looking bullish with target 24500",17,65,497,9878,5,,nifty50,nifty50,True,584
sample-0001154,sample_trader_400,2026-08-03T11:59:13+00:00,#NIFTY50 trading in a range; waiting for confirmation,#nifty50 trading in a range; waiting for confirmation,12,51,310,35635,6,,nifty50,nifty50,True,379
sample-0001155,sample_trader_357,2026-08-03T10:54:31+00:00,Accumulating quality stocks on dips. Market looks strong #sensex,accumulating quality stocks on dips. market looks strong #sensex,0,65,233,66086,16,,sensex,sensex,True,314
sample-0001156,sample_trader_283,2026-08-03T22:41:26+00:00,Accumulating quality stocks on dips. Market looks strong #sensex,accumulating quality stocks on dips. market looks strong #sensex,3,21,114,6028,17,,sensex,sensex,True,155
sample-0001157,sample_trader_69,2026-08-03T22:21:14+00:00,Accumulating quality stocks on dips. Market looks strong #sensex,accumulating quality stocks on dips. market looks strong #sensex,8,6,328,32687,6,,sensex,sensex,True,348
sample-0001158,sample_trader_310,2026-08-03T09:25:53+00:00,"#NIFTY50 breakout above support, looking bullish with target 24500","#nifty50 breakout above support, looking bullish with target 24500",11,41,42,72044,8,,nifty50,nifty50,True,102
sample-0001159,sample_trader_30,2026-08-03T20:38:50+00:00,Weak breadth and downside risk in #sensex today,weak breadth and downside risk in #sensex today,20,1,421,46643,7,,sensex,sensex,True,449
sample-0001160,sample_trader_9,2026-08-03T23:08:48+00:00,"Bank Nifty में गिरावट, sell on rise setup #banknifty","bank nifty में गिरावट, sell on rise setup #banknifty",17,74,54,50117,20,,banknifty,banknifty,True,165
sample-0001161,sample_trader_113,2026-08-03T16:22:02+00:00,SURE SHOT multibagger guaranteed double money #intraday,sure shot multibagger guaranteed double money #intraday,10,34,104,76289,20,,intraday,intraday,True,168
sample-0001162,sample_trader_119,2026-08-03T16:13:35+00:00,"Bank Nifty में गिरावट, sell on rise setup #banknifty","bank nifty में गिरावट, sell on rise setup #banknifty",23,55,188,19492,15,,banknifty,banknifty,True,281
sample-0001163,sample_trader_418,2026-08-04T01:43:49+00:00,"#intraday long setup confirmed, upside possible after consolidation","#intraday long setup confirmed, upside possible after consolidation",27,22,96,74716,15,,intraday,intraday,True,160
sample-0001164,sample_trader_159,2026-08-04T07:42:02+00:00,"#intraday long setup confirmed, upside possible after consolidation","#intraday long setup confirmed, upside possible after consolidation",5,22,418,51718,19,,intraday,intraday,True,464
sample-0001165,sample_trader_126,2026-08-03T16:56:32+00:00,"Bank Nifty में तेजी, buyers are strong today #banknifty","bank nifty में तेजी, buyers are strong today #banknifty",14,51,51,69095,4,,banknifty,banknifty,True,120
sample-0001166,sample_trader_197,2026-08-03T18:42:32+00:00,"#NIFTY50 breakout above support, looking bullish with target 24500","#nifty50 breakout above support, looking bullish with target 24500",0,14,423,1826,20,,nifty50,nifty50,True,457
sample-0001167,sample_trader_138,2026-08-04T05:25:23+00:00,"#NIFTY50 breakout above support, looking bullish with target 24500","#nifty50 breakout above support, looking bullish with target 24500",4,80,307,1819,0,,nifty50,nifty50,True,391
sample-0001168,sample_trader_104,2026-08-04T05:22:24+00:00,Accumulating quality stocks on dips. Market looks strong #sensex,accumulating quality stocks on dips. market looks strong #sensex,4,61,388,73824,14,,sensex,sensex,True,467
sample-0001169,sample_trader_80,2026-08-03T15:01:49+00:00,#intraday short setup; avoid aggressive buying in this volatility,#intraday short setup; avoid aggressive buying in this volatility,7,7,278,35106,20,,intraday,intraday,True,312
sample-0001170,sample_trader_279,2026-08-04T04:43:24+00:00,"Bank Nifty में तेजी, buyers are strong today #banknifty","bank nifty में तेजी, buyers are strong today #banknifty",9,13,261,54482,4,nseindia,banknifty,banknifty,True,287
sample-0001171,sample_trader_219,2026-08-04T00:12:50+00:00,Accumulating quality stocks on dips. Market looks strong #sensex,accumulating quality stocks on dips. market looks strong #sensex,12,18,180,37647,7,,sensex,sensex,True,217
sample-0001172,sample_trader_87,2026-08-03T14:33:37+00:00,"#NIFTY50 breakdown below support, bearish pressure increasing","#nifty50 breakdown below support, bearish pressure increasing",3,28,52,36987,11,nseindia,nifty50,nifty50,True,94
sample-0001173,sample_trader_44,2026-08-03T19:20:30+00:00,"Bank Nifty में गिरावट, sell on rise setup #banknifty","bank nifty में गिरावट, sell on rise setup #banknifty",28,5,309,19855,5,,banknifty,banknifty,True,347
sample-0001174,sample_trader_77,2026-08-03T16:59:03+00:00,"Bank Nifty में गिरावट, sell on rise setup #banknifty","bank nifty में गिरावट, sell on rise setup #banknifty",28,38,319,37668,11,,banknifty,banknifty,True,396
sample-0001175,sample_trader_136,2026-08-03T19:01:40+00:00,"Bank Nifty में गिरावट, sell on rise setup #banknifty","bank nifty में गिरावट, sell on rise setup #banknifty",25,9,403,335,4,,banknifty,banknifty,True,441
sample-0001176,sample_trader_200,2026-08-04T03:05:11+00:00,"Bank Nifty में तेजी, buyers are strong today #banknifty","bank nifty में तेजी, buyers are strong today #banknifty",14,61,417,8872,3,,banknifty,banknifty,True,495
sample-0001177,sample_trader_166,2026-08-04T05:10:25+00:00,"Bank Nifty में गिरावट, sell on rise setup #banknifty","bank nifty में गिरावट, sell on rise setup #banknifty",4,23,392,50515,11,,banknifty,banknifty,True,430
sample-0001178,sample_trader_309,2026-08-03T17:23:44+00:00,#intraday short setup; avoid aggressive buying in this volatility,#intraday short setup; avoid aggressive buying in this volatility,25,42,70,32281,12,,intraday,intraday,True,149
sample-0001179,sample_trader_275,2026-08-03T13:04:48+00:00,#intraday levels posted for educational discussion only,#intraday levels posted for educational discussion only,26,29,196,11009,18,,intraday,intraday,True,269
sample-0001180,sample_trader_121,2026-08-04T05:17:24+00:00,Watching option chain and market breadth before taking a trade #banknifty,watching option chain and market breadth before taking a trade #banknifty,11,0,104,2298,11,,banknifty,banknifty,True,126
sample-0001181,sample_trader_179,2026-08-04T06:17:52+00:00,"#NIFTY50 breakout above support, looking bullish with target 24500","#nifty50 breakout above support, looking bullish with target 24500",11,17,150,60394,4,,nifty50,nifty50,True,182
sample-0001182,sample_trader_108,2026-08-03T23:38:16+00:00,#intraday levels posted for educational discussion only,#intraday levels posted for educational discussion only,26,28,28,18111,3,,intraday,intraday,True,85
sample-0001183,sample_trader_357,2026-08-04T07:30:27+00:00,"Bank Nifty में तेजी, buyers are strong today #banknifty","bank nifty में तेजी, buyers are strong today #banknifty",30,54,190,7138,3,,banknifty,banknifty,True,277
sample-0001184,sample_trader_81,2026-08-03T10:50:33+00:00,"#NIFTY50 breakout above support, looking bullish with target 24500","#nifty50 breakout above support, looking bullish with target 24500",0,18,187,18567,2,,nifty50,nifty50,True,207
sample-0001185,sample_trader_392,2026-08-04T03:00:57+00:00,"#NIFTY50 breakout above support, looking bullish with target 24500","#nifty50 breakout above support, looking bullish with target 24500",5,60,380,18414,16,,nifty50,nifty50,True,461
sample-0001186,sample_trader_370,2026-08-03T17:29:01+00:00,#intraday short setup; avoid aggressive buying in this volatility,#intraday short setup; avoid aggressive buying in this volatility,10,56,400,1781,9,,intraday,intraday,True,475
sample-0001187,sample_trader_385,2026-08-03T10:28:10+00:00,"#intraday long setup confirmed, upside possible after consolidation","#intraday long setup confirmed, upside possible after consolidation",5,64,82,1474,12,,intraday,intraday,True,163
sample-0001188,sample_trader_257,2026-08-03T11:38:19+00:00,Watching option chain and market breadth before taking a trade #banknifty,watching option chain and market breadth before taking a trade #banknifty,9,29,216,20602,8,,banknifty,banknifty,True,262
sample-0001189,sample_trader_381,2026-08-04T03:54:39+00:00,Watching option chain and market breadth before taking a trade #banknifty,watching option chain and market breadth before taking a trade #banknifty,6,51,316,7389,7,,banknifty,banknifty,True,380
sample-0001190,sample_trader_245,2026-08-03T15:24:42+00:00,#intraday levels posted for educational discussion only,#intraday levels posted for educational discussion only,10,51,423,49918,5,nseindia,intraday,intraday,True,489
sample-0001191,sample_trader_139,2026-08-04T01:22:37+00:00,#intraday short setup; avoid aggressive buying in this volatility,#intraday short setup; avoid aggressive buying in this volatility,3,13,39,47590,19,,intraday,intraday,True,74
sample-0001192,sample_trader_145,2026-08-03T23:44:45+00:00,"Bank Nifty में गिरावट, sell on rise setup #banknifty","bank nifty में गिरावट, sell on rise setup #banknifty",5,69,54,8611,6,,banknifty,banknifty,True,134
sample-0001193,sample_trader_104,2026-08-03T12:22:49+00:00,#intraday short setup; avoid aggressive buying in this volatility,#intraday short setup; avoid aggressive buying in this volatility,20,4,123,35330,2,,intraday,intraday,True,149
sample-0001194,sample_trader_405,2026-08-03T11:56:30+00:00,#NIFTY50 trading in a range; waiting for confirmation,#nifty50 trading in a range; waiting for confirmation,15,5,24,41282,2,,nifty50,nifty50,True,46
sample-0001195,sample_trader_204,2026-08-03T22:11:05+00:00,"#NIFTY50 breakout above support, looking bullish with target 24500","#nifty50 breakout above support, looking bullish with target 24500",16,24,161,51252,11,,nifty50,nifty50,True,212
sample-0001196,sample_trader_380,2026-08-03T17:38:17+00:00,Accumulating quality stocks on dips. Market looks strong #sensex,accumulating quality stocks on dips. market looks strong #sensex,16,12,257,19735,0,,sensex,sensex,True,285
sample-0001197,sample_trader_20,2026-08-03T11:07:05+00:00,"#NIFTY50 breakdown below support, bearish pressure increasing","#nifty50 breakdown below support, bearish pressure increasing",9,20,77,60750,2,,nifty50,nifty50,True,108
sample-0001198,sample_trader_414,2026-08-04T00:36:55+00:00,"Bank Nifty में तेजी, buyers are strong today #banknifty","bank nifty में तेजी, buyers are strong today #banknifty",21,18,393,21158,16,,banknifty,banknifty,True,448
sample-0001199,sample_trader_403,2026-08-03T16:10:28+00:00,"No clear setup in #sensex yet, risk management is important","no clear setup in #sensex yet, risk management is important",4,43,148,47277,19,,sensex,sensex,True,214
sample-0001200,sample_trader_123,2026-08-03T18:21:13+00:00,#intraday short setup; avoid aggressive buying in this volatility,#intraday short setup; avoid aggressive buying in this volatility,6,78,310,9880,4,,intraday,intraday,True,398
sample-0001201,sample_trader_74,2026-08-04T07:55:22+00:00,#intraday levels posted for educational discussion only,#intraday levels posted for educational discussion only,24,39,280,11475,15,,intraday,intraday,True,358
sample-0001202,sample_trader_83,2026-08-03T21:42:15+00:00,"#NIFTY50 breakdown below support, bearish pressure increasing","#nifty50 breakdown below support, bearish pressure increasing",2,35,295,47672,11,,nifty50,nifty50,True,343
sample-0001203,sample_trader_243,2026-08-03T23:04:31+00:00,"#intraday long setup confirmed, upside possible after consolidation","#intraday long setup confirmed, upside possible after consolidation",8,56,332,18458,3,,intraday,intraday,True,399
sample-0001204,sample_trader_147,2026-08-03T19:13:59+00:00,#intraday levels posted for educational discussion only,#intraday levels posted for educational discussion only,12,52,438,16956,14,,intraday,intraday,True,516
sample-0001205,sample_trader_43,2026-08-03T18:51:41+00:00,#intraday levels posted for educational discussion only,#intraday levels posted for educational discussion only,21,52,259,59044,8,,intraday,intraday,True,340
sample-0001206,sample_trader_359,2026-08-03T23:33:12+00:00,Accumulating quality stocks on dips. Market looks strong #sensex,accumulating quality stocks on dips. market looks strong #sensex,26,71,4,20308,3,,sensex,sensex,True,104
sample-0001207,sample_trader_115,2026-08-04T05:48:35+00:00,Accumulating quality stocks on dips. Market looks strong #sensex,accumulating quality stocks on dips. market looks strong #sensex,12,59,342,12305,11,,sensex,sensex,True,424
sample-0001208,sample_trader_44,2026-08-04T04:29:38+00:00,Operator stock upper circuit fixed target 100% #sensex,operator stock upper circuit fixed target 100% #sensex,5,13,469,52078,13,,sensex,sensex,True,500
sample-0001209,sample_trader_176,2026-08-03T20:54:53+00:00,"Bank Nifty में गिरावट, sell on rise setup #banknifty","bank nifty में गिरावट, sell on rise setup #banknifty",19,62,108,62469,3,,banknifty,banknifty,True,192
sample-0001210,sample_trader_75,2026-08-03T15:21:21+00:00,Accumulating quality stocks on dips. Market looks strong #sensex,accumulating quality stocks on dips. market looks strong #sensex,20,27,163,74525,1,,sensex,sensex,True,211
sample-0001211,sample_trader_405,2026-08-03T19:18:19+00:00,"#NIFTY50 breakdown below support, bearish pressure increasing","#nifty50 breakdown below support, bearish pressure increasing",13,60,109,7138,6,,nifty50,nifty50,True,188
sample-0001212,sample_trader_326,2026-08-03T23:17:21+00:00,#intraday short setup; avoid aggressive buying in this volatility,#intraday short setup; avoid aggressive buying in this volatility,5,10,72,9127,8,,intraday,intraday,True,95
sample-0001213,sample_trader_269,2026-08-03T17:11:07+00:00,#intraday short setup; avoid aggressive buying in this volatility,#intraday short setup; avoid aggressive buying in this volatility,6,33,94,7094,2,,intraday,intraday,True,135
sample-0001214,sample_trader_85,2026-08-03T21:39:25+00:00,#intraday short setup; avoid aggressive buying in this volatility,#intraday short setup; avoid aggressive buying in this volatility,6,44,482,54982,15,,intraday,intraday,True,547
sample-0001215,sample_trader_355,2026-08-03T19:33:10+00:00,Accumulating quality stocks on dips. Market looks strong #sensex,accumulating quality stocks on dips. market looks strong #sensex,18,49,421,1351,17,,sensex,sensex,True,505
sample-0001216,sample_trader_371,2026-08-04T05:38:02+00:00,"No clear setup in #sensex yet, risk management is important","no clear setup in #sensex yet, risk management is important",21,74,315,19005,10,,sensex,sensex,True,420
sample-0001217,sample_trader_235,2026-08-04T02:59:13+00:00,"#NIFTY50 breakdown below support, bearish pressure increasing","#nifty50 breakdown below support, bearish pressure increasing",29,18,255,41522,3,,nifty50,nifty50,True,305
sample-0001218,sample_trader_370,2026-08-03T13:30:32+00:00,Weak breadth and downside risk in #sensex today,weak breadth and downside risk in #sensex today,0,57,482,16528,20,,sensex,sensex,True,559
sample-0001219,sample_trader_112,2026-08-04T07:08:18+00:00,Watching option chain and market breadth before taking a trade #banknifty,watching option chain and market breadth before taking a trade #banknifty,23,24,215,71626,5,,banknifty,banknifty,True,267
sample-0001220,sample_trader_98,2026-08-04T00:49:46+00:00,"Bank Nifty में तेजी, buyers are strong today #banknifty","bank nifty में तेजी, buyers are strong today #banknifty",21,73,489,1933,11,,banknifty,banknifty,True,594
sample-0001221,sample_trader_258,2026-08-03T21:17:26+00:00,"Bank Nifty में तेजी, buyers are strong today #banknifty","bank nifty में तेजी, buyers are strong today #banknifty",26,15,358,65472,20,,banknifty,banknifty,True,419
sample-0001222,sample_trader_181,2026-08-03T19:39:39+00:00,Weak breadth and downside risk in #sensex today,weak breadth and downside risk in #sensex today,26,69,218,68622,10,,sensex,sensex,True,323
sample-0001223,sample_trader_192,2026-08-03T16:52:11+00:00,"#intraday long setup confirmed, upside possible after consolidation","#intraday long setup confirmed, upside possible after consolidation",5,70,304,21369,17,,intraday,intraday,True,396
sample-0001224,sample_trader_146,2026-08-03T09:22:47+00:00,Weak breadth and downside risk in #sensex today,weak breadth and downside risk in #sensex today,22,79,480,13055,2,,sensex,sensex,True,583
sample-0001225,sample_trader_9,2026-08-03T08:48:53+00:00,Accumulating quality stocks on dips. Market looks strong #sensex,accumulating quality stocks on dips. market looks strong #sensex,19,52,53,65114,19,,sensex,sensex,True,143
sample-0001226,sample_trader_298,2026-08-03T14:08:24+00:00,Accumulating quality stocks on dips. Market looks strong #sensex,accumulating quality stocks on dips. market looks strong #sensex,25,4,341,38048,13,,sensex,sensex,True,383
sample-0001227,sample_trader_101,2026-08-04T04:17:53+00:00,Watching option chain and market breadth before taking a trade #banknifty,watching option chain and market breadth before taking a trade #banknifty,27,60,486,16360,11,,banknifty,banknifty,True,584
sample-0001228,sample_trader_361,2026-08-03T08:59:17+00:00,Watching option chain and market breadth before taking a trade #banknifty,watching option chain and market breadth before taking a trade #banknifty,25,50,3,49155,7,,banknifty,banknifty,True,85
sample-0001229,sample_trader_408,2026-08-03T21:16:29+00:00,"Bank Nifty में गिरावट, sell on rise setup #banknifty","bank nifty में गिरावट, sell on rise setup #banknifty",29,53,344,31711,0,,banknifty,banknifty,True,426
sample-0001230,sample_trader_14,2026-08-04T07:54:05+00:00,Weak breadth and downside risk in #sensex today,weak breadth and downside risk in #sensex today,4,47,430,68071,19,,sensex,sensex,True,500
sample-0001231,sample_trader_285,2026-08-03T23:39:43+00:00,Accumulating quality stocks on dips. Market looks strong #sensex,accumulating quality stocks on dips. market looks strong #sensex,12,24,315,51602,1,,sensex,sensex,True,352
sample-0001232,sample_trader_326,2026-08-04T03:46:29+00:00,#NIFTY50 trading in a range; waiting for confirmation,#nifty50 trading in a range; waiting for confirmation,12,22,206,41747,16,,nifty50,nifty50,True,256
sample-0001233,sample_trader_259,2026-08-04T03:52:02+00:00,Accumulating quality stocks on dips. Market looks strong #sensex,accumulating quality stocks on dips. market looks strong #sensex,3,80,295,51431,20,,sensex,sensex,True,398
sample-0001234,sample_trader_105,2026-08-03T20:43:42+00:00,#intraday levels posted for educational discussion only,#intraday levels posted for educational discussion only,2,11,13,57383,0,,intraday,intraday,True,26
sample-0001235,sample_trader_317,2026-08-04T07:27:14+00:00,Watching option chain and market breadth before taking a trade #banknifty,watching option chain and market breadth before taking a trade #banknifty,22,69,471,10374,18,,banknifty,banknifty,True,580
sample-0001236,sample_trader_324,2026-08-03T09:22:00+00:00,"#NIFTY50 breakout above support, looking bullish with target 24500","#nifty50 breakout above support, looking bullish with target 24500",24,45,95,31470,20,,nifty50,nifty50,True,184
sample-0001237,sample_trader_126,2026-08-03T12:58:22+00:00,#intraday short setup; avoid aggressive buying in this volatility,#intraday short setup; avoid aggressive buying in this volatility,23,48,394,34191,1,,intraday,intraday,True,466
sample-0001238,sample_trader_297,2026-08-03T09:13:26+00:00,"Bank Nifty में तेजी, buyers are strong today #banknifty","bank nifty में तेजी, buyers are strong today #banknifty",27,13,56,60228,19,,banknifty,banknifty,True,115
sample-0001239,sample_trader_93,2026-08-03T22:55:40+00:00,"Bank Nifty में तेजी, buyers are strong today #banknifty","bank nifty में तेजी, buyers are strong today #banknifty",2,9,253,47419,6,,banknifty,banknifty,True,270
sample-0001240,sample_trader_38,2026-08-03T17:24:10+00:00,#intraday levels posted for educational discussion only,#intraday levels posted for educational discussion only,15,80,39,27613,13,,intraday,intraday,True,147
sample-0001241,sample_trader_93,2026-08-04T02:36:04+00:00,"#NIFTY50 breakdown below support, bearish pressure increasing","#nifty50 breakdown below support, bearish pressure increasing",9,1,462,23469,18,,nifty50,nifty50,True,490
sample-0001242,sample_trader_178,2026-08-03T19:59:08+00:00,Accumulating quality stocks on dips. Market looks strong #sensex,accumulating quality stocks on dips. market looks strong #sensex,15,78,307,71678,0,,sensex,sensex,True,400
sample-0001243,sample_trader_311,2026-08-04T01:26:44+00:00,"#NIFTY50 breakdown below support, bearish pressure increasing","#nifty50 breakdown below support, bearish pressure increasing",0,68,11,67944,16,,nifty50,nifty50,True,95
sample-0001244,sample_trader_112,2026-08-04T04:17:15+00:00,"Bank Nifty में तेजी, buyers are strong today #banknifty","bank nifty में तेजी, buyers are strong today #banknifty",0,41,70,28854,2,,banknifty,banknifty,True,113
sample-0001245,sample_trader_247,2026-08-03T22:30:10+00:00,"#NIFTY50 breakout above support, looking bullish with target 24500","#nifty50 breakout above support, looking bullish with target 24500",6,11,178,72335,20,,nifty50,nifty50,True,215
sample-0001246,sample_trader_205,2026-08-03T13:48:06+00:00,#intraday levels posted for educational discussion only,#intraday levels posted for educational discussion only,29,24,128,22720,6,,intraday,intraday,True,187
sample-0001247,sample_trader_299,2026-08-04T04:43:14+00:00,"Bank Nifty में गिरावट, sell on rise setup #banknifty","bank nifty में गिरावट, sell on rise setup #banknifty",25,75,159,21762,6,,banknifty,banknifty,True,265
sample-0001248,sample_trader_217,2026-08-03T16:13:22+00:00,#intraday levels posted for educational discussion only,#intraday levels posted for educational discussion only,19,34,417,41829,19,,intraday,intraday,True,489
sample-0001249,sample_trader_291,2026-08-04T01:11:43+00:00,"#NIFTY50 breakdown below support, bearish pressure increasing","#nifty50 breakdown below support, bearish pressure increasing",11,47,459,8473,14,,nifty50,nifty50,True,531
sample-0001250,sample_trader_210,2026-08-03T11:05:58+00:00,Accumulating quality stocks on dips. Market looks strong #sensex,accumulating quality stocks on dips. market looks strong #sensex,9,77,423,69583,11,,sensex,sensex,True,520
sample-0001251,sample_trader_220,2026-08-03T20:43:06+00:00,"#intraday long setup confirmed, upside possible after consolidation","#intraday long setup confirmed, upside possible after consolidation",25,23,183,32204,2,,intraday,intraday,True,233
sample-0001252,sample_trader_400,2026-08-04T03:11:10+00:00,#intraday short setup; avoid aggressive buying in this volatility,#intraday short setup; avoid aggressive buying in this volatility,10,15,4,41808,0,,intraday,intraday,True,29
sample-0001253,sample_trader_408,2026-08-03T11:48:21+00:00,"Bank Nifty में तेजी, buyers are strong today #banknifty","bank nifty में तेजी, buyers are strong today #banknifty",10,29,287,8731,12,,banknifty,banknifty,True,338
sample-0001254,sample_trader_288,2026-08-04T04:43:11+00:00,"Bank Nifty में तेजी, buyers are strong today #banknifty","bank nifty में तेजी, buyers are strong today #banknifty",8,77,484,9857,18,,banknifty,banknifty,True,587
sample-0001255,sample_trader_417,2026-08-03T20:53:48+00:00,Weak breadth and downside risk in #sensex today,weak breadth and downside risk in #sensex today,10,25,100,6559,15,,sensex,sensex,True,150
sample-0001256,sample_trader_64,2026-08-04T04:07:29+00:00,"Bank Nifty में गिरावट, sell on rise setup #banknifty","bank nifty में गिरावट, sell on rise setup #banknifty",14,21,307,42894,18,,banknifty,banknifty,True,360
sample-0001257,sample_trader_10,2026-08-03T22:05:20+00:00,#NIFTY50 trading in a range; waiting for confirmation,#nifty50 trading in a range; waiting for confirmation,20,73,2,60575,9,,nifty50,nifty50,True,104
sample-0001258,sample_trader_271,2026-08-03T13:02:38+00:00,"Bank Nifty में गिरावट, sell on rise setup #banknifty","bank nifty में गिरावट, sell on rise setup #banknifty",1,43,330,2182,2,,banknifty,banknifty,True,376
sample-0001259,sample_trader_163,2026-08-03T22:27:58+00:00,Weak breadth and downside risk in #sensex today,weak breadth and downside risk in #sensex today,24,44,204,10505,17,,sensex,sensex,True,289
sample-0001260,sample_trader_153,2026-08-03T18:08:46+00:00,#intraday levels posted for educational discussion only,#intraday levels posted for educational discussion only,22,58,252,15963,11,,intraday,intraday,True,343
sample-0001261,sample_trader_25,2026-08-04T00:18:38+00:00,Accumulating quality stocks on dips. Market looks strong #sensex,accumulating quality stocks on dips. market looks strong #sensex,26,1,71,13830,10,,sensex,sensex,True,108
sample-0001262,sample_trader_46,2026-08-04T02:16:13+00:00,#intraday short setup; avoid aggressive buying in this volatility,#intraday short setup; avoid aggressive buying in this volatility,6,47,417,70508,0,,intraday,intraday,True,470
sample-0001263,sample_trader_57,2026-08-04T06:53:54+00:00,"#intraday long setup confirmed, upside possible after consolidation","#intraday long setup confirmed, upside possible after consolidation",1,38,38,34617,10,,intraday,intraday,True,87
sample-0001264,sample_trader_71,2026-08-04T02:15:54+00:00,"#NIFTY50 breakdown below support, bearish pressure increasing","#nifty50 breakdown below support, bearish pressure increasing",18,58,61,16602,10,,nifty50,nifty50,True,147
sample-0001265,sample_trader_229,2026-08-03T09:16:40+00:00,Watching option chain and market breadth before taking a trade #banknifty,watching option chain and market breadth before taking a trade #banknifty,21,15,267,69202,7,,banknifty,banknifty,True,310
sample-0001266,sample_trader_396,2026-08-03T20:44:47+00:00,#intraday levels posted for educational discussion only,#intraday levels posted for educational discussion only,23,61,115,12082,8,,intraday,intraday,True,207
sample-0001267,sample_trader_125,2026-08-03T12:07:55+00:00,"Bank Nifty में तेजी, buyers are strong today #banknifty","bank nifty में तेजी, buyers are strong today #banknifty",21,26,355,10275,2,,banknifty,banknifty,True,404
sample-0001268,sample_trader_344,2026-08-04T07:59:20+00:00,"#intraday long setup confirmed, upside possible after consolidation","#intraday long setup confirmed, upside possible after consolidation",6,59,419,50520,6,,intraday,intraday,True,490
sample-0001269,sample_trader_390,2026-08-03T10:57:59+00:00,"Bank Nifty में गिरावट, sell on rise setup #banknifty","bank nifty में गिरावट, sell on rise setup #banknifty",16,65,439,41122,9,,banknifty,banknifty,True,529
sample-0001270,sample_trader_55,2026-08-03T14:05:53+00:00,Operator stock upper circuit fixed target 100% #sensex,operator stock upper circuit fixed target 100% #sensex,29,16,112,47713,12,,sensex,sensex,True,169
sample-0001271,sample_trader_97,2026-08-03T17:53:45+00:00,#intraday levels posted for educational discussion only,#intraday levels posted for educational discussion only,2,35,216,21571,9,,intraday,intraday,True,262
sample-0001272,sample_trader_237,2026-08-04T03:06:15+00:00,#NIFTY50 trading in a range; waiting for confirmation,#nifty50 trading in a range; waiting for confirmation,28,13,381,14494,7,nseindia,nifty50,nifty50,True,429
sample-0001273,sample_trader_15,2026-08-03T22:45:16+00:00,Watching option chain and market breadth before taking a trade #banknifty,watching option chain and market breadth before taking a trade #banknifty,15,67,231,46181,8,,banknifty,banknifty,True,321
sample-0001274,sample_trader_221,2026-08-03T19:33:45+00:00,#intraday levels posted for educational discussion only,#intraday levels posted for educational discussion only,6,19,203,65873,13,,intraday,intraday,True,241
sample-0001275,sample_trader_190,2026-08-03T22:32:32+00:00,"#intraday long setup confirmed, upside possible after consolidation","#intraday long setup confirmed, upside possible after consolidation",3,6,332,50187,13,,intraday,intraday,True,354
sample-0001276,sample_trader_305,2026-08-04T02:02:07+00:00,"#NIFTY50 breakout above support, looking bullish with target 24500","#nifty50 breakout above support, looking bullish with target 24500",8,67,311,64749,16,,nifty50,nifty50,True,402
sample-0001277,sample_trader_113,2026-08-04T04:25:21+00:00,"#intraday long setup confirmed, upside possible after consolidation","#intraday long setup confirmed, upside possible after consolidation",3,6,458,4727,18,,intraday,intraday,True,485
sample-0001278,sample_trader_116,2026-08-03T22:26:15+00:00,"#NIFTY50 breakout above support, looking bullish with target 24500","#nifty50 breakout above support, looking bullish with target 24500",28,79,358,53076,12,,nifty50,nifty50,True,477
sample-0001279,sample_trader_106,2026-08-03T14:26:17+00:00,Accumulating quality stocks on dips. Market looks strong #sensex,accumulating quality stocks on dips. market looks strong #sensex,5,26,177,37797,19,,sensex,sensex,True,227
sample-0001280,sample_trader_258,2026-08-04T01:43:42+00:00,"#NIFTY50 breakout above support, looking bullish with target 24500","#nifty50 breakout above support, looking bullish with target 24500",29,79,244,40069,7,,nifty50,nifty50,True,359
sample-0001281,sample_trader_171,2026-08-04T01:38:45+00:00,"#NIFTY50 breakout above support, looking bullish with target 24500","#nifty50 breakout above support, looking bullish with target 24500",28,58,72,1719,15,,nifty50,nifty50,True,173
sample-0001282,sample_trader_40,2026-08-03T22:51:39+00:00,"Bank Nifty में तेजी, buyers are strong today #banknifty","bank nifty में तेजी, buyers are strong today #banknifty",5,1,304,46206,15,,banknifty,banknifty,True,325
sample-0001283,sample_trader_57,2026-08-03T15:15:40+00:00,#intraday levels posted for educational discussion only,#intraday levels posted for educational discussion only,1,2,290,38147,7,,intraday,intraday,True,300
sample-0001284,sample_trader_52,2026-08-04T05:02:52+00:00,Accumulating quality stocks on dips. Market looks strong #sensex,accumulating quality stocks on dips. market looks strong #sensex,9,42,231,64362,11,,sensex,sensex,True,293
sample-0001285,sample_trader_187,2026-08-03T23:14:09+00:00,"#NIFTY50 breakdown below support, bearish pressure increasing","#nifty50 breakdown below support, bearish pressure increasing",14,1,423,46269,9,,nifty50,nifty50,True,447
sample-0001286,sample_trader_139,2026-08-04T04:21:41+00:00,Watching option chain and market breadth before taking a trade #banknifty,watching option chain and market breadth before taking a trade #banknifty,21,66,372,2766,4,,banknifty,banknifty,True,463
sample-0001287,sample_trader_255,2026-08-03T19:27:42+00:00,Accumulating quality stocks on dips. Market looks strong #sensex,accumulating quality stocks on dips. market looks strong #sensex,0,31,295,56505,11,,sensex,sensex,True,337
sample-0001288,sample_trader_328,2026-08-03T18:42:44+00:00,"Bank Nifty में तेजी, buyers are strong today #banknifty","bank nifty में तेजी, buyers are strong today #banknifty",3,35,449,71473,14,,banknifty,banknifty,True,501
sample-0001289,sample_trader_348,2026-08-03T22:48:26+00:00,Watching option chain and market breadth before taking a trade #banknifty,watching option chain and market breadth before taking a trade #banknifty,11,42,200,77270,13,,banknifty,banknifty,True,266
sample-0001290,sample_trader_22,2026-08-04T01:31:42+00:00,"Bank Nifty में गिरावट, sell on rise setup #banknifty","bank nifty में गिरावट, sell on rise setup #banknifty",18,66,359,45043,19,,banknifty,banknifty,True,462
sample-0001291,sample_trader_57,2026-08-03T21:57:58+00:00,Watching option chain and market breadth before taking a trade #banknifty,watching option chain and market breadth before taking a trade #banknifty,0,63,474,19334,14,,banknifty,banknifty,True,551
sample-0001292,sample_trader_286,2026-08-03T09:45:18+00:00,Watching option chain and market breadth before taking a trade #banknifty,watching option chain and market breadth before taking a trade #banknifty,21,20,155,63859,9,nseindia,banknifty,banknifty,True,205
sample-0001293,sample_trader_21,2026-08-03T15:56:32+00:00,Weak breadth and downside risk in #sensex today,weak breadth and downside risk in #sensex today,6,36,422,77785,3,nseindia,sensex,sensex,True,467
sample-0001294,sample_trader_181,2026-08-03T16:47:57+00:00,#intraday short setup; avoid aggressive buying in this volatility,#intraday short setup; avoid aggressive buying in this volatility,21,0,25,33005,4,,intraday,intraday,True,50
sample-0001295,sample_trader_366,2026-08-04T05:20:08+00:00,Weak breadth and downside risk in #sensex today,weak breadth and downside risk in #sensex today,8,18,375,25835,13,,sensex,sensex,True,414
sample-0001296,sample_trader_17,2026-08-04T00:29:54+00:00,"Bank Nifty में तेजी, buyers are strong today #banknifty","bank nifty में तेजी, buyers are strong today #banknifty",15,45,127,50675,13,,banknifty,banknifty,True,200
sample-0001297,sample_trader_306,2026-08-03T21:28:14+00:00,Accumulating quality stocks on dips. Market looks strong #sensex,accumulating quality stocks on dips. market looks strong #sensex,9,22,288,57173,10,,sensex,sensex,True,329
sample-0001298,sample_trader_70,2026-08-03T23:21:50+00:00,"#NIFTY50 breakout above support, looking bullish with target 24500","#nifty50 breakout above support, looking bullish with target 24500",13,70,102,39510,9,,nifty50,nifty50,True,194
sample-0001299,sample_trader_94,2026-08-03T12:35:37+00:00,#NIFTY50 trading in a range; waiting for confirmation,#nifty50 trading in a range; waiting for confirmation,12,55,49,18217,16,,nifty50,nifty50,True,132
sample-0001300,sample_trader_182,2026-08-03T15:24:49+00:00,"#NIFTY50 breakdown below support, bearish pressure increasing","#nifty50 breakdown below support, bearish pressure increasing",13,59,215,53823,14,nseindia,nifty50,nifty50,True,301
sample-0001301,sample_trader_46,2026-08-03T17:08:30+00:00,#intraday levels posted for educational discussion only,#intraday levels posted for educational discussion only,24,17,314,39684,7,,intraday,intraday,True,362
sample-0001302,sample_trader_279,2026-08-03T09:51:39+00:00,#intraday short setup; avoid aggressive buying in this volatility,#intraday short setup; avoid aggressive buying in this volatility,28,72,449,38499,1,,intraday,intraday,True,550
sample-0001303,sample_trader_344,2026-08-03T17:47:46+00:00,"Bank Nifty में गिरावट, sell on rise setup #banknifty","bank nifty में गिरावट, sell on rise setup #banknifty",0,59,413,67946,14,,banknifty,banknifty,True,486
sample-0001304,sample_trader_333,2026-08-03T22:37:48+00:00,"Bank Nifty में तेजी, buyers are strong today #banknifty","bank nifty में तेजी, buyers are strong today #banknifty",3,42,304,12816,9,,banknifty,banknifty,True,358
sample-0001305,sample_trader_380,2026-08-04T04:02:43+00:00,"Bank Nifty में गिरावट, sell on rise setup #banknifty","bank nifty में गिरावट, sell on rise setup #banknifty",18,65,378,6999,6,,banknifty,banknifty,True,467
sample-0001306,sample_trader_115,2026-08-04T03:30:02+00:00,#intraday levels posted for educational discussion only,#intraday levels posted for educational discussion only,28,19,154,40799,0,,intraday,intraday,True,201
sample-0001307,sample_trader_35,2026-08-04T04:17:25+00:00,#intraday levels posted for educational discussion only,#intraday levels posted for educational discussion only,0,19,309,15914,16,,intraday,intraday,True,344
sample-0001308,sample_trader_13,2026-08-03T15:13:06+00:00,"Bank Nifty में तेजी, buyers are strong today #banknifty","bank nifty में तेजी, buyers are strong today #banknifty",26,64,227,51261,1,,banknifty,banknifty,True,318
sample-0001309,sample_trader_95,2026-08-03T14:51:18+00:00,#intraday short setup; avoid aggressive buying in this volatility,#intraday short setup; avoid aggressive buying in this volatility,26,30,430,71709,8,,intraday,intraday,True,494
sample-0001310,sample_trader_75,2026-08-03T16:43:31+00:00,#NIFTY50 trading in a range; waiting for confirmation,#nifty50 trading in a range; waiting for confirmation,20,2,94,18621,7,,nifty50,nifty50,True,123
sample-0001311,sample_trader_246,2026-08-03T15:07:49+00:00,"No clear setup in #sensex yet, risk management is important","no clear setup in #sensex yet, risk management is important",9,37,341,13159,18,,sensex,sensex,True,405
sample-0001312,sample_trader_358,2026-08-03T18:25:10+00:00,"Bank Nifty में गिरावट, sell on rise setup #banknifty","bank nifty में गिरावट, sell on rise setup #banknifty",25,13,237,54693,13,,banknifty,banknifty,True,288
sample-0001313,sample_trader_289,2026-08-04T04:05:35+00:00,Weak breadth and downside risk in #sensex today,weak breadth and downside risk in #sensex today,12,1,297,39733,1,,sensex,sensex,True,311
sample-0001314,sample_trader_182,2026-08-04T06:54:53+00:00,#intraday levels posted for educational discussion only,#intraday levels posted for educational discussion only,30,17,239,60126,8,nseindia,intraday,intraday,True,294
sample-0001315,sample_trader_258,2026-08-03T14:14:21+00:00,Accumulating quality stocks on dips. Market looks strong #sensex,accumulating quality stocks on dips. market looks strong #sensex,6,44,462,68870,12,,sensex,sensex,True,524
sample-0001316,sample_trader_336,2026-08-03T19:39:21+00:00,"#intraday long setup confirmed, upside possible after consolidation","#intraday long setup confirmed, upside possible after consolidation",23,72,173,60275,4,,intraday,intraday,True,272
sample-0001317,sample_trader_331,2026-08-04T05:59:00+00:00,#intraday short setup; avoid aggressive buying in this volatility,#intraday short setup; avoid aggressive buying in this volatility,15,48,492,61883,19,,intraday,intraday,True,574
sample-0001318,sample_trader_358,2026-08-04T03:45:17+00:00,#NIFTY50 trading in a range; waiting for confirmation,#nifty50 trading in a range; waiting for confirmation,10,75,489,76166,11,,nifty50,nifty50,True,585
sample-0001319,sample_trader_16,2026-08-04T06:49:52+00:00,"Bank Nifty में गिरावट, sell on rise setup #banknifty","bank nifty में गिरावट, sell on rise setup #banknifty",27,20,118,12703,3,,banknifty,banknifty,True,168
sample-0001320,sample_trader_396,2026-08-04T00:02:13+00:00,"No clear setup in #sensex yet, risk management is important","no clear setup in #sensex yet, risk management is important",25,30,53,22856,12,,sensex,sensex,True,120
sample-0001321,sample_trader_314,2026-08-04T06:12:44+00:00,Weak breadth and downside risk in #sensex today,weak breadth and downside risk in #sensex today,8,14,19,9602,14,,sensex,sensex,True,55
sample-0001322,sample_trader_165,2026-08-04T02:07:45+00:00,"No clear setup in #sensex yet, risk management is important","no clear setup in #sensex yet, risk management is important",3,57,193,17510,20,,sensex,sensex,True,273
sample-0001323,sample_trader_252,2026-08-03T23:16:25+00:00,"#NIFTY50 breakout above support, looking bullish with target 24500","#nifty50 breakout above support, looking bullish with target 24500",14,36,115,26420,5,,nifty50,nifty50,True,170
sample-0001324,sample_trader_299,2026-08-04T05:20:06+00:00,Watching option chain and market breadth before taking a trade #banknifty,watching option chain and market breadth before taking a trade #banknifty,0,80,491,12659,6,nseindia,banknifty,banknifty,True,577
sample-0001325,sample_trader_397,2026-08-03T19:22:32+00:00,"#NIFTY50 breakout above support, looking bullish with target 24500","#nifty50 breakout above support, looking bullish with target 24500",13,72,279,9482,10,,nifty50,nifty50,True,374
sample-0001326,sample_trader_107,2026-08-04T01:32:39+00:00,Operator stock upper circuit fixed target 100% #sensex,operator stock upper circuit fixed target 100% #sensex,18,60,256,46201,11,,sensex,sensex,True,345
sample-0001327,sample_trader_225,2026-08-04T06:01:18+00:00,#intraday levels posted for educational discussion only,#intraday levels posted for educational discussion only,13,80,192,9338,18,nseindia,intraday,intraday,True,303
sample-0001328,sample_trader_61,2026-08-04T04:47:34+00:00,Watching option chain and market breadth before taking a trade #banknifty,watching option chain and market breadth before taking a trade #banknifty,15,29,26,78888,17,,banknifty,banknifty,True,87
sample-0001329,sample_trader_200,2026-08-03T23:18:51+00:00,Accumulating quality stocks on dips. Market looks strong #sensex,accumulating quality stocks on dips. market looks strong #sensex,22,45,34,20741,9,nseindia,sensex,sensex,True,110
sample-0001330,sample_trader_313,2026-08-03T13:36:57+00:00,#NIFTY50 trading in a range; waiting for confirmation,#nifty50 trading in a range; waiting for confirmation,16,39,204,7474,17,,nifty50,nifty50,True,276
sample-0001331,sample_trader_335,2026-08-03T22:53:22+00:00,"#intraday long setup confirmed, upside possible after consolidation","#intraday long setup confirmed, upside possible after consolidation",0,4,173,55284,8,,intraday,intraday,True,185
sample-0001332,sample_trader_281,2026-08-04T01:01:51+00:00,"#intraday long setup confirmed, upside possible after consolidation","#intraday long setup confirmed, upside possible after consolidation",26,42,473,8219,7,,intraday,intraday,True,548
sample-0001333,sample_trader_37,2026-08-03T19:52:30+00:00,#NIFTY50 trading in a range; waiting for confirmation,#nifty50 trading in a range; waiting for confirmation,30,53,306,10613,17,,nifty50,nifty50,True,406
sample-0001334,sample_trader_54,2026-08-04T06:56:49+00:00,"#NIFTY50 breakout above support, looking bullish with target 24500","#nifty50 breakout above support, looking bullish with target 24500",1,63,259,29573,20,,nifty50,nifty50,True,343
sample-0001335,sample_trader_11,2026-08-04T00:10:28+00:00,"No clear setup in #sensex yet, risk management is important","no clear setup in #sensex yet, risk management is important",29,7,13,25762,17,,sensex,sensex,True,66
sample-0001336,sample_trader_247,2026-08-03T12:21:04+00:00,"#NIFTY50 breakdown below support, bearish pressure increasing","#nifty50 breakdown below support, bearish pressure increasing",1,49,392,49494,4,,nifty50,nifty50,True,446
sample-0001337,sample_trader_225,2026-08-04T04:15:31+00:00,#intraday short setup; avoid aggressive buying in this volatility,#intraday short setup; avoid aggressive buying in this volatility,3,78,462,48246,11,,intraday,intraday,True,554
sample-0001338,sample_trader_119,2026-08-03T23:47:43+00:00,#intraday short setup; avoid aggressive buying in this volatility,#intraday short setup; avoid aggressive buying in this volatility,2,75,5,29819,13,,intraday,intraday,True,95
sample-0001339,sample_trader_369,2026-08-04T07:55:28+00:00,"No clear setup in #sensex yet, risk management is important","no clear setup in #sensex yet, risk management is important",7,7,39,7475,4,,sensex,sensex,True,57
sample-0001340,sample_trader_180,2026-08-03T21:01:47+00:00,Weak breadth and downside risk in #sensex today,weak breadth and downside risk in #sensex today,19,31,149,17052,19,,sensex,sensex,True,218
sample-0001341,sample_trader_129,2026-08-04T05:41:09+00:00,"#intraday long setup confirmed, upside possible after consolidation","#intraday long setup confirmed, upside possible after consolidation",30,69,105,64921,11,,intraday,intraday,True,215
sample-0001342,sample_trader_188,2026-08-03T21:26:43+00:00,Accumulating quality stocks on dips. Market looks strong #sensex,accumulating quality stocks on dips. market looks strong #sensex,24,70,149,32058,16,,sensex,sensex,True,259
sample-0001343,sample_trader_178,2026-08-04T06:30:03+00:00,"#NIFTY50 breakdown below support, bearish pressure increasing","#nifty50 breakdown below support, bearish pressure increasing",28,52,361,63778,8,nseindia,nifty50,nifty50,True,449
sample-0001344,sample_trader_380,2026-08-03T21:21:52+00:00,"#NIFTY50 breakout above support, looking bullish with target 24500","#nifty50 breakout above support, looking bullish with target 24500",17,26,62,48859,4,nseindia,nifty50,nifty50,True,109
sample-0001345,sample_trader_392,2026-08-03T08:48:16+00:00,"#intraday long setup confirmed, upside possible after consolidation","#intraday long setup confirmed, upside possible after consolidation",14,14,10,65442,1,,intraday,intraday,True,39
sample-0001346,sample_trader_44,2026-08-03T21:31:45+00:00,Watching option chain and market breadth before taking a trade #banknifty,watching option chain and market breadth before taking a trade #banknifty,1,35,437,79970,12,,banknifty,banknifty,True,485
sample-0001347,sample_trader_23,2026-08-03T16:18:02+00:00,"#NIFTY50 breakdown below support, bearish pressure increasing","#nifty50 breakdown below support, bearish pressure increasing",7,26,194,24223,13,,nifty50,nifty50,True,240
sample-0001348,sample_trader_391,2026-08-03T12:44:59+00:00,#intraday short setup; avoid aggressive buying in this volatility,#intraday short setup; avoid aggressive buying in this volatility,11,3,465,79838,10,,intraday,intraday,True,489
sample-0001349,sample_trader_175,2026-08-04T07:28:16+00:00,"#NIFTY50 breakdown below support, bearish pressure increasing","#nifty50 breakdown below support, bearish pressure increasing",23,79,222,56089,1,,nifty50,nifty50,True,325
sample-0001350,sample_trader_274,2026-08-03T22:00:08+00:00,#intraday levels posted for educational discussion only,#intraday levels posted for educational discussion only,14,54,293,74538,16,,intraday,intraday,True,377
sample-0001351,sample_trader_68,2026-08-03T23:47:36+00:00,"#NIFTY50 breakdown below support, bearish pressure increasing","#nifty50 breakdown below support, bearish pressure increasing",29,1,143,36015,2,,nifty50,nifty50,True,175
sample-0001352,sample_trader_293,2026-08-03T20:10:39+00:00,"No clear setup in #sensex yet, risk management is important","no clear setup in #sensex yet, risk management is important",12,4,315,35999,11,,sensex,sensex,True,342
sample-0001353,sample_trader_158,2026-08-04T03:56:27+00:00,"#NIFTY50 breakdown below support, bearish pressure increasing","#nifty50 breakdown below support, bearish pressure increasing",18,41,428,34720,5,,nifty50,nifty50,True,492
sample-0001354,sample_trader_239,2026-08-04T08:08:38+00:00,"Bank Nifty में तेजी, buyers are strong today #banknifty","bank nifty में तेजी, buyers are strong today #banknifty",1,45,245,73005,6,,banknifty,banknifty,True,297
sample-0001355,sample_trader_313,2026-08-03T22:24:06+00:00,Watching option chain and market breadth before taking a trade #banknifty,watching option chain and market breadth before taking a trade #banknifty,17,40,488,8444,14,,banknifty,banknifty,True,559
sample-0001356,sample_trader_66,2026-08-03T14:26:49+00:00,"Bank Nifty में गिरावट, sell on rise setup #banknifty","bank nifty में गिरावट, sell on rise setup #banknifty",7,80,89,19304,19,,banknifty,banknifty,True,195
sample-0001357,sample_trader_20,2026-08-03T08:38:01+00:00,Accumulating quality stocks on dips. Market looks strong #sensex,accumulating quality stocks on dips. market looks strong #sensex,5,64,440,57762,18,,sensex,sensex,True,527
sample-0001358,sample_trader_366,2026-08-04T06:15:10+00:00,#intraday levels posted for educational discussion only,#intraday levels posted for educational discussion only,8,32,8,46362,17,,intraday,intraday,True,65
sample-0001359,sample_trader_56,2026-08-03T19:44:01+00:00,"No clear setup in #sensex yet, risk management is important","no clear setup in #sensex yet, risk management is important",2,64,227,14885,16,nseindia,sensex,sensex,True,309
sample-0001360,sample_trader_191,2026-08-03T11:42:02+00:00,"Bank Nifty में तेजी, buyers are strong today #banknifty","bank nifty में तेजी, buyers are strong today #banknifty",26,53,36,55948,9,,banknifty,banknifty,True,124
sample-0001361,sample_trader_209,2026-08-03T20:16:13+00:00,"#NIFTY50 breakdown below support, bearish pressure increasing","#nifty50 breakdown below support, bearish pressure increasing",28,47,240,38593,19,nseindia,nifty50,nifty50,True,334
sample-0001362,sample_trader_77,2026-08-03T21:52:35+00:00,#intraday short setup; avoid aggressive buying in this volatility,#intraday short setup; avoid aggressive buying in this volatility,29,75,13,13974,19,,intraday,intraday,True,136
sample-0001363,sample_trader_194,2026-08-04T00:38:37+00:00,"#NIFTY50 breakdown below support, bearish pressure increasing","#nifty50 breakdown below support, bearish pressure increasing",26,74,16,19720,12,,nifty50,nifty50,True,128
sample-0001364,sample_trader_115,2026-08-04T05:39:07+00:00,Operator stock upper circuit fixed target 100% #sensex,operator stock upper circuit fixed target 100% #sensex,18,64,294,71907,13,,sensex,sensex,True,389
sample-0001365,sample_trader_242,2026-08-03T10:21:46+00:00,"#intraday long setup confirmed, upside possible after consolidation","#intraday long setup confirmed, upside possible after consolidation",21,67,266,57855,10,,intraday,intraday,True,364
sample-0001366,sample_trader_169,2026-08-03T23:34:55+00:00,#NIFTY50 trading in a range; waiting for confirmation,#nifty50 trading in a range; waiting for confirmation,7,46,118,59795,10,,nifty50,nifty50,True,181
sample-0001367,sample_trader_376,2026-08-03T16:15:52+00:00,"#intraday long setup confirmed, upside possible after consolidation","#intraday long setup confirmed, upside possible after consolidation",30,52,185,10495,11,,intraday,intraday,True,278
sample-0001368,sample_trader_248,2026-08-03T08:40:47+00:00,"#NIFTY50 breakout above support, looking bullish with target 24500","#nifty50 breakout above support, looking bullish with target 24500",19,29,229,54949,7,,nifty50,nifty50,True,284
sample-0001369,sample_trader_346,2026-08-03T17:37:33+00:00,"#NIFTY50 breakout above support, looking bullish with target 24500","#nifty50 breakout above support, looking bullish with target 24500",18,17,310,34165,9,,nifty50,nifty50,True,354
sample-0001370,sample_trader_216,2026-08-03T17:35:37+00:00,"#intraday long setup confirmed, upside possible after consolidation","#intraday long setup confirmed, upside possible after consolidation",16,18,294,64825,20,,intraday,intraday,True,348
sample-0001371,sample_trader_8,2026-08-03T15:56:05+00:00,"#NIFTY50 breakout above support, looking bullish with target 24500","#nifty50 breakout above support, looking bullish with target 24500",5,15,214,34571,17,,nifty50,nifty50,True,251
sample-0001372,sample_trader_18,2026-08-04T03:51:53+00:00,"No clear setup in #sensex yet, risk management is important","no clear setup in #sensex yet, risk management is important",26,55,12,21930,2,,sensex,sensex,True,95
sample-0001373,sample_trader_182,2026-08-03T17:05:21+00:00,Watching option chain and market breadth before taking a trade #banknifty,watching option chain and market breadth before taking a trade #banknifty,4,51,356,73049,7,,banknifty,banknifty,True,418
sample-0001374,sample_trader_303,2026-08-03T20:12:36+00:00,"#intraday long setup confirmed, upside possible after consolidation","#intraday long setup confirmed, upside possible after consolidation",19,78,55,5979,2,,intraday,intraday,True,154
sample-0001375,sample_trader_323,2026-08-03T17:34:48+00:00,Weak breadth and downside risk in #sensex today,weak breadth and downside risk in #sensex today,14,55,148,62585,4,,sensex,sensex,True,221
sample-0001376,sample_trader_4,2026-08-04T02:55:24+00:00,Watching option chain and market breadth before taking a trade #banknifty,watching option chain and market breadth before taking a trade #banknifty,18,75,189,59494,12,,banknifty,banknifty,True,294
sample-0001377,sample_trader_119,2026-08-04T04:56:20+00:00,"#intraday long setup confirmed, upside possible after consolidation","#intraday long setup confirmed, upside possible after consolidation",9,63,174,6379,18,,intraday,intraday,True,264
sample-0001378,sample_trader_166,2026-08-03T22:04:51+00:00,Watching option chain and market breadth before taking a trade #banknifty,watching option chain and market breadth before taking a trade #banknifty,12,40,387,23435,4,nseindia,banknifty,banknifty,True,443
sample-0001379,sample_trader_143,2026-08-03T13:33:56+00:00,"Bank Nifty में तेजी, buyers are strong today #banknifty","bank nifty में तेजी, buyers are strong today #banknifty",18,78,160,13087,11,,banknifty,banknifty,True,267
sample-0001380,sample_trader_250,2026-08-03T22:29:47+00:00,"#intraday long setup confirmed, upside possible after consolidation","#intraday long setup confirmed, upside possible after consolidation",14,28,453,22243,9,,intraday,intraday,True,504
sample-0001381,sample_trader_342,2026-08-04T00:01:54+00:00,"#NIFTY50 breakdown below support, bearish pressure increasing","#nifty50 breakdown below support, bearish pressure increasing",8,18,49,27161,17,,nifty50,nifty50,True,92
sample-0001382,sample_trader_21,2026-08-03T10:40:48+00:00,Accumulating quality stocks on dips. Market looks strong #sensex,accumulating quality stocks on dips. market looks strong #sensex,30,69,275,25626,0,,sensex,sensex,True,374
sample-0001383,sample_trader_145,2026-08-04T01:04:14+00:00,"Bank Nifty में तेजी, buyers are strong today #banknifty","bank nifty में तेजी, buyers are strong today #banknifty",30,73,218,58354,16,,banknifty,banknifty,True,337
sample-0001384,sample_trader_367,2026-08-04T04:28:33+00:00,Watching option chain and market breadth before taking a trade #banknifty,watching option chain and market breadth before taking a trade #banknifty,22,15,227,56707,15,,banknifty,banknifty,True,279
sample-0001385,sample_trader_182,2026-08-04T04:13:36+00:00,"#NIFTY50 breakout above support, looking bullish with target 24500","#nifty50 breakout above support, looking bullish with target 24500",25,10,381,29205,2,,nifty50,nifty50,True,418
sample-0001386,sample_trader_233,2026-08-03T22:24:50+00:00,#NIFTY50 trading in a range; waiting for confirmation,#nifty50 trading in a range; waiting for confirmation,20,65,344,9760,10,,nifty50,nifty50,True,439
sample-0001387,sample_trader_362,2026-08-04T04:48:36+00:00,Accumulating quality stocks on dips. Market looks strong #sensex,accumulating quality stocks on dips. market looks strong #sensex,25,66,162,25005,17,,sensex,sensex,True,270
sample-0001388,sample_trader_322,2026-08-03T09:21:56+00:00,SURE SHOT multibagger guaranteed double money #intraday,sure shot multibagger guaranteed double money #intraday,0,31,70,76903,12,,intraday,intraday,True,113
sample-0001389,sample_trader_241,2026-08-03T22:48:29+00:00,Accumulating quality stocks on dips. Market looks strong #sensex,accumulating quality stocks on dips. market looks strong #sensex,4,62,416,24574,15,,sensex,sensex,True,497
sample-0001390,sample_trader_371,2026-08-03T13:40:07+00:00,"#NIFTY50 breakout above support, looking bullish with target 24500","#nifty50 breakout above support, looking bullish with target 24500",23,27,1,56977,2,,nifty50,nifty50,True,53
sample-0001391,sample_trader_20,2026-08-04T01:58:55+00:00,#intraday levels posted for educational discussion only,#intraday levels posted for educational discussion only,13,33,314,49895,20,,intraday,intraday,True,380
sample-0001392,sample_trader_272,2026-08-03T14:50:11+00:00,SURE SHOT multibagger guaranteed double money #intraday,sure shot multibagger guaranteed double money #intraday,21,23,449,39384,7,,intraday,intraday,True,500
sample-0001393,sample_trader_201,2026-08-03T09:31:42+00:00,#intraday levels posted for educational discussion only,#intraday levels posted for educational discussion only,19,45,278,63090,9,,intraday,intraday,True,351
sample-0001394,sample_trader_229,2026-08-03T17:11:23+00:00,"#intraday long setup confirmed, upside possible after consolidation","#intraday long setup confirmed, upside possible after consolidation",10,31,339,55737,3,,intraday,intraday,True,383
sample-0001395,sample_trader_357,2026-08-03T19:48:43+00:00,"#NIFTY50 breakdown below support, bearish pressure increasing","#nifty50 breakdown below support, bearish pressure increasing",12,16,396,63454,15,,nifty50,nifty50,True,439
sample-0001396,sample_trader_138,2026-08-03T21:52:28+00:00,"#intraday long setup confirmed, upside possible after consolidation","#intraday long setup confirmed, upside possible after consolidation",16,27,455,53659,1,,intraday,intraday,True,499
sample-0001397,sample_trader_211,2026-08-03T20:54:10+00:00,"#NIFTY50 breakdown below support, bearish pressure increasing","#nifty50 breakdown below support, bearish pressure increasing",12,56,217,52305,8,,nifty50,nifty50,True,293
sample-0001398,sample_trader_174,2026-08-04T00:29:43+00:00,"Bank Nifty में गिरावट, sell on rise setup #banknifty","bank nifty में गिरावट, sell on rise setup #banknifty",20,5,157,58722,13,,banknifty,banknifty,True,195
sample-0001399,sample_trader_57,2026-08-03T09:42:03+00:00,Accumulating quality stocks on dips. Market looks strong #sensex,accumulating quality stocks on dips. market looks strong #sensex,30,78,312,43262,4,,sensex,sensex,True,424
sample-0001400,sample_trader_47,2026-08-03T18:39:40+00:00,"Bank Nifty में तेजी, buyers are strong today #banknifty","bank nifty में तेजी, buyers are strong today #banknifty",24,42,467,46279,17,nseindia,banknifty,banknifty,True,550
sample-0001401,sample_trader_275,2026-08-03T19:17:00+00:00,"#intraday long setup confirmed, upside possible after consolidation","#intraday long setup confirmed, upside possible after consolidation",6,20,429,70265,12,,intraday,intraday,True,467
sample-0001402,sample_trader_192,2026-08-04T02:35:25+00:00,Accumulating quality stocks on dips. Market looks strong #sensex,accumulating quality stocks on dips. market looks strong #sensex,10,52,110,72526,7,,sensex,sensex,True,179
sample-0001403,sample_trader_53,2026-08-03T13:17:44+00:00,Accumulating quality stocks on dips. Market looks strong #sensex,accumulating quality stocks on dips. market looks strong #sensex,16,50,405,63606,1,,sensex,sensex,True,472
sample-0001404,sample_trader_324,2026-08-04T00:05:33+00:00,#intraday short setup; avoid aggressive buying in this volatility,#intraday short setup; avoid aggressive buying in this volatility,24,31,17,35761,3,,intraday,intraday,True,75
sample-0001405,sample_trader_419,2026-08-04T03:41:25+00:00,"#NIFTY50 breakdown below support, bearish pressure increasing","#nifty50 breakdown below support, bearish pressure increasing",23,34,441,11180,2,nseindia,nifty50,nifty50,True,500
sample-0001406,sample_trader_381,2026-08-04T07:55:48+00:00,Weak breadth and downside risk in #sensex today,weak breadth and downside risk in #sensex today,26,69,309,19952,3,,sensex,sensex,True,407
sample-0001407,sample_trader_160,2026-08-03T10:24:51+00:00,"Bank Nifty में गिरावट, sell on rise setup #banknifty","bank nifty में गिरावट, sell on rise setup #banknifty",25,41,217,67205,0,,banknifty,banknifty,True,283
sample-0001408,sample_trader_136,2026-08-04T04:50:15+00:00,Watching option chain and market breadth before taking a trade #banknifty,watching option chain and market breadth before taking a trade #banknifty,20,73,241,49409,9,,banknifty,banknifty,True,343
sample-0001409,sample_trader_143,2026-08-03T12:02:30+00:00,Accumulating quality stocks on dips. Market looks strong #sensex,accumulating quality stocks on dips. market looks strong #sensex,15,36,464,69938,16,,sensex,sensex,True,531
sample-0001410,sample_trader_191,2026-08-03T18:08:05+00:00,"Bank Nifty में तेजी, buyers are strong today #banknifty","bank nifty में तेजी, buyers are strong today #banknifty",24,69,365,14245,14,,banknifty,banknifty,True,472
sample-0001411,sample_trader_229,2026-08-04T00:00:57+00:00,"Bank Nifty में तेजी, buyers are strong today #banknifty","bank nifty में तेजी, buyers are strong today #banknifty",11,61,288,14330,20,,banknifty,banknifty,True,380
sample-0001412,sample_trader_288,2026-08-04T04:59:38+00:00,"Bank Nifty में तेजी, buyers are strong today #banknifty","bank nifty में तेजी, buyers are strong today #banknifty",5,26,442,64250,18,,banknifty,banknifty,True,491
sample-0001413,sample_trader_243,2026-08-03T10:01:16+00:00,"Bank Nifty में तेजी, buyers are strong today #banknifty","bank nifty में तेजी, buyers are strong today #banknifty",16,72,389,30515,1,,banknifty,banknifty,True,478
sample-0001414,sample_trader_380,2026-08-03T21:07:37+00:00,"#NIFTY50 breakdown below support, bearish pressure increasing","#nifty50 breakdown below support, bearish pressure increasing",10,19,18,42182,18,,nifty50,nifty50,True,65
sample-0001415,sample_trader_387,2026-08-04T00:50:57+00:00,"#NIFTY50 breakout above support, looking bullish with target 24500","#nifty50 breakout above support, looking bullish with target 24500",17,62,279,65561,10,,nifty50,nifty50,True,368
sample-0001416,sample_trader_363,2026-08-03T15:40:08+00:00,"#intraday long setup confirmed, upside possible after consolidation","#intraday long setup confirmed, upside possible after consolidation",15,65,284,10723,3,,intraday,intraday,True,367
sample-0001417,sample_trader_388,2026-08-04T03:49:57+00:00,"#NIFTY50 breakout above support, looking bullish with target 24500","#nifty50 breakout above support, looking bullish with target 24500",0,20,266,15972,5,,nifty50,nifty50,True,291
sample-0001418,sample_trader_254,2026-08-03T17:01:22+00:00,"#intraday long setup confirmed, upside possible after consolidation","#intraday long setup confirmed, upside possible after consolidation",5,80,411,68808,15,,intraday,intraday,True,511
sample-0001419,sample_trader_5,2026-08-03T17:55:30+00:00,#intraday levels posted for educational discussion only,#intraday levels posted for educational discussion only,9,15,222,38614,8,,intraday,intraday,True,254
sample-0001420,sample_trader_333,2026-08-03T11:56:21+00:00,#intraday levels posted for educational discussion only,#intraday levels posted for educational discussion only,5,18,148,68633,6,,intraday,intraday,True,177
sample-0001421,sample_trader_237,2026-08-03T15:16:40+00:00,#intraday short setup; avoid aggressive buying in this volatility,#intraday short setup; avoid aggressive buying in this volatility,6,42,474,17789,5,,intraday,intraday,True,527
sample-0001422,sample_trader_214,2026-08-03T20:54:00+00:00,"No clear setup in #sensex yet, risk management is important","no clear setup in #sensex yet, risk management is important",5,19,240,8838,0,,sensex,sensex,True,264
sample-0001423,sample_trader_276,2026-08-04T05:03:00+00:00,"#NIFTY50 breakout above support, looking bullish with target 24500","#nifty50 breakout above support, looking bullish with target 24500",14,42,48,8059,19,,nifty50,nifty50,True,123
sample-0001424,sample_trader_326,2026-08-03T19:42:26+00:00,Accumulating quality stocks on dips. Market looks strong #sensex,accumulating quality stocks on dips. market looks strong #sensex,17,28,176,1901,6,,sensex,sensex,True,227
sample-0001425,sample_trader_320,2026-08-03T19:05:41+00:00,#intraday short setup; avoid aggressive buying in this volatility,#intraday short setup; avoid aggressive buying in this volatility,24,51,478,33440,17,,intraday,intraday,True,570
sample-0001426,sample_trader_79,2026-08-03T10:53:22+00:00,"#NIFTY50 breakout above support, looking bullish with target 24500","#nifty50 breakout above support, looking bullish with target 24500",3,27,143,23423,8,,nifty50,nifty50,True,181
sample-0001427,sample_trader_295,2026-08-03T20:26:46+00:00,"#NIFTY50 breakout above support, looking bullish with target 24500","#nifty50 breakout above support, looking bullish with target 24500",24,75,309,36388,19,,nifty50,nifty50,True,427
sample-0001428,sample_trader_2,2026-08-04T02:20:47+00:00,"No clear setup in #sensex yet, risk management is important","no clear setup in #sensex yet, risk management is important",25,29,110,12021,19,,sensex,sensex,True,183
sample-0001429,sample_trader_166,2026-08-04T08:27:28+00:00,Accumulating quality stocks on dips. Market looks strong #sensex,accumulating quality stocks on dips. market looks strong #sensex,2,6,70,67120,14,,sensex,sensex,True,92
sample-0001430,sample_trader_257,2026-08-03T21:27:04+00:00,"No clear setup in #sensex yet, risk management is important","no clear setup in #sensex yet, risk management is important",24,15,123,73469,12,,sensex,sensex,True,174
sample-0001431,sample_trader_160,2026-08-03T19:32:31+00:00,"#NIFTY50 breakdown below support, bearish pressure increasing","#nifty50 breakdown below support, bearish pressure increasing",26,66,162,69608,2,,nifty50,nifty50,True,256
sample-0001432,sample_trader_143,2026-08-03T09:23:31+00:00,"Bank Nifty में तेजी, buyers are strong today #banknifty","bank nifty में तेजी, buyers are strong today #banknifty",22,18,430,57360,17,,banknifty,banknifty,True,487
sample-0001433,sample_trader_223,2026-08-03T12:09:15+00:00,"#NIFTY50 breakdown below support, bearish pressure increasing","#nifty50 breakdown below support, bearish pressure increasing",20,44,91,3365,11,,nifty50,nifty50,True,166
sample-0001434,sample_trader_316,2026-08-04T00:41:00+00:00,Weak breadth and downside risk in #sensex today,weak breadth and downside risk in #sensex today,17,24,195,49097,5,,sensex,sensex,True,241
sample-0001435,sample_trader_185,2026-08-03T16:22:16+00:00,"#NIFTY50 breakout above support, looking bullish with target 24500","#nifty50 breakout above support, looking bullish with target 24500",16,24,2,76882,9,,nifty50,nifty50,True,51
sample-0001436,sample_trader_7,2026-08-03T14:09:38+00:00,#intraday short setup; avoid aggressive buying in this volatility,#intraday short setup; avoid aggressive buying in this volatility,19,34,17,36088,20,,intraday,intraday,True,90
sample-0001437,sample_trader_321,2026-08-03T22:29:04+00:00,Accumulating quality stocks on dips. Market looks strong #sensex,accumulating quality stocks on dips. market looks strong #sensex,1,73,421,4038,15,,sensex,sensex,True,510
sample-0001438,sample_trader_89,2026-08-03T14:36:56+00:00,SURE SHOT multibagger guaranteed double money #intraday,sure shot multibagger guaranteed double money #intraday,15,69,413,13666,1,,intraday,intraday,True,498
sample-0001439,sample_trader_68,2026-08-04T02:01:33+00:00,#intraday levels posted for educational discussion only,#intraday levels posted for educational discussion only,2,53,427,15703,1,,intraday,intraday,True,483
sample-0001440,sample_trader_279,2026-08-04T04:55:04+00:00,"#intraday long setup confirmed, upside possible after consolidation","#intraday long setup confirmed, upside possible after consolidation",8,24,335,2235,10,,intraday,intraday,True,377
sample-0001441,sample_trader_370,2026-08-03T11:06:01+00:00,"#NIFTY50 breakdown below support, bearish pressure increasing","#nifty50 breakdown below support, bearish pressure increasing",30,46,264,1907,12,,nifty50,nifty50,True,352
sample-0001442,sample_trader_390,2026-08-04T01:26:31+00:00,"#intraday long setup confirmed, upside possible after consolidation","#intraday long setup confirmed, upside possible after consolidation",16,18,373,34998,2,,intraday,intraday,True,409
sample-0001443,sample_trader_102,2026-08-03T10:18:39+00:00,Accumulating quality stocks on dips. Market looks strong #sensex,accumulating quality stocks on dips. market looks strong #sensex,22,64,209,22721,20,,sensex,sensex,True,315
sample-0001444,sample_trader_288,2026-08-03T22:29:58+00:00,"#NIFTY50 breakout above support, looking bullish with target 24500","#nifty50 breakout above support, looking bullish with target 24500",11,15,174,61162,18,,nifty50,nifty50,True,218
sample-0001445,sample_trader_60,2026-08-04T05:15:25+00:00,"Bank Nifty में तेजी, buyers are strong today #banknifty","bank nifty में तेजी, buyers are strong today #banknifty",29,11,93,11376,5,,banknifty,banknifty,True,138
sample-0001446,sample_trader_404,2026-08-04T02:18:05+00:00,SURE SHOT multibagger guaranteed double money #intraday,sure shot multibagger guaranteed double money #intraday,0,27,326,49140,14,,intraday,intraday,True,367
sample-0001447,sample_trader_98,2026-08-03T09:04:51+00:00,"#intraday long setup confirmed, upside possible after consolidation","#intraday long setup confirmed, upside possible after consolidation",23,16,158,7040,12,,intraday,intraday,True,209
sample-0001448,sample_trader_290,2026-08-04T03:21:15+00:00,"#intraday long setup confirmed, upside possible after consolidation","#intraday long setup confirmed, upside possible after consolidation",10,52,115,24723,8,,intraday,intraday,True,185
sample-0001449,sample_trader_358,2026-08-03T23:01:26+00:00,"#intraday long setup confirmed, upside possible after consolidation","#intraday long setup confirmed, upside possible after consolidation",14,33,47,64260,11,,intraday,intraday,True,105
sample-0001450,sample_trader_352,2026-08-03T09:29:31+00:00,Weak breadth and downside risk in #sensex today,weak breadth and downside risk in #sensex today,26,21,18,76756,12,,sensex,sensex,True,77
sample-0001451,sample_trader_178,2026-08-03T16:40:14+00:00,#NIFTY50 trading in a range; waiting for confirmation,#nifty50 trading in a range; waiting for confirmation,20,36,106,44900,16,,nifty50,nifty50,True,178
sample-0001452,sample_trader_396,2026-08-03T13:46:45+00:00,"Bank Nifty में गिरावट, sell on rise setup #banknifty","bank nifty में गिरावट, sell on rise setup #banknifty",6,33,111,61350,8,nseindia,banknifty,banknifty,True,158
sample-0001453,sample_trader_72,2026-08-03T15:09:54+00:00,"#intraday long setup confirmed, upside possible after consolidation","#intraday long setup confirmed, upside possible after consolidation",14,75,165,48845,18,,intraday,intraday,True,272
sample-0001454,sample_trader_360,2026-08-03T20:43:47+00:00,Watching option chain and market breadth before taking a trade #banknifty,watching option chain and market breadth before taking a trade #banknifty,3,80,183,1085,5,,banknifty,banknifty,True,271
sample-0001455,sample_trader_52,2026-08-03T08:52:41+00:00,"Bank Nifty में गिरावट, sell on rise setup #banknifty","bank nifty में गिरावट, sell on rise setup #banknifty",5,45,156,21381,14,,banknifty,banknifty,True,220
sample-0001456,sample_trader_234,2026-08-03T10:01:00+00:00,"Bank Nifty में तेजी, buyers are strong today #banknifty","bank nifty में तेजी, buyers are strong today #banknifty",18,73,355,57062,12,,banknifty,banknifty,True,458
sample-0001457,sample_trader_308,2026-08-03T18:52:42+00:00,"#intraday long setup confirmed, upside possible after consolidation","#intraday long setup confirmed, upside possible after consolidation",10,61,347,52629,9,nseindia,intraday,intraday,True,427
sample-0001458,sample_trader_219,2026-08-03T17:08:21+00:00,Accumulating quality stocks on dips. Market looks strong #sensex,accumulating quality stocks on dips. market looks strong #sensex,24,34,488,75742,12,,sensex,sensex,True,558
sample-0001459,sample_trader_306,2026-08-03T21:31:23+00:00,Accumulating quality stocks on dips. Market looks strong #sensex,accumulating quality stocks on dips. market looks strong #sensex,30,67,101,74497,4,,sensex,sensex,True,202
sample-0001460,sample_trader_159,2026-08-04T05:10:32+00:00,"Bank Nifty में गिरावट, sell on rise setup #banknifty","bank nifty में गिरावट, sell on rise setup #banknifty",25,18,410,45414,14,,banknifty,banknifty,True,467
sample-0001461,sample_trader_76,2026-08-03T08:29:15+00:00,Watching option chain and market breadth before taking a trade #banknifty,watching option chain and market breadth before taking a trade #banknifty,6,22,154,40358,2,,banknifty,banknifty,True,184
sample-0001462,sample_trader_371,2026-08-04T05:11:02+00:00,"Bank Nifty में तेजी, buyers are strong today #banknifty","bank nifty में तेजी, buyers are strong today #banknifty",7,19,350,72840,11,nseindia,banknifty,banknifty,True,387
sample-0001463,sample_trader_242,2026-08-04T04:49:45+00:00,Accumulating quality stocks on dips. Market looks strong #sensex,accumulating quality stocks on dips. market looks strong #sensex,17,50,357,27901,15,,sensex,sensex,True,439
sample-0001464,sample_trader_199,2026-08-04T04:58:41+00:00,Watching option chain and market breadth before taking a trade #banknifty,watching option chain and market breadth before taking a trade #banknifty,4,40,390,17551,12,,banknifty,banknifty,True,446
sample-0001465,sample_trader_202,2026-08-03T10:43:59+00:00,Weak breadth and downside risk in #sensex today,weak breadth and downside risk in #sensex today,17,9,177,64053,18,nseindia,sensex,sensex,True,221
sample-0001466,sample_trader_189,2026-08-03T23:54:18+00:00,"No clear setup in #sensex yet, risk management is important","no clear setup in #sensex yet, risk management is important",11,43,256,258,19,,sensex,sensex,True,329
sample-0001467,sample_trader_118,2026-08-03T08:57:43+00:00,"Bank Nifty में गिरावट, sell on rise setup #banknifty","bank nifty में गिरावट, sell on rise setup #banknifty",4,63,96,5849,6,,banknifty,banknifty,True,169
sample-0001468,sample_trader_335,2026-08-03T18:29:00+00:00,"Bank Nifty में तेजी, buyers are strong today #banknifty","bank nifty में तेजी, buyers are strong today #banknifty",5,54,77,37400,9,,banknifty,banknifty,True,145
sample-0001469,sample_trader_216,2026-08-03T22:57:48+00:00,"No clear setup in #sensex yet, risk management is important","no clear setup in #sensex yet, risk management is important",5,20,203,67859,3,,sensex,sensex,True,231
sample-0001470,sample_trader_336,2026-08-04T04:46:29+00:00,"Bank Nifty में तेजी, buyers are strong today #banknifty","bank nifty में तेजी, buyers are strong today #banknifty",27,51,411,1652,5,,banknifty,banknifty,True,494
sample-0001471,sample_trader_6,2026-08-03T15:54:43+00:00,#NIFTY50 trading in a range; waiting for confirmation,#nifty50 trading in a range; waiting for confirmation,15,51,216,7194,9,,nifty50,nifty50,True,291
sample-0001472,sample_trader_414,2026-08-03T10:29:21+00:00,SURE SHOT multibagger guaranteed double money #intraday,sure shot multibagger guaranteed double money #intraday,25,57,257,48916,15,,intraday,intraday,True,354
sample-0001473,sample_trader_403,2026-08-04T04:24:03+00:00,"No clear setup in #sensex yet, risk management is important","no clear setup in #sensex yet, risk management is important",5,54,272,50312,2,,sensex,sensex,True,333
sample-0001474,sample_trader_264,2026-08-04T01:16:19+00:00,"Bank Nifty में गिरावट, sell on rise setup #banknifty","bank nifty में गिरावट, sell on rise setup #banknifty",26,78,372,59686,13,nseindia,banknifty,banknifty,True,489
sample-0001475,sample_trader_251,2026-08-04T04:02:29+00:00,Weak breadth and downside risk in #sensex today,weak breadth and downside risk in #sensex today,14,46,25,78605,11,,sensex,sensex,True,96
sample-0001476,sample_trader_278,2026-08-04T07:36:36+00:00,"Bank Nifty में गिरावट, sell on rise setup #banknifty","bank nifty में गिरावट, sell on rise setup #banknifty",8,22,150,46827,13,nseindia,banknifty,banknifty,True,193
sample-0001477,sample_trader_19,2026-08-03T09:18:41+00:00,"#NIFTY50 breakdown below support, bearish pressure increasing","#nifty50 breakdown below support, bearish pressure increasing",19,14,182,4848,17,,nifty50,nifty50,True,232
sample-0001478,sample_trader_274,2026-08-04T05:24:24+00:00,"#intraday long setup confirmed, upside possible after consolidation","#intraday long setup confirmed, upside possible after consolidation",3,16,372,19008,20,,intraday,intraday,True,411
sample-0001479,sample_trader_353,2026-08-03T15:47:25+00:00,"Bank Nifty में गिरावट, sell on rise setup #banknifty","bank nifty में गिरावट, sell on rise setup #banknifty",19,31,470,68673,18,,banknifty,banknifty,True,538
sample-0001480,sample_trader_20,2026-08-03T18:53:37+00:00,"#NIFTY50 breakout above support, looking bullish with target 24500","#nifty50 breakout above support, looking bullish with target 24500",4,77,500,13304,12,,nifty50,nifty50,True,593
sample-0001481,sample_trader_384,2026-08-03T09:17:02+00:00,"Bank Nifty में तेजी, buyers are strong today #banknifty","bank nifty में तेजी, buyers are strong today #banknifty",9,54,205,2983,5,,banknifty,banknifty,True,273
sample-0001482,sample_trader_60,2026-08-03T16:41:09+00:00,"#NIFTY50 breakdown below support, bearish pressure increasing","#nifty50 breakdown below support, bearish pressure increasing",25,24,292,34256,9,,nifty50,nifty50,True,350
sample-0001483,sample_trader_192,2026-08-04T06:41:20+00:00,"No clear setup in #sensex yet, risk management is important","no clear setup in #sensex yet, risk management is important",18,60,110,57321,8,,sensex,sensex,True,196
sample-0001484,sample_trader_344,2026-08-03T14:12:20+00:00,"#intraday long setup confirmed, upside possible after consolidation","#intraday long setup confirmed, upside possible after consolidation",1,77,204,23808,9,,intraday,intraday,True,291
sample-0001485,sample_trader_401,2026-08-04T07:47:07+00:00,Weak breadth and downside risk in #sensex today,weak breadth and downside risk in #sensex today,13,16,140,35053,14,,sensex,sensex,True,183
sample-0001486,sample_trader_114,2026-08-04T04:55:47+00:00,SURE SHOT multibagger guaranteed double money #intraday,sure shot multibagger guaranteed double money #intraday,7,2,363,42597,7,nseindia,intraday,intraday,True,379
sample-0001487,sample_trader_216,2026-08-03T11:03:41+00:00,Weak breadth and downside risk in #sensex today,weak breadth and downside risk in #sensex today,20,76,168,71019,12,,sensex,sensex,True,276
sample-0001488,sample_trader_175,2026-08-03T19:58:49+00:00,#intraday levels posted for educational discussion only,#intraday levels posted for educational discussion only,10,44,421,58296,4,,intraday,intraday,True,479
sample-0001489,sample_trader_358,2026-08-03T13:05:19+00:00,#intraday levels posted for educational discussion only,#intraday levels posted for educational discussion only,5,49,130,52863,1,,intraday,intraday,True,185
sample-0001490,sample_trader_250,2026-08-03T09:28:44+00:00,#NIFTY50 trading in a range; waiting for confirmation,#nifty50 trading in a range; waiting for confirmation,17,44,42,27254,16,,nifty50,nifty50,True,119
sample-0001491,sample_trader_346,2026-08-03T16:01:42+00:00,Weak breadth and downside risk in #sensex today,weak breadth and downside risk in #sensex today,14,3,79,76718,5,,sensex,sensex,True,101
sample-0001492,sample_trader_392,2026-08-03T17:20:34+00:00,#NIFTY50 trading in a range; waiting for confirmation,#nifty50 trading in a range; waiting for confirmation,0,36,284,64374,7,,nifty50,nifty50,True,327
sample-0001493,sample_trader_311,2026-08-03T18:41:19+00:00,"No clear setup in #sensex yet, risk management is important","no clear setup in #sensex yet, risk management is important",30,15,49,51921,6,,sensex,sensex,True,100
sample-0001494,sample_trader_82,2026-08-04T01:57:48+00:00,"#intraday long setup confirmed, upside possible after consolidation","#intraday long setup confirmed, upside possible after consolidation",24,51,281,53595,11,,intraday,intraday,True,367
sample-0001495,sample_trader_395,2026-08-03T20:50:16+00:00,Weak breadth and downside risk in #sensex today,weak breadth and downside risk in #sensex today,11,80,54,41701,16,,sensex,sensex,True,161
sample-0001496,sample_trader_254,2026-08-03T17:45:32+00:00,"Bank Nifty में गिरावट, sell on rise setup #banknifty","bank nifty में गिरावट, sell on rise setup #banknifty",24,59,146,58961,5,,banknifty,banknifty,True,234
sample-0001497,sample_trader_2,2026-08-03T21:57:58+00:00,"#intraday long setup confirmed, upside possible after consolidation","#intraday long setup confirmed, upside possible after consolidation",17,42,390,60870,20,,intraday,intraday,True,469
sample-0001498,sample_trader_335,2026-08-03T11:20:38+00:00,Accumulating quality stocks on dips. Market looks strong #sensex,accumulating quality stocks on dips. market looks strong #sensex,13,53,210,24806,20,nseindia,sensex,sensex,True,296
sample-0001499,sample_trader_318,2026-08-03T10:16:05+00:00,Accumulating quality stocks on dips. Market looks strong #sensex,accumulating quality stocks on dips. market looks strong #sensex,16,10,306,74837,13,,sensex,sensex,True,345
sample-0001500,sample_trader_292,2026-08-04T02:24:22+00:00,"#NIFTY50 breakdown below support, bearish pressure increasing","#nifty50 breakdown below support, bearish pressure increasing",20,60,350,11973,11,nseindia,nifty50,nifty50,True,441
sample-0001501,sample_trader_262,2026-08-03T12:22:01+00:00,"No clear setup in #sensex yet, risk management is important","no clear setup in #sensex yet, risk management is important",27,24,435,21202,14,,sensex,sensex,True,500
sample-0001502,sample_trader_365,2026-08-03T15:16:32+00:00,"#intraday long setup confirmed, upside possible after consolidation","#intraday long setup confirmed, upside possible after consolidation",29,25,165,17436,9,nseindia,intraday,intraday,True,228
sample-0001503,sample_trader_237,2026-08-03T11:26:13+00:00,"Bank Nifty में तेजी, buyers are strong today #banknifty","bank nifty में तेजी, buyers are strong today #banknifty",14,31,350,79119,14,,banknifty,banknifty,True,409
sample-0001504,sample_trader_329,2026-08-03T14:15:16+00:00,"#intraday long setup confirmed, upside possible after consolidation","#intraday long setup confirmed, upside possible after consolidation",3,77,428,43468,5,,intraday,intraday,True,513
sample-0001505,sample_trader_350,2026-08-04T07:17:24+00:00,"#NIFTY50 breakout above support, looking bullish with target 24500","#nifty50 breakout above support, looking bullish with target 24500",21,52,443,68176,15,,nifty50,nifty50,True,531
sample-0001506,sample_trader_367,2026-08-03T22:59:58+00:00,"#NIFTY50 breakout above support, looking bullish with target 24500","#nifty50 breakout above support, looking bullish with target 24500",17,15,366,79607,20,,nifty50,nifty50,True,418
sample-0001507,sample_trader_372,2026-08-03T14:57:40+00:00,"Bank Nifty में तेजी, buyers are strong today #banknifty","bank nifty में तेजी, buyers are strong today #banknifty",1,37,415,52268,1,,banknifty,banknifty,True,454
sample-0001508,sample_trader_404,2026-08-03T16:51:45+00:00,#NIFTY50 trading in a range; waiting for confirmation,#nifty50 trading in a range; waiting for confirmation,3,13,74,34456,18,,nifty50,nifty50,True,108
sample-0001509,sample_trader_212,2026-08-03T19:07:27+00:00,"#intraday long setup confirmed, upside possible after consolidation","#intraday long setup confirmed, upside possible after consolidation",21,43,72,31909,15,,intraday,intraday,True,151
sample-0001510,sample_trader_356,2026-08-03T09:05:28+00:00,Accumulating quality stocks on dips. Market looks strong #sensex,accumulating quality stocks on dips. market looks strong #sensex,2,58,460,64481,7,,sensex,sensex,True,527
sample-0001511,sample_trader_170,2026-08-03T16:16:36+00:00,"Bank Nifty में गिरावट, sell on rise setup #banknifty","bank nifty में गिरावट, sell on rise setup #banknifty",25,57,358,33856,18,,banknifty,banknifty,True,458
sample-0001512,sample_trader_268,2026-08-04T03:04:39+00:00,Accumulating quality stocks on dips. Market looks strong #sensex,accumulating quality stocks on dips. market looks strong #sensex,9,3,113,48658,18,,sensex,sensex,True,143
sample-0001513,sample_trader_291,2026-08-04T02:42:11+00:00,Weak breadth and downside risk in #sensex today,weak breadth and downside risk in #sensex today,20,39,243,57703,9,,sensex,sensex,True,311
sample-0001514,sample_trader_150,2026-08-03T10:21:01+00:00,"#NIFTY50 breakout above support, looking bullish with target 24500","#nifty50 breakout above support, looking bullish with target 24500",27,49,131,29923,0,,nifty50,nifty50,True,207
sample-0001515,sample_trader_300,2026-08-04T03:03:54+00:00,Watching option chain and market breadth before taking a trade #banknifty,watching option chain and market breadth before taking a trade #banknifty,0,33,186,66712,16,,banknifty,banknifty,True,235
sample-0001516,sample_trader_330,2026-08-03T19:56:04+00:00,#intraday levels posted for educational discussion only,#intraday levels posted for educational discussion only,4,75,436,65729,10,,intraday,intraday,True,525
sample-0001517,sample_trader_87,2026-08-03T08:51:36+00:00,"#NIFTY50 breakdown below support, bearish pressure increasing","#nifty50 breakdown below support, bearish pressure increasing",27,67,246,23038,15,,nifty50,nifty50,True,355
sample-0001518,sample_trader_116,2026-08-03T20:00:06+00:00,"#NIFTY50 breakout above support, looking bullish with target 24500","#nifty50 breakout above support, looking bullish with target 24500",9,26,114,19722,8,,nifty50,nifty50,True,157
sample-0001519,sample_trader_256,2026-08-03T19:29:13+00:00,"#intraday long setup confirmed, upside possible after consolidation","#intraday long setup confirmed, upside possible after consolidation",14,72,467,1649,16,,intraday,intraday,True,569
sample-0001520,sample_trader_205,2026-08-04T07:16:16+00:00,"#NIFTY50 breakout above support, looking bullish with target 24500","#nifty50 breakout above support, looking bullish with target 24500",20,12,487,43240,16,nseindia,nifty50,nifty50,True,535
sample-0001521,sample_trader_229,2026-08-04T06:25:44+00:00,#intraday levels posted for educational discussion only,#intraday levels posted for educational discussion only,18,66,126,32122,8,,intraday,intraday,True,218
sample-0001522,sample_trader_354,2026-08-04T00:09:12+00:00,"#intraday long setup confirmed, upside possible after consolidation","#intraday long setup confirmed, upside possible after consolidation",22,58,90,5323,19,,intraday,intraday,True,189
sample-0001523,sample_trader_376,2026-08-04T01:32:55+00:00,"Bank Nifty में गिरावट, sell on rise setup #banknifty","bank nifty में गिरावट, sell on rise setup #banknifty",26,8,463,17423,16,,banknifty,banknifty,True,513
sample-0001524,sample_trader_300,2026-08-03T23:35:07+00:00,"Bank Nifty में तेजी, buyers are strong today #banknifty","bank nifty में तेजी, buyers are strong today #banknifty",24,74,244,60902,3,,banknifty,banknifty,True,345
sample-0001525,sample_trader_38,2026-08-03T09:23:13+00:00,"#intraday long setup confirmed, upside possible after consolidation","#intraday long setup confirmed, upside possible after consolidation",6,61,59,57970,2,,intraday,intraday,True,128
sample-0001526,sample_trader_250,2026-08-03T10:41:01+00:00,Accumulating quality stocks on dips. Market looks strong #sensex,accumulating quality stocks on dips. market looks strong #sensex,9,72,4,76296,13,,sensex,sensex,True,98
sample-0001527,sample_trader_100,2026-08-03T09:04:10+00:00,"#intraday long setup confirmed, upside possible after consolidation","#intraday long setup confirmed, upside possible after consolidation",18,78,386,59852,0,,intraday,intraday,True,482
sample-0001528,sample_trader_324,2026-08-03T14:31:54+00:00,Weak breadth and downside risk in #sensex today,weak breadth and downside risk in #sensex today,5,42,259,63394,16,,sensex,sensex,True,322
sample-0001529,sample_trader_273,2026-08-03T22:50:51+00:00,Operator stock upper circuit fixed target 100% #sensex,operator stock upper circuit fixed target 100% #sensex,7,43,140,73616,16,,sensex,sensex,True,206
sample-0001530,sample_trader_250,2026-08-04T01:50:02+00:00,#NIFTY50 trading in a range; waiting for confirmation,#nifty50 trading in a range; waiting for confirmation,0,40,457,66837,15,,nifty50,nifty50,True,512
sample-0001531,sample_trader_345,2026-08-03T16:44:15+00:00,"#intraday long setup confirmed, upside possible after consolidation","#intraday long setup confirmed, upside possible after consolidation",9,12,473,58140,10,,intraday,intraday,True,504
sample-0001532,sample_trader_399,2026-08-04T01:25:06+00:00,"No clear setup in #sensex yet, risk management is important","no clear setup in #sensex yet, risk management is important",3,29,109,40315,16,,sensex,sensex,True,157
sample-0001533,sample_trader_351,2026-08-04T04:43:11+00:00,Watching option chain and market breadth before taking a trade #banknifty,watching option chain and market breadth before taking a trade #banknifty,9,78,107,74893,4,,banknifty,banknifty,True,198
sample-0001534,sample_trader_81,2026-08-04T02:12:45+00:00,"#NIFTY50 breakout above support, looking bullish with target 24500","#nifty50 breakout above support, looking bullish with target 24500",19,20,166,67744,15,,nifty50,nifty50,True,220
sample-0001535,sample_trader_135,2026-08-04T00:08:21+00:00,Weak breadth and downside risk in #sensex today,weak breadth and downside risk in #sensex today,15,38,189,19053,9,,sensex,sensex,True,251
sample-0001536,sample_trader_158,2026-08-03T16:05:36+00:00,Weak breadth and downside risk in #sensex today,weak breadth and downside risk in #sensex today,13,72,201,54723,0,,sensex,sensex,True,286
sample-0001537,sample_trader_182,2026-08-03T17:35:00+00:00,"Bank Nifty में गिरावट, sell on rise setup #banknifty","bank nifty में गिरावट, sell on rise setup #banknifty",20,17,499,59935,8,nseindia,banknifty,banknifty,True,544
sample-0001538,sample_trader_151,2026-08-03T23:08:55+00:00,"#NIFTY50 breakout above support, looking bullish with target 24500","#nifty50 breakout above support, looking bullish with target 24500",26,47,12,42234,13,,nifty50,nifty50,True,98
sample-0001539,sample_trader_317,2026-08-04T00:38:23+00:00,"#NIFTY50 breakdown below support, bearish pressure increasing","#nifty50 breakdown below support, bearish pressure increasing",16,56,438,35958,3,nseindia,nifty50,nifty50,True,513
sample-0001540,sample_trader_370,2026-08-03T15:00:08+00:00,Accumulating quality stocks on dips. Market looks strong #sensex,accumulating quality stocks on dips. market looks strong #sensex,18,60,487,6079,12,,sensex,sensex,True,577
sample-0001541,sample_trader_311,2026-08-03T22:16:02+00:00,#intraday levels posted for educational discussion only,#intraday levels posted for educational discussion only,18,48,30,13345,1,,intraday,intraday,True,97
sample-0001542,sample_trader_146,2026-08-03T16:30:55+00:00,"Bank Nifty में गिरावट, sell on rise setup #banknifty","bank nifty में गिरावट, sell on rise setup #banknifty",3,60,68,9747,10,,banknifty,banknifty,True,141
sample-0001543,sample_trader_302,2026-08-04T02:59:25+00:00,Weak breadth and downside risk in #sensex today,weak breadth and downside risk in #sensex today,9,73,102,73691,2,,sensex,sensex,True,186
sample-0001544,sample_trader_272,2026-08-03T12:11:56+00:00,"#NIFTY50 breakdown below support, bearish pressure increasing","#nifty50 breakdown below support, bearish pressure increasing",26,37,353,2914,4,,nifty50,nifty50,True,420
sample-0001545,sample_trader_396,2026-08-03T19:18:53+00:00,"#NIFTY50 breakout above support, looking bullish with target 24500","#nifty50 breakout above support, looking bullish with target 24500",14,27,94,42159,14,,nifty50,nifty50,True,149
sample-0001546,sample_trader_347,2026-08-04T01:13:19+00:00,#intraday short setup; avoid aggressive buying in this volatility,#intraday short setup; avoid aggressive buying in this volatility,22,33,130,79167,0,,intraday,intraday,True,185
sample-0001547,sample_trader_203,2026-08-03T16:54:29+00:00,Operator stock upper circuit fixed target 100% #sensex,operator stock upper circuit fixed target 100% #sensex,25,62,408,6345,16,nseindia,sensex,sensex,True,511
sample-0001548,sample_trader_290,2026-08-04T07:52:37+00:00,#NIFTY50 trading in a range; waiting for confirmation,#nifty50 trading in a range; waiting for confirmation,13,4,491,66138,10,,nifty50,nifty50,True,518
sample-0001549,sample_trader_171,2026-08-03T11:32:18+00:00,#intraday levels posted for educational discussion only,#intraday levels posted for educational discussion only,20,8,376,9952,18,,intraday,intraday,True,422
sample-0001550,sample_trader_82,2026-08-03T13:06:21+00:00,#intraday levels posted for educational discussion only,#intraday levels posted for educational discussion only,25,65,433,11548,18,,intraday,intraday,True,541
sample-0001551,sample_trader_393,2026-08-04T05:48:21+00:00,#intraday levels posted for educational discussion only,#intraday levels posted for educational discussion only,21,55,418,36339,14,,intraday,intraday,True,508
sample-0001552,sample_trader_94,2026-08-04T05:48:29+00:00,"Bank Nifty में तेजी, buyers are strong today #banknifty","bank nifty में तेजी, buyers are strong today #banknifty",20,73,173,59562,16,,banknifty,banknifty,True,282
sample-0001553,sample_trader_295,2026-08-03T17:51:00+00:00,#intraday short setup; avoid aggressive buying in this volatility,#intraday short setup; avoid aggressive buying in this volatility,9,0,319,51161,0,nseindia,intraday,intraday,True,328
sample-0001554,sample_trader_133,2026-08-04T02:59:15+00:00,"#NIFTY50 breakdown below support, bearish pressure increasing","#nifty50 breakdown below support, bearish pressure increasing",27,28,299,42860,17,,nifty50,nifty50,True,371
sample-0001555,sample_trader_79,2026-08-03T11:27:51+00:00,"#NIFTY50 breakout above support, looking bullish with target 24500","#nifty50 breakout above support, looking bullish with target 24500",6,18,105,40483,5,,nifty50,nifty50,True,134
sample-0001556,sample_trader_277,2026-08-04T03:49:52+00:00,"No clear setup in #sensex yet, risk management is important","no clear setup in #sensex yet, risk management is important",11,8,167,41381,7,,sensex,sensex,True,193
sample-0001557,sample_trader_218,2026-08-04T02:31:18+00:00,"#NIFTY50 breakout above support, looking bullish with target 24500","#nifty50 breakout above support, looking bullish with target 24500",8,29,479,28523,11,nseindia,nifty50,nifty50,True,527
sample-0001558,sample_trader_14,2026-08-03T18:48:34+00:00,#NIFTY50 trading in a range; waiting for confirmation,#nifty50 trading in a range; waiting for confirmation,14,26,194,6500,14,,nifty50,nifty50,True,248
sample-0001559,sample_trader_303,2026-08-03T18:36:47+00:00,"#NIFTY50 breakout above support, looking bullish with target 24500","#nifty50 breakout above support, looking bullish with target 24500",26,15,47,23000,16,,nifty50,nifty50,True,104
sample-0001560,sample_trader_388,2026-08-04T02:32:11+00:00,Watching option chain and market breadth before taking a trade #banknifty,watching option chain and market breadth before taking a trade #banknifty,6,15,481,64158,19,,banknifty,banknifty,True,521
sample-0001561,sample_trader_108,2026-08-04T01:30:48+00:00,"#NIFTY50 breakdown below support, bearish pressure increasing","#nifty50 breakdown below support, bearish pressure increasing",2,64,184,62699,8,,nifty50,nifty50,True,258
sample-0001562,sample_trader_195,2026-08-04T08:12:09+00:00,Watching option chain and market breadth before taking a trade #banknifty,watching option chain and market breadth before taking a trade #banknifty,25,53,204,13165,11,,banknifty,banknifty,True,293
sample-0001563,sample_trader_334,2026-08-03T16:39:36+00:00,#intraday short setup; avoid aggressive buying in this volatility,#intraday short setup; avoid aggressive buying in this volatility,9,29,359,11119,20,,intraday,intraday,True,417
sample-0001564,sample_trader_141,2026-08-04T07:53:23+00:00,"#NIFTY50 breakdown below support, bearish pressure increasing","#nifty50 breakdown below support, bearish pressure increasing",23,41,23,18496,7,,nifty50,nifty50,True,94
sample-0001565,sample_trader_80,2026-08-03T13:35:04+00:00,"#NIFTY50 breakout above support, looking bullish with target 24500","#nifty50 breakout above support, looking bullish with target 24500",4,60,390,5160,1,,nifty50,nifty50,True,455
sample-0001566,sample_trader_317,2026-08-03T18:56:01+00:00,"Bank Nifty में तेजी, buyers are strong today #banknifty","bank nifty में तेजी, buyers are strong today #banknifty",13,20,214,22649,5,,banknifty,banknifty,True,252
sample-0001567,sample_trader_57,2026-08-03T19:10:30+00:00,"Bank Nifty में तेजी, buyers are strong today #banknifty","bank nifty में तेजी, buyers are strong today #banknifty",25,20,15,65265,6,,banknifty,banknifty,True,66
sample-0001568,sample_trader_319,2026-08-03T22:48:43+00:00,SURE SHOT multibagger guaranteed double money #intraday,sure shot multibagger guaranteed double money #intraday,10,3,401,3435,10,nseindia,intraday,intraday,True,424
sample-0001569,sample_trader_209,2026-08-04T03:12:41+00:00,"No clear setup in #sensex yet, risk management is important","no clear setup in #sensex yet, risk management is important",1,69,193,78497,16,,sensex,sensex,True,279
sample-0001570,sample_trader_115,2026-08-03T19:46:20+00:00,Accumulating quality stocks on dips. Market looks strong #sensex,accumulating quality stocks on dips. market looks strong #sensex,2,53,33,14783,15,,sensex,sensex,True,103
sample-0001571,sample_trader_309,2026-08-04T03:34:24+00:00,Weak breadth and downside risk in #sensex today,weak breadth and downside risk in #sensex today,25,0,159,62472,15,,sensex,sensex,True,199
sample-0001572,sample_trader_337,2026-08-03T20:42:40+00:00,"#NIFTY50 breakdown below support, bearish pressure increasing","#nifty50 breakdown below support, bearish pressure increasing",17,46,489,12685,15,,nifty50,nifty50,True,567
sample-0001573,sample_trader_113,2026-08-04T03:53:07+00:00,#NIFTY50 trading in a range; waiting for confirmation,#nifty50 trading in a range; waiting for confirmation,16,16,412,18740,7,,nifty50,nifty50,True,451
sample-0001574,sample_trader_315,2026-08-03T22:11:19+00:00,Accumulating quality stocks on dips. Market looks strong #sensex,accumulating quality stocks on dips. market looks strong #sensex,3,31,115,32905,5,,sensex,sensex,True,154
sample-0001575,sample_trader_343,2026-08-03T15:38:26+00:00,#intraday short setup; avoid aggressive buying in this volatility,#intraday short setup; avoid aggressive buying in this volatility,18,66,264,75700,8,,intraday,intraday,True,356
sample-0001576,sample_trader_192,2026-08-03T17:06:05+00:00,"#NIFTY50 breakout above support, looking bullish with target 24500","#nifty50 breakout above support, looking bullish with target 24500",21,18,296,4535,12,,nifty50,nifty50,True,347
sample-0001577,sample_trader_74,2026-08-04T07:56:43+00:00,"#NIFTY50 breakout above support, looking bullish with target 24500","#nifty50 breakout above support, looking bullish with target 24500",20,4,427,31222,5,,nifty50,nifty50,True,456
sample-0001578,sample_trader_177,2026-08-03T14:51:02+00:00,"#NIFTY50 breakout above support, looking bullish with target 24500","#nifty50 breakout above support, looking bullish with target 24500",6,80,445,75704,12,,nifty50,nifty50,True,543
sample-0001579,sample_trader_135,2026-08-03T09:50:44+00:00,"Bank Nifty में तेजी, buyers are strong today #banknifty","bank nifty में तेजी, buyers are strong today #banknifty",17,56,60,36659,20,,banknifty,banknifty,True,153
sample-0001580,sample_trader_131,2026-08-04T01:40:59+00:00,"Bank Nifty में गिरावट, sell on rise setup #banknifty","bank nifty में गिरावट, sell on rise setup #banknifty",10,62,395,71995,14,,banknifty,banknifty,True,481
sample-0001581,sample_trader_401,2026-08-04T06:10:08+00:00,"Bank Nifty में गिरावट, sell on rise setup #banknifty","bank nifty में गिरावट, sell on rise setup #banknifty",11,54,328,3381,17,,banknifty,banknifty,True,410
sample-0001582,sample_trader_62,2026-08-04T04:25:14+00:00,Accumulating quality stocks on dips. Market looks strong #sensex,accumulating quality stocks on dips. market looks strong #sensex,17,37,64,45613,9,,sensex,sensex,True,127
sample-0001583,sample_trader_94,2026-08-03T14:05:25+00:00,#intraday levels posted for educational discussion only,#intraday levels posted for educational discussion only,12,65,99,18624,7,,intraday,intraday,True,183
sample-0001584,sample_trader_308,2026-08-03T13:19:52+00:00,"#NIFTY50 breakout above support, looking bullish with target 24500","#nifty50 breakout above support, looking bullish with target 24500",24,19,288,69591,16,nseindia,nifty50,nifty50,True,347
sample-0001585,sample_trader_118,2026-08-03T12:49:33+00:00,"No clear setup in #sensex yet, risk management is important","no clear setup in #sensex yet, risk management is important",22,67,85,49132,5,,sensex,sensex,True,179
sample-0001586,sample_trader_277,2026-08-04T02:55:51+00:00,Accumulating quality stocks on dips. Market looks strong #sensex,accumulating quality stocks on dips. market looks strong #sensex,30,78,217,26552,8,nseindia,sensex,sensex,True,333
sample-0001587,sample_trader_268,2026-08-03T18:16:32+00:00,"Bank Nifty में गिरावट, sell on rise setup #banknifty","bank nifty में गिरावट, sell on rise setup #banknifty",13,60,239,42244,4,,banknifty,banknifty,True,316
sample-0001588,sample_trader_129,2026-08-04T05:44:27+00:00,#intraday short setup; avoid aggressive buying in this volatility,#intraday short setup; avoid aggressive buying in this volatility,22,71,342,40892,6,,intraday,intraday,True,441
sample-0001589,sample_trader_387,2026-08-04T06:18:38+00:00,#intraday levels posted for educational discussion only,#intraday levels posted for educational discussion only,13,17,73,63086,5,,intraday,intraday,True,108
sample-0001590,sample_trader_331,2026-08-04T02:39:42+00:00,"#intraday long setup confirmed, upside possible after consolidation","#intraday long setup confirmed, upside possible after consolidation",13,50,302,25395,7,,intraday,intraday,True,372
sample-0001591,sample_trader_72,2026-08-03T22:24:36+00:00,"#NIFTY50 breakout above support, looking bullish with target 24500","#nifty50 breakout above support, looking bullish with target 24500",28,51,63,76848,4,,nifty50,nifty50,True,146
sample-0001592,sample_trader_6,2026-08-03T20:32:38+00:00,"Bank Nifty में तेजी, buyers are strong today #banknifty","bank nifty में तेजी, buyers are strong today #banknifty",20,15,266,40834,16,,banknifty,banknifty,True,317
sample-0001593,sample_trader_339,2026-08-04T00:00:48+00:00,SURE SHOT multibagger guaranteed double money #intraday,sure shot multibagger guaranteed double money #intraday,14,38,420,16416,17,,intraday,intraday,True,489
sample-0001594,sample_trader_387,2026-08-04T05:54:13+00:00,Watching option chain and market breadth before taking a trade #banknifty,watching option chain and market breadth before taking a trade #banknifty,29,43,448,35715,1,,banknifty,banknifty,True,521
sample-0001595,sample_trader_239,2026-08-03T09:38:32+00:00,"#NIFTY50 breakdown below support, bearish pressure increasing","#nifty50 breakdown below support, bearish pressure increasing",13,74,86,63921,9,,nifty50,nifty50,True,182
sample-0001596,sample_trader_307,2026-08-03T10:30:03+00:00,Accumulating quality stocks on dips. Market looks strong #sensex,accumulating quality stocks on dips. market looks strong #sensex,27,46,123,64869,13,,sensex,sensex,True,209
sample-0001597,sample_trader_371,2026-08-03T22:15:54+00:00,SURE SHOT multibagger guaranteed double money #intraday,sure shot multibagger guaranteed double money #intraday,23,35,463,33036,20,,intraday,intraday,True,541
sample-0001598,sample_trader_43,2026-08-03T19:28:52+00:00,Weak breadth and downside risk in #sensex today,weak breadth and downside risk in #sensex today,0,12,365,63691,7,,sensex,sensex,True,384
sample-0001599,sample_trader_54,2026-08-03T22:47:28+00:00,Accumulating quality stocks on dips. Market looks strong #sensex,accumulating quality stocks on dips. market looks strong #sensex,24,62,287,79563,18,,sensex,sensex,True,391
sample-0001600,sample_trader_309,2026-08-04T06:56:02+00:00,Watching option chain and market breadth before taking a trade #banknifty,watching option chain and market breadth before taking a trade #banknifty,3,75,429,12970,18,,banknifty,banknifty,True,525
sample-0001601,sample_trader_345,2026-08-03T11:20:43+00:00,"#intraday long setup confirmed, upside possible after consolidation","#intraday long setup confirmed, upside possible after consolidation",22,77,215,51658,1,,intraday,intraday,True,315
sample-0001602,sample_trader_268,2026-08-03T11:35:31+00:00,#NIFTY50 trading in a range; waiting for confirmation,#nifty50 trading in a range; waiting for confirmation,1,51,416,56646,0,,nifty50,nifty50,True,468
sample-0001603,sample_trader_169,2026-08-03T09:30:37+00:00,"#intraday long setup confirmed, upside possible after consolidation","#intraday long setup confirmed, upside possible after consolidation",3,37,471,54070,0,,intraday,intraday,True,511
sample-0001604,sample_trader_181,2026-08-03T19:56:25+00:00,"#NIFTY50 breakdown below support, bearish pressure increasing","#nifty50 breakdown below support, bearish pressure increasing",30,31,141,58509,1,,nifty50,nifty50,True,203
sample-0001605,sample_trader_108,2026-08-04T02:37:11+00:00,SURE SHOT multibagger guaranteed double money #intraday,sure shot multibagger guaranteed double money #intraday,17,70,331,42239,12,,intraday,intraday,True,430
sample-0001606,sample_trader_171,2026-08-04T05:13:52+00:00,"#intraday long setup confirmed, upside possible after consolidation","#intraday long setup confirmed, upside possible after consolidation",11,78,275,29878,10,,intraday,intraday,True,374
sample-0001607,sample_trader_208,2026-08-03T09:11:06+00:00,Accumulating quality stocks on dips. Market looks strong #sensex,accumulating quality stocks on dips. market looks strong #sensex,10,79,254,24454,12,,sensex,sensex,True,355
sample-0001608,sample_trader_413,2026-08-03T20:11:49+00:00,#intraday levels posted for educational discussion only,#intraday levels posted for educational discussion only,14,46,386,20918,5,,intraday,intraday,True,451
sample-0001609,sample_trader_159,2026-08-03T11:16:57+00:00,"#intraday long setup confirmed, upside possible after consolidation","#intraday long setup confirmed, upside possible after consolidation",29,64,358,73513,9,,intraday,intraday,True,460
sample-0001610,sample_trader_317,2026-08-03T17:58:38+00:00,"No clear setup in #sensex yet, risk management is important","no clear setup in #sensex yet, risk management is important",22,9,101,12287,2,,sensex,sensex,True,134
sample-0001611,sample_trader_367,2026-08-04T03:09:35+00:00,"Bank Nifty में गिरावट, sell on rise setup #banknifty","bank nifty में गिरावट, sell on rise setup #banknifty",10,68,181,52053,4,,banknifty,banknifty,True,263
sample-0001612,sample_trader_292,2026-08-03T10:07:58+00:00,Accumulating quality stocks on dips. Market looks strong #sensex,accumulating quality stocks on dips. market looks strong #sensex,2,41,115,58054,1,,sensex,sensex,True,159
sample-0001613,sample_trader_254,2026-08-04T07:30:26+00:00,"Bank Nifty में तेजी, buyers are strong today #banknifty","bank nifty में तेजी, buyers are strong today #banknifty",7,28,125,29650,14,,banknifty,banknifty,True,174
sample-0001614,sample_trader_152,2026-08-04T08:00:53+00:00,"Bank Nifty में तेजी, buyers are strong today #banknifty","bank nifty में तेजी, buyers are strong today #banknifty",7,2,439,63393,14,,banknifty,banknifty,True,462
sample-0001615,sample_trader_96,2026-08-03T17:27:16+00:00,#intraday levels posted for educational discussion only,#intraday levels posted for educational discussion only,27,66,297,52428,20,,intraday,intraday,True,410
sample-0001616,sample_trader_412,2026-08-03T19:12:54+00:00,"#NIFTY50 breakdown below support, bearish pressure increasing","#nifty50 breakdown below support, bearish pressure increasing",25,33,220,48576,11,,nifty50,nifty50,True,289
sample-0001617,sample_trader_183,2026-08-03T12:47:33+00:00,"#intraday long setup confirmed, upside possible after consolidation","#intraday long setup confirmed, upside possible after consolidation",2,17,164,32411,17,,intraday,intraday,True,200
sample-0001618,sample_trader_161,2026-08-03T12:58:30+00:00,Accumulating quality stocks on dips. Market looks strong #sensex,accumulating quality stocks on dips. market looks strong #sensex,3,77,116,45707,20,,sensex,sensex,True,216
sample-0001619,sample_trader_295,2026-08-03T22:40:05+00:00,Accumulating quality stocks on dips. Market looks strong #sensex,accumulating quality stocks on dips. market looks strong #sensex,26,6,235,57442,15,,sensex,sensex,True,282
sample-0001620,sample_trader_287,2026-08-04T07:39:42+00:00,"#NIFTY50 breakout above support, looking bullish with target 24500","#nifty50 breakout above support, looking bullish with target 24500",14,71,332,7592,11,,nifty50,nifty50,True,428
sample-0001621,sample_trader_34,2026-08-03T19:33:47+00:00,"Bank Nifty में तेजी, buyers are strong today #banknifty","bank nifty में तेजी, buyers are strong today #banknifty",30,35,291,33081,0,,banknifty,banknifty,True,356
sample-0001622,sample_trader_203,2026-08-04T03:36:41+00:00,#intraday levels posted for educational discussion only,#intraday levels posted for educational discussion only,6,57,158,70618,9,,intraday,intraday,True,230
sample-0001623,sample_trader_393,2026-08-04T03:12:56+00:00,#NIFTY50 trading in a range; waiting for confirmation,#nifty50 trading in a range; waiting for confirmation,17,75,161,938,19,nseindia,nifty50,nifty50,True,272
sample-0001624,sample_trader_315,2026-08-04T05:52:53+00:00,Weak breadth and downside risk in #sensex today,weak breadth and downside risk in #sensex today,2,67,211,21179,6,,sensex,sensex,True,286
sample-0001625,sample_trader_16,2026-08-04T01:52:05+00:00,"No clear setup in #sensex yet, risk management is important","no clear setup in #sensex yet, risk management is important",20,63,373,15713,10,,sensex,sensex,True,466
sample-0001626,sample_trader_196,2026-08-03T17:37:39+00:00,"Bank Nifty में गिरावट, sell on rise setup #banknifty","bank nifty में गिरावट, sell on rise setup #banknifty",22,60,70,45046,5,,banknifty,banknifty,True,157
sample-0001627,sample_trader_130,2026-08-03T16:47:52+00:00,Weak breadth and downside risk in #sensex today,weak breadth and downside risk in #sensex today,15,11,94,34194,12,,sensex,sensex,True,132
sample-0001628,sample_trader_232,2026-08-03T20:05:53+00:00,Weak breadth and downside risk in #sensex today,weak breadth and downside risk in #sensex today,24,12,268,33836,0,,sensex,sensex,True,304
sample-0001629,sample_trader_49,2026-08-03T18:52:51+00:00,"#intraday long setup confirmed, upside possible after consolidation","#intraday long setup confirmed, upside possible after consolidation",5,0,493,69402,0,nseindia,intraday,intraday,True,498
sample-0001630,sample_trader_410,2026-08-04T07:27:36+00:00,"#NIFTY50 breakdown below support, bearish pressure increasing","#nifty50 breakdown below support, bearish pressure increasing",28,72,288,49180,2,,nifty50,nifty50,True,390
sample-0001631,sample_trader_275,2026-08-04T01:50:53+00:00,"#NIFTY50 breakout above support, looking bullish with target 24500","#nifty50 breakout above support, looking bullish with target 24500",6,44,49,20323,19,,nifty50,nifty50,True,118
sample-0001632,sample_trader_260,2026-08-04T02:00:16+00:00,"#intraday long setup confirmed, upside possible after consolidation","#intraday long setup confirmed, upside possible after consolidation",4,56,15,5132,17,,intraday,intraday,True,92
sample-0001633,sample_trader_56,2026-08-03T21:51:22+00:00,"#intraday long setup confirmed, upside possible after consolidation","#intraday long setup confirmed, upside possible after consolidation",11,23,302,68009,5,,intraday,intraday,True,341
sample-0001634,sample_trader_80,2026-08-03T10:29:38+00:00,#intraday levels posted for educational discussion only,#intraday levels posted for educational discussion only,19,43,480,59644,17,,intraday,intraday,True,559
sample-0001635,sample_trader_34,2026-08-03T12:16:46+00:00,#NIFTY50 trading in a range; waiting for confirmation,#nifty50 trading in a range; waiting for confirmation,10,31,187,18581,7,,nifty50,nifty50,True,235
sample-0001636,sample_trader_22,2026-08-03T17:44:50+00:00,#intraday levels posted for educational discussion only,#intraday levels posted for educational discussion only,11,7,469,63020,18,,intraday,intraday,True,505
sample-0001637,sample_trader_165,2026-08-03T08:37:34+00:00,Watching option chain and market breadth before taking a trade #banknifty,watching option chain and market breadth before taking a trade #banknifty,29,67,288,75427,17,,banknifty,banknifty,True,401
sample-0001638,sample_trader_165,2026-08-03T22:10:45+00:00,"No clear setup in #sensex yet, risk management is important","no clear setup in #sensex yet, risk management is important",4,57,390,26007,9,,sensex,sensex,True,460
sample-0001639,sample_trader_194,2026-08-03T16:37:26+00:00,#intraday short setup; avoid aggressive buying in this volatility,#intraday short setup; avoid aggressive buying in this volatility,2,62,12,64437,3,,intraday,intraday,True,79
sample-0001640,sample_trader_255,2026-08-03T21:19:46+00:00,"No clear setup in #sensex yet, risk management is important","no clear setup in #sensex yet, risk management is important",25,36,394,7274,16,,sensex,sensex,True,471
sample-0001641,sample_trader_301,2026-08-03T21:17:06+00:00,"#NIFTY50 breakout above support, looking bullish with target 24500","#nifty50 breakout above support, looking bullish with target 24500",23,73,277,22772,20,,nifty50,nifty50,True,393
sample-0001642,sample_trader_156,2026-08-04T06:44:53+00:00,"#intraday long setup confirmed, upside possible after consolidation","#intraday long setup confirmed, upside possible after consolidation",12,24,180,70535,1,,intraday,intraday,True,217
sample-0001643,sample_trader_190,2026-08-03T13:56:38+00:00,#intraday short setup; avoid aggressive buying in this volatility,#intraday short setup; avoid aggressive buying in this volatility,21,5,466,28164,3,,intraday,intraday,True,495
sample-0001644,sample_trader_38,2026-08-03T20:48:17+00:00,"#intraday long setup confirmed, upside possible after consolidation","#intraday long setup confirmed, upside possible after consolidation",22,26,253,27147,18,,intraday,intraday,True,319
sample-0001645,sample_trader_106,2026-08-03T18:34:38+00:00,"#NIFTY50 breakout above support, looking bullish with target 24500","#nifty50 breakout above support, looking bullish with target 24500",28,14,473,38118,0,,nifty50,nifty50,True,515
sample-0001646,sample_trader_117,2026-08-03T18:16:13+00:00,"Bank Nifty में गिरावट, sell on rise setup #banknifty","bank nifty में गिरावट, sell on rise setup #banknifty",11,51,22,20487,4,,banknifty,banknifty,True,88
sample-0001647,sample_trader_349,2026-08-03T17:04:18+00:00,#intraday levels posted for educational discussion only,#intraday levels posted for educational discussion only,18,80,158,26903,20,,intraday,intraday,True,276
sample-0001648,sample_trader_213,2026-08-04T08:05:40+00:00,"Bank Nifty में गिरावट, sell on rise setup #banknifty","bank nifty में गिरावट, sell on rise setup #banknifty",26,52,193,36499,6,,banknifty,banknifty,True,277
sample-0001649,sample_trader_6,2026-08-03T10:37:00+00:00,#intraday levels posted for educational discussion only,#intraday levels posted for educational discussion only,20,50,21,58918,4,,intraday,intraday,True,95
sample-0001650,sample_trader_59,2026-08-03T09:15:09+00:00,Accumulating quality stocks on dips. Market looks strong #sensex,accumulating quality stocks on dips. market looks strong #sensex,3,20,461,64083,2,,sensex,sensex,True,486
sample-0001651,sample_trader_349,2026-08-03T23:07:41+00:00,"#NIFTY50 breakdown below support, bearish pressure increasing","#nifty50 breakdown below support, bearish pressure increasing",22,50,145,70338,9,,nifty50,nifty50,True,226
sample-0001652,sample_trader_390,2026-08-04T04:31:00+00:00,#NIFTY50 trading in a range; waiting for confirmation,#nifty50 trading in a range; waiting for confirmation,3,50,421,26543,2,,nifty50,nifty50,True,476
sample-0001653,sample_trader_266,2026-08-04T03:50:19+00:00,#intraday levels posted for educational discussion only,#intraday levels posted for educational discussion only,1,60,245,14381,3,,intraday,intraday,True,309
sample-0001654,sample_trader_391,2026-08-04T05:25:22+00:00,"#NIFTY50 breakdown below support, bearish pressure increasing","#nifty50 breakdown below support, bearish pressure increasing",22,8,123,57190,19,,nifty50,nifty50,True,172
sample-0001655,sample_trader_394,2026-08-03T10:43:50+00:00,"Bank Nifty में तेजी, buyers are strong today #banknifty","bank nifty में तेजी, buyers are strong today #banknifty",1,64,392,24818,6,,banknifty,banknifty,True,463
sample-0001656,sample_trader_175,2026-08-04T02:54:24+00:00,Accumulating quality stocks on dips. Market looks strong #sensex,accumulating quality stocks on dips. market looks strong #sensex,27,32,471,23056,11,,sensex,sensex,True,541
sample-0001657,sample_trader_195,2026-08-03T18:13:10+00:00,Operator stock upper circuit fixed target 100% #sensex,operator stock upper circuit fixed target 100% #sensex,4,37,258,8392,7,,sensex,sensex,True,306
sample-0001658,sample_trader_370,2026-08-03T08:30:34+00:00,"#NIFTY50 breakout above support, looking bullish with target 24500","#nifty50 breakout above support, looking bullish with target 24500",14,3,446,57791,2,,nifty50,nifty50,True,465
sample-0001659,sample_trader_83,2026-08-03T12:11:33+00:00,"No clear setup in #sensex yet, risk management is important","no clear setup in #sensex yet, risk management is important",4,70,493,41672,1,,sensex,sensex,True,568
sample-0001660,sample_trader_274,2026-08-03T13:36:19+00:00,"#NIFTY50 breakout above support, looking bullish with target 24500","#nifty50 breakout above support, looking bullish with target 24500",0,79,368,22321,10,,nifty50,nifty50,True,457
sample-0001661,sample_trader_4,2026-08-03T23:57:34+00:00,"Bank Nifty में तेजी, buyers are strong today #banknifty","bank nifty में तेजी, buyers are strong today #banknifty",12,0,288,7706,12,,banknifty,banknifty,True,312
sample-0001662,sample_trader_19,2026-08-03T09:35:30+00:00,"#intraday long setup confirmed, upside possible after consolidation","#intraday long setup confirmed, upside possible after consolidation",18,69,37,2644,20,,intraday,intraday,True,144
sample-0001663,sample_trader_352,2026-08-03T22:10:57+00:00,"No clear setup in #sensex yet, risk management is important","no clear setup in #sensex yet, risk management is important",19,49,230,31201,15,,sensex,sensex,True,313
sample-0001664,sample_trader_79,2026-08-03T15:01:20+00:00,Weak breadth and downside risk in #sensex today,weak breadth and downside risk in #sensex today,14,68,450,47253,7,,sensex,sensex,True,539
sample-0001665,sample_trader_132,2026-08-03T18:19:25+00:00,SURE SHOT multibagger guaranteed double money #intraday,sure shot multibagger guaranteed double money #intraday,28,20,188,2794,13,,intraday,intraday,True,249
sample-0001666,sample_trader_211,2026-08-03T15:43:16+00:00,"Bank Nifty में तेजी, buyers are strong today #banknifty","bank nifty में तेजी, buyers are strong today #banknifty",22,69,436,29801,12,,banknifty,banknifty,True,539
sample-0001667,sample_trader_208,2026-08-04T00:53:24+00:00,SURE SHOT multibagger guaranteed double money #intraday,sure shot multibagger guaranteed double money #intraday,13,53,235,59335,14,,intraday,intraday,True,315
sample-0001668,sample_trader_167,2026-08-03T20:10:04+00:00,Watching option chain and market breadth before taking a trade #banknifty,watching option chain and market breadth before taking a trade #banknifty,21,51,68,69509,6,,banknifty,banknifty,True,146
sample-0001669,sample_trader_187,2026-08-03T09:56:03+00:00,"#NIFTY50 breakout above support, looking bullish with target 24500","#nifty50 breakout above support, looking bullish with target 24500",28,59,280,53554,11,,nifty50,nifty50,True,378
sample-0001670,sample_trader_241,2026-08-04T03:19:16+00:00,"Bank Nifty में तेजी, buyers are strong today #banknifty","bank nifty में तेजी, buyers are strong today #banknifty",3,69,333,59336,9,,banknifty,banknifty,True,414
sample-0001671,sample_trader_103,2026-08-04T06:36:51+00:00,#intraday levels posted for educational discussion only,#intraday levels posted for educational discussion only,6,43,282,20591,12,,intraday,intraday,True,343
sample-0001672,sample_trader_13,2026-08-03T16:20:18+00:00,#intraday short setup; avoid aggressive buying in this volatility,#intraday short setup; avoid aggressive buying in this volatility,22,26,197,74419,5,,intraday,intraday,True,250
sample-0001673,sample_trader_206,2026-08-03T09:07:12+00:00,#NIFTY50 trading in a range; waiting for confirmation,#nifty50 trading in a range; waiting for confirmation,18,25,77,53958,10,,nifty50,nifty50,True,130
sample-0001674,sample_trader_313,2026-08-03T20:57:14+00:00,"#NIFTY50 breakout above support, looking bullish with target 24500","#nifty50 breakout above support, looking bullish with target 24500",29,78,271,4677,3,,nifty50,nifty50,True,381
sample-0001675,sample_trader_28,2026-08-04T08:09:04+00:00,"Bank Nifty में तेजी, buyers are strong today #banknifty","bank nifty में तेजी, buyers are strong today #banknifty",10,11,160,46802,6,,banknifty,banknifty,True,187
sample-0001676,sample_trader_186,2026-08-04T06:03:47+00:00,"Bank Nifty में तेजी, buyers are strong today #banknifty","bank nifty में तेजी, buyers are strong today #banknifty",19,40,298,58588,15,,banknifty,banknifty,True,372
sample-0001677,sample_trader_52,2026-08-03T21:25:34+00:00,"#intraday long setup confirmed, upside possible after consolidation","#intraday long setup confirmed, upside possible after consolidation",25,71,81,19975,5,,intraday,intraday,True,182
sample-0001678,sample_trader_288,2026-08-04T02:42:14+00:00,"No clear setup in #sensex yet, risk management is important","no clear setup in #sensex yet, risk management is important",17,80,240,36911,7,,sensex,sensex,True,344
sample-0001679,sample_trader_387,2026-08-04T04:55:57+00:00,"Bank Nifty में तेजी, buyers are strong today #banknifty","bank nifty में तेजी, buyers are strong today #banknifty",1,17,450,49981,15,,banknifty,banknifty,True,483
sample-0001680,sample_trader_353,2026-08-03T11:07:29+00:00,Accumulating quality stocks on dips. Market looks strong #sensex,accumulating quality stocks on dips. market looks strong #sensex,26,46,476,57844,18,,sensex,sensex,True,566
sample-0001681,sample_trader_344,2026-08-03T14:33:44+00:00,#NIFTY50 trading in a range; waiting for confirmation,#nifty50 trading in a range; waiting for confirmation,18,44,453,44585,2,,nifty50,nifty50,True,517
sample-0001682,sample_trader_320,2026-08-04T03:33:13+00:00,"#NIFTY50 breakout above support, looking bullish with target 24500","#nifty50 breakout above support, looking bullish with target 24500",9,50,469,19643,3,,nifty50,nifty50,True,531
sample-0001683,sample_trader_365,2026-08-03T21:49:22+00:00,"#NIFTY50 breakout above support, looking bullish with target 24500","#nifty50 breakout above support, looking bullish with target 24500",25,10,181,79061,15,nseindia,nifty50,nifty50,True,231
sample-0001684,sample_trader_187,2026-08-04T02:18:41+00:00,Watching option chain and market breadth before taking a trade #banknifty,watching option chain and market breadth before taking a trade #banknifty,27,32,98,67345,8,,banknifty,banknifty,True,165
sample-0001685,sample_trader_86,2026-08-03T20:52:05+00:00,"Bank Nifty में तेजी, buyers are strong today #banknifty","bank nifty में तेजी, buyers are strong today #banknifty",1,30,358,40241,8,,banknifty,banknifty,True,397
sample-0001686,sample_trader_140,2026-08-04T06:59:38+00:00,#intraday short setup; avoid aggressive buying in this volatility,#intraday short setup; avoid aggressive buying in this volatility,23,58,337,10567,10,,intraday,intraday,True,428
sample-0001687,sample_trader_10,2026-08-03T11:34:51+00:00,"#NIFTY50 breakout above support, looking bullish with target 24500","#nifty50 breakout above support, looking bullish with target 24500",9,48,102,61669,12,,nifty50,nifty50,True,171
sample-0001688,sample_trader_188,2026-08-03T20:14:48+00:00,"Bank Nifty में गिरावट, sell on rise setup #banknifty","bank nifty में गिरावट, sell on rise setup #banknifty",25,65,437,55691,13,,banknifty,banknifty,True,540
sample-0001689,sample_trader_283,2026-08-03T22:56:34+00:00,"#NIFTY50 breakout above support, looking bullish with target 24500","#nifty50 breakout above support, looking bullish with target 24500",6,62,144,35003,2,,nifty50,nifty50,True,214
sample-0001690,sample_trader_59,2026-08-03T13:56:32+00:00,"Bank Nifty में तेजी, buyers are strong today #banknifty","bank nifty में तेजी, buyers are strong today #banknifty",0,16,412,14081,7,nseindia,banknifty,banknifty,True,435
sample-0001691,sample_trader_293,2026-08-04T02:51:35+00:00,#intraday short setup; avoid aggressive buying in this volatility,#intraday short setup; avoid aggressive buying in this volatility,25,30,398,11503,2,nseindia,intraday,intraday,True,455
sample-0001692,sample_trader_37,2026-08-03T09:59:09+00:00,"#NIFTY50 breakout above support, looking bullish with target 24500","#nifty50 breakout above support, looking bullish with target 24500",4,74,320,60443,20,,nifty50,nifty50,True,418
sample-0001693,sample_trader_361,2026-08-04T06:25:19+00:00,Accumulating quality stocks on dips. Market looks strong #sensex,accumulating quality stocks on dips. market looks strong #sensex,4,25,470,10687,5,,sensex,sensex,True,504
sample-0001694,sample_trader_406,2026-08-03T16:42:10+00:00,"Bank Nifty में तेजी, buyers are strong today #banknifty","bank nifty में तेजी, buyers are strong today #banknifty",21,29,107,6603,2,,banknifty,banknifty,True,159
sample-0001695,sample_trader_419,2026-08-03T15:08:04+00:00,SURE SHOT multibagger guaranteed double money #intraday,sure shot multibagger guaranteed double money #intraday,6,63,309,24437,15,,intraday,intraday,True,393
sample-0001696,sample_trader_95,2026-08-03T16:21:19+00:00,Watching option chain and market breadth before taking a trade #banknifty,watching option chain and market breadth before taking a trade #banknifty,16,0,40,23099,6,,banknifty,banknifty,True,62
sample-0001697,sample_trader_360,2026-08-04T03:57:06+00:00,"No clear setup in #sensex yet, risk management is important","no clear setup in #sensex yet, risk management is important",24,9,96,24566,10,,sensex,sensex,True,139
sample-0001698,sample_trader_326,2026-08-03T18:05:51+00:00,Accumulating quality stocks on dips. Market looks strong #sensex,accumulating quality stocks on dips. market looks strong #sensex,26,75,151,78896,13,,sensex,sensex,True,265
sample-0001699,sample_trader_129,2026-08-03T16:56:15+00:00,Weak breadth and downside risk in #sensex today,weak breadth and downside risk in #sensex today,26,44,376,31608,16,nseindia,sensex,sensex,True,462
sample-0001700,sample_trader_34,2026-08-04T02:35:43+00:00,"#NIFTY50 breakdown below support, bearish pressure increasing","#nifty50 breakdown below support, bearish pressure increasing",1,8,252,45168,1,,nifty50,nifty50,True,262
sample-0001701,sample_trader_7,2026-08-03T16:13:51+00:00,#intraday short setup; avoid aggressive buying in this volatility,#intraday short setup; avoid aggressive buying in this volatility,23,11,163,77138,11,,intraday,intraday,True,208
sample-0001702,sample_trader_135,2026-08-03T11:44:34+00:00,"No clear setup in #sensex yet, risk management is important","no clear setup in #sensex yet, risk management is important",23,40,230,46988,15,,sensex,sensex,True,308
sample-0001703,sample_trader_280,2026-08-03T21:03:13+00:00,#intraday short setup; avoid aggressive buying in this volatility,#intraday short setup; avoid aggressive buying in this volatility,23,24,116,77019,5,nseindia,intraday,intraday,True,168
sample-0001704,sample_trader_237,2026-08-03T15:32:19+00:00,Weak breadth and downside risk in #sensex today,weak breadth and downside risk in #sensex today,10,51,237,60918,14,,sensex,sensex,True,312
sample-0001705,sample_trader_72,2026-08-04T07:34:32+00:00,"#NIFTY50 breakdown below support, bearish pressure increasing","#nifty50 breakdown below support, bearish pressure increasing",25,40,195,19630,12,,nifty50,nifty50,True,272
sample-0001706,sample_trader_304,2026-08-04T02:58:04+00:00,#intraday short setup; avoid aggressive buying in this volatility,#intraday short setup; avoid aggressive buying in this volatility,30,23,111,12481,0,,intraday,intraday,True,164
sample-0001707,sample_trader_102,2026-08-03T20:11:08+00:00,"Bank Nifty में तेजी, buyers are strong today #banknifty","bank nifty में तेजी, buyers are strong today #banknifty",0,63,200,20800,9,,banknifty,banknifty,True,272
sample-0001708,sample_trader_98,2026-08-04T00:10:30+00:00,#intraday levels posted for educational discussion only,#intraday levels posted for educational discussion only,15,77,370,65472,13,,intraday,intraday,True,475
sample-0001709,sample_trader_181,2026-08-04T06:17:28+00:00,Accumulating quality stocks on dips. Market looks strong #sensex,accumulating quality stocks on dips. market looks strong #sensex,30,13,34,42423,15,,sensex,sensex,True,92
sample-0001710,sample_trader_254,2026-08-03T13:34:45+00:00,"Bank Nifty में तेजी, buyers are strong today #banknifty","bank nifty में तेजी, buyers are strong today #banknifty",25,27,213,64341,0,,banknifty,banknifty,True,265
sample-0001711,sample_trader_323,2026-08-03T20:08:22+00:00,SURE SHOT multibagger guaranteed double money #intraday,sure shot multibagger guaranteed double money #intraday,9,79,219,16020,19,,intraday,intraday,True,326
sample-0001712,sample_trader_414,2026-08-03T18:52:24+00:00,Weak breadth and downside risk in #sensex today,weak breadth and downside risk in #sensex today,22,16,189,74148,15,nseindia,sensex,sensex,True,242
sample-0001713,sample_trader_127,2026-08-03T17:17:03+00:00,#NIFTY50 trading in a range; waiting for confirmation,#nifty50 trading in a range; waiting for confirmation,6,41,352,30647,10,,nifty50,nifty50,True,409
sample-0001714,sample_trader_175,2026-08-03T12:15:36+00:00,"No clear setup in #sensex yet, risk management is important","no clear setup in #sensex yet, risk management is important",18,42,357,25527,4,,sensex,sensex,True,421
sample-0001715,sample_trader_313,2026-08-03T10:52:56+00:00,SURE SHOT multibagger guaranteed double money #intraday,sure shot multibagger guaranteed double money #intraday,7,31,250,73882,15,,intraday,intraday,True,303
sample-0001716,sample_trader_385,2026-08-03T18:28:50+00:00,"#NIFTY50 breakdown below support, bearish pressure increasing","#nifty50 breakdown below support, bearish pressure increasing",4,79,164,10707,16,,nifty50,nifty50,True,263
sample-0001717,sample_trader_231,2026-08-04T06:01:48+00:00,"No clear setup in #sensex yet, risk management is important","no clear setup in #sensex yet, risk management is important",12,24,405,36253,4,,sensex,sensex,True,445
sample-0001718,sample_trader_115,2026-08-03T23:29:20+00:00,"#intraday long setup confirmed, upside possible after consolidation","#intraday long setup confirmed, upside possible after consolidation",20,0,167,46733,19,,intraday,intraday,True,206
sample-0001719,sample_trader_249,2026-08-03T20:48:53+00:00,"Bank Nifty में तेजी, buyers are strong today #banknifty","bank nifty में तेजी, buyers are strong today #banknifty",10,77,452,70345,6,,banknifty,banknifty,True,545
sample-0001720,sample_trader_310,2026-08-03T10:42:34+00:00,Operator stock upper circuit fixed target 100% #sensex,operator stock upper circuit fixed target 100% #sensex,3,37,375,7988,6,,sensex,sensex,True,421
sample-0001721,sample_trader_405,2026-08-03T23:25:45+00:00,#NIFTY50 trading in a range; waiting for confirmation,#nifty50 trading in a range; waiting for confirmation,12,54,358,1480,9,,nifty50,nifty50,True,433
sample-0001722,sample_trader_15,2026-08-04T07:32:47+00:00,"Bank Nifty में तेजी, buyers are strong today #banknifty","bank nifty में तेजी, buyers are strong today #banknifty",20,53,40,48367,14,,banknifty,banknifty,True,127
sample-0001723,sample_trader_196,2026-08-03T09:40:44+00:00,"Bank Nifty में तेजी, buyers are strong today #banknifty","bank nifty में तेजी, buyers are strong today #banknifty",17,20,304,58264,10,,banknifty,banknifty,True,351
sample-0001724,sample_trader_102,2026-08-03T22:25:11+00:00,"Bank Nifty में गिरावट, sell on rise setup #banknifty","bank nifty में गिरावट, sell on rise setup #banknifty",22,77,232,37374,5,,banknifty,banknifty,True,336
sample-0001725,sample_trader_27,2026-08-04T03:57:19+00:00,"#NIFTY50 breakdown below support, bearish pressure increasing","#nifty50 breakdown below support, bearish pressure increasing",27,41,282,62584,11,,nifty50,nifty50,True,361
sample-0001726,sample_trader_223,2026-08-03T09:34:11+00:00,"#NIFTY50 breakdown below support, bearish pressure increasing","#nifty50 breakdown below support, bearish pressure increasing",20,41,202,23380,10,,nifty50,nifty50,True,273
sample-0001727,sample_trader_290,2026-08-03T20:40:11+00:00,Accumulating quality stocks on dips. Market looks strong #sensex,accumulating quality stocks on dips. market looks strong #sensex,24,72,20,67120,1,,sensex,sensex,True,117
sample-0001728,sample_trader_35,2026-08-04T06:08:28+00:00,"#NIFTY50 breakout above support, looking bullish with target 24500","#nifty50 breakout above support, looking bullish with target 24500",4,19,52,68571,5,,nifty50,nifty50,True,80
sample-0001729,sample_trader_183,2026-08-03T19:20:53+00:00,"#intraday long setup confirmed, upside possible after consolidation","#intraday long setup confirmed, upside possible after consolidation",10,10,211,45082,2,,intraday,intraday,True,233
sample-0001730,sample_trader_214,2026-08-03T13:21:50+00:00,"No clear setup in #sensex yet, risk management is important","no clear setup in #sensex yet, risk management is important",20,50,355,20364,17,,sensex,sensex,True,442
sample-0001731,sample_trader_60,2026-08-04T02:40:32+00:00,"Bank Nifty में तेजी, buyers are strong today #banknifty","bank nifty में तेजी, buyers are strong today #banknifty",24,33,116,31410,1,,banknifty,banknifty,True,174
sample-0001732,sample_trader_330,2026-08-04T06:33:21+00:00,#intraday levels posted for educational discussion only,#intraday levels posted for educational discussion only,26,28,245,5606,1,,intraday,intraday,True,300
sample-0001733,sample_trader_257,2026-08-04T03:27:15+00:00,Accumulating quality stocks on dips. Market looks strong #sensex,accumulating quality stocks on dips. market looks strong #sensex,10,41,198,51929,0,,sensex,sensex,True,249
sample-0001734,sample_trader_343,2026-08-04T07:36:39+00:00,Weak breadth and downside risk in #sensex today,weak breadth and downside risk in #sensex today,22,53,281,8957,1,,sensex,sensex,True,357
sample-0001735,sample_trader_299,2026-08-04T00:06:39+00:00,Accumulating quality stocks on dips. Market looks strong #sensex,accumulating quality stocks on dips. market looks strong #sensex,15,0,178,10617,18,,sensex,sensex,True,211
sample-0001736,sample_trader_109,2026-08-03T18:00:21+00:00,#NIFTY50 trading in a range; waiting for confirmation,#nifty50 trading in a range; waiting for confirmation,4,68,3,36935,8,,nifty50,nifty50,True,83
sample-0001737,sample_trader_104,2026-08-04T02:38:47+00:00,#NIFTY50 trading in a range; waiting for confirmation,#nifty50 trading in a range; waiting for confirmation,24,77,131,43891,6,,nifty50,nifty50,True,238
sample-0001738,sample_trader_334,2026-08-04T04:07:41+00:00,"#NIFTY50 breakdown below support, bearish pressure increasing","#nifty50 breakdown below support, bearish pressure increasing",9,57,14,58448,19,,nifty50,nifty50,True,99
sample-0001739,sample_trader_95,2026-08-04T01:01:04+00:00,#NIFTY50 trading in a range; waiting for confirmation,#nifty50 trading in a range; waiting for confirmation,3,5,198,14039,6,,nifty50,nifty50,True,212
sample-0001740,sample_trader_304,2026-08-04T00:39:46+00:00,#NIFTY50 trading in a range; waiting for confirmation,#nifty50 trading in a range; waiting for confirmation,26,38,184,60838,1,,nifty50,nifty50,True,249
sample-0001741,sample_trader_262,2026-08-04T00:34:23+00:00,Accumulating quality stocks on dips. Market looks strong #sensex,accumulating quality stocks on dips. market looks strong #sensex,0,39,6,28417,5,,sensex,sensex,True,50
sample-0001742,sample_trader_369,2026-08-03T18:19:10+00:00,"Bank Nifty में तेजी, buyers are strong today #banknifty","bank nifty में तेजी, buyers are strong today #banknifty",10,58,200,78930,5,,banknifty,banknifty,True,273
sample-0001743,sample_trader_40,2026-08-03T23:25:07+00:00,"No clear setup in #sensex yet, risk management is important","no clear setup in #sensex yet, risk management is important",19,13,452,85,0,,sensex,sensex,True,484
sample-0001744,sample_trader_156,2026-08-04T08:27:59+00:00,"#NIFTY50 breakout above support, looking bullish with target 24500","#nifty50 breakout above support, looking bullish with target 24500",14,48,373,74513,5,,nifty50,nifty50,True,440
sample-0001745,sample_trader_98,2026-08-03T08:57:18+00:00,#intraday short setup; avoid aggressive buying in this volatility,#intraday short setup; avoid aggressive buying in this volatility,13,47,38,36747,13,,intraday,intraday,True,111
sample-0001746,sample_trader_155,2026-08-04T04:05:42+00:00,#intraday short setup; avoid aggressive buying in this volatility,#intraday short setup; avoid aggressive buying in this volatility,4,33,233,26875,3,,intraday,intraday,True,273
sample-0001747,sample_trader_8,2026-08-04T02:06:38+00:00,"Bank Nifty में तेजी, buyers are strong today #banknifty","bank nifty में तेजी, buyers are strong today #banknifty",3,11,371,30826,14,,banknifty,banknifty,True,399
sample-0001748,sample_trader_12,2026-08-03T22:38:02+00:00,Watching option chain and market breadth before taking a trade #banknifty,watching option chain and market breadth before taking a trade #banknifty,22,72,245,8344,4,,banknifty,banknifty,True,343
sample-0001749,sample_trader_20,2026-08-04T07:22:42+00:00,"Bank Nifty में गिरावट, sell on rise setup #banknifty","bank nifty में गिरावट, sell on rise setup #banknifty",15,55,425,61090,13,,banknifty,banknifty,True,508
sample-0001750,sample_trader_33,2026-08-03T08:33:37+00:00,"#NIFTY50 breakout above support, looking bullish with target 24500","#nifty50 breakout above support, looking bullish with target 24500",30,35,363,36955,15,,nifty50,nifty50,True,443
sample-0001751,sample_trader_97,2026-08-03T22:33:54+00:00,"Bank Nifty में गिरावट, sell on rise setup #banknifty","bank nifty में गिरावट, sell on rise setup #banknifty",7,57,414,305,20,nseindia,banknifty,banknifty,True,498
sample-0001752,sample_trader_360,2026-08-03T12:06:59+00:00,#NIFTY50 trading in a range; waiting for confirmation,#nifty50 trading in a range; waiting for confirmation,15,29,366,6248,9,,nifty50,nifty50,True,419
sample-0001753,sample_trader_242,2026-08-03T15:51:18+00:00,"No clear setup in #sensex yet, risk management is important","no clear setup in #sensex yet, risk management is important",17,20,191,48713,17,,sensex,sensex,True,245
sample-0001754,sample_trader_90,2026-08-03T17:38:54+00:00,"#NIFTY50 breakdown below support, bearish pressure increasing","#nifty50 breakdown below support, bearish pressure increasing",18,51,190,61324,11,,nifty50,nifty50,True,270
sample-0001755,sample_trader_209,2026-08-03T12:43:24+00:00,"Bank Nifty में तेजी, buyers are strong today #banknifty","bank nifty में तेजी, buyers are strong today #banknifty",11,55,44,78975,8,,banknifty,banknifty,True,118
sample-0001756,sample_trader_239,2026-08-03T08:57:58+00:00,"Bank Nifty में गिरावट, sell on rise setup #banknifty","bank nifty में गिरावट, sell on rise setup #banknifty",14,69,441,21582,1,,banknifty,banknifty,True,525
sample-0001757,sample_trader_175,2026-08-03T10:39:56+00:00,SURE SHOT multibagger guaranteed double money #intraday,sure shot multibagger guaranteed double money #intraday,17,80,425,20946,18,,intraday,intraday,True,540
sample-0001758,sample_trader_215,2026-08-04T05:29:26+00:00,"Bank Nifty में तेजी, buyers are strong today #banknifty","bank nifty में तेजी, buyers are strong today #banknifty",28,14,256,71352,1,,banknifty,banknifty,True,299
sample-0001759,sample_trader_282,2026-08-03T23:11:34+00:00,#NIFTY50 trading in a range; waiting for confirmation,#nifty50 trading in a range; waiting for confirmation,21,21,378,29774,10,,nifty50,nifty50,True,430
sample-0001760,sample_trader_203,2026-08-03T12:29:54+00:00,"#NIFTY50 breakdown below support, bearish pressure increasing","#nifty50 breakdown below support, bearish pressure increasing",16,50,112,75681,11,,nifty50,nifty50,True,189
sample-0001761,sample_trader_330,2026-08-03T09:08:53+00:00,Accumulating quality stocks on dips. Market looks strong #sensex,accumulating quality stocks on dips. market looks strong #sensex,14,19,427,24734,0,,sensex,sensex,True,460
sample-0001762,sample_trader_74,2026-08-03T14:26:13+00:00,#NIFTY50 trading in a range; waiting for confirmation,#nifty50 trading in a range; waiting for confirmation,29,9,355,40230,7,,nifty50,nifty50,True,400
sample-0001763,sample_trader_327,2026-08-03T12:44:04+00:00,#intraday short setup; avoid aggressive buying in this volatility,#intraday short setup; avoid aggressive buying in this volatility,3,24,12,2175,0,,intraday,intraday,True,39
sample-0001764,sample_trader_35,2026-08-04T05:52:10+00:00,"Bank Nifty में तेजी, buyers are strong today #banknifty","bank nifty में तेजी, buyers are strong today #banknifty",8,57,486,15641,13,,banknifty,banknifty,True,564
sample-0001765,sample_trader_154,2026-08-03T10:42:37+00:00,"Bank Nifty में गिरावट, sell on rise setup #banknifty","bank nifty में गिरावट, sell on rise setup #banknifty",10,49,191,27371,9,,banknifty,banknifty,True,259
sample-0001766,sample_trader_315,2026-08-03T09:20:21+00:00,Watching option chain and market breadth before taking a trade #banknifty,watching option chain and market breadth before taking a trade #banknifty,18,5,347,64450,1,,banknifty,banknifty,True,371
sample-0001767,sample_trader_359,2026-08-03T23:09:15+00:00,Weak breadth and downside risk in #sensex today,weak breadth and downside risk in #sensex today,15,49,385,70700,3,,sensex,sensex,True,452
sample-0001768,sample_trader_14,2026-08-03T14:36:55+00:00,Watching option chain and market breadth before taking a trade #banknifty,watching option chain and market breadth before taking a trade #banknifty,12,4,492,63940,2,,banknifty,banknifty,True,510
sample-0001769,sample_trader_126,2026-08-04T05:26:46+00:00,"No clear setup in #sensex yet, risk management is important","no clear setup in #sensex yet, risk management is important",23,80,472,12371,14,,sensex,sensex,True,589
sample-0001770,sample_trader_241,2026-08-03T10:29:24+00:00,"Bank Nifty में गिरावट, sell on rise setup #banknifty","bank nifty में गिरावट, sell on rise setup #banknifty",1,41,158,72483,14,,banknifty,banknifty,True,214
sample-0001771,sample_trader_351,2026-08-04T08:05:31+00:00,Weak breadth and downside risk in #sensex today,weak breadth and downside risk in #sensex today,4,75,441,3750,16,,sensex,sensex,True,536
sample-0001772,sample_trader_141,2026-08-03T15:36:11+00:00,#NIFTY50 trading in a range; waiting for confirmation,#nifty50 trading in a range; waiting for confirmation,22,72,198,70260,20,,nifty50,nifty50,True,312
sample-0001773,sample_trader_252,2026-08-03T13:39:11+00:00,"#NIFTY50 breakdown below support, bearish pressure increasing","#nifty50 breakdown below support, bearish pressure increasing",5,57,150,21381,1,,nifty50,nifty50,True,213
sample-0001774,sample_trader_352,2026-08-04T04:28:25+00:00,"Bank Nifty में गिरावट, sell on rise setup #banknifty","bank nifty में गिरावट, sell on rise setup #banknifty",4,9,101,63245,15,,banknifty,banknifty,True,129
sample-0001775,sample_trader_23,2026-08-03T18:45:03+00:00,"#NIFTY50 breakdown below support, bearish pressure increasing","#nifty50 breakdown below support, bearish pressure increasing",9,23,114,44623,18,,nifty50,nifty50,True,164
sample-0001776,sample_trader_52,2026-08-04T04:14:24+00:00,Accumulating quality stocks on dips. Market looks strong #sensex,accumulating quality stocks on dips. market looks strong #sensex,5,17,67,79375,18,nseindia,sensex,sensex,True,107
sample-0001777,sample_trader_11,2026-08-03T16:48:43+00:00,#intraday levels posted for educational discussion only,#intraday levels posted for educational discussion only,22,67,459,48322,20,,intraday,intraday,True,568
sample-0001778,sample_trader_143,2026-08-04T07:14:45+00:00,Weak breadth and downside risk in #sensex today,weak breadth and downside risk in #sensex today,13,71,359,55395,2,nseindia,sensex,sensex,True,445
sample-0001779,sample_trader_206,2026-08-03T15:11:10+00:00,"#NIFTY50 breakdown below support, bearish pressure increasing","#nifty50 breakdown below support, bearish pressure increasing",16,31,464,18075,3,nseindia,nifty50,nifty50,True,514
sample-0001780,sample_trader_229,2026-08-04T01:18:43+00:00,"Bank Nifty में तेजी, buyers are strong today #banknifty","bank nifty में तेजी, buyers are strong today #banknifty",21,69,191,73105,8,,banknifty,banknifty,True,289
sample-0001781,sample_trader_287,2026-08-04T04:14:56+00:00,"#intraday long setup confirmed, upside possible after consolidation","#intraday long setup confirmed, upside possible after consolidation",1,29,103,19368,9,,intraday,intraday,True,142
sample-0001782,sample_trader_31,2026-08-03T18:55:40+00:00,"Bank Nifty में गिरावट, sell on rise setup #banknifty","bank nifty में गिरावट, sell on rise setup #banknifty",16,1,57,68805,8,,banknifty,banknifty,True,82
sample-0001783,sample_trader_164,2026-08-04T03:28:36+00:00,"#NIFTY50 breakout above support, looking bullish with target 24500","#nifty50 breakout above support, looking bullish with target 24500",29,31,440,63015,6,,nifty50,nifty50,True,506
sample-0001784,sample_trader_110,2026-08-03T15:02:12+00:00,"No clear setup in #sensex yet, risk management is important","no clear setup in #sensex yet, risk management is important",3,22,198,72537,20,,sensex,sensex,True,243
sample-0001785,sample_trader_262,2026-08-04T03:50:40+00:00,"#NIFTY50 breakout above support, looking bullish with target 24500","#nifty50 breakout above support, looking bullish with target 24500",4,8,244,67340,2,,nifty50,nifty50,True,258
sample-0001786,sample_trader_186,2026-08-03T09:41:19+00:00,"#intraday long setup confirmed, upside possible after consolidation","#intraday long setup confirmed, upside possible after consolidation",30,28,423,34452,13,nseindia,intraday,intraday,True,494
sample-0001787,sample_trader_400,2026-08-03T20:47:54+00:00,#intraday short setup; avoid aggressive buying in this volatility,#intraday short setup; avoid aggressive buying in this volatility,12,3,98,49029,12,,intraday,intraday,True,125
sample-0001788,sample_trader_315,2026-08-03T15:00:49+00:00,Accumulating quality stocks on dips. Market looks strong #sensex,accumulating quality stocks on dips. market looks strong #sensex,30,65,455,53334,20,,sensex,sensex,True,570
sample-0001789,sample_trader_307,2026-08-03T23:40:48+00:00,SURE SHOT multibagger guaranteed double money #intraday,sure shot multibagger guaranteed double money #intraday,16,36,254,9887,13,,intraday,intraday,True,319
sample-0001790,sample_trader_44,2026-08-03T12:00:59+00:00,Weak breadth and downside risk in #sensex today,weak breadth and downside risk in #sensex today,22,18,395,5286,11,,sensex,sensex,True,446
sample-0001791,sample_trader_414,2026-08-03T08:47:42+00:00,"Bank Nifty में गिरावट, sell on rise setup #banknifty","bank nifty में गिरावट, sell on rise setup #banknifty",29,43,155,70211,19,,banknifty,banknifty,True,246
sample-0001792,sample_trader_250,2026-08-03T13:50:45+00:00,#intraday short setup; avoid aggressive buying in this volatility,#intraday short setup; avoid aggressive buying in this volatility,12,75,355,73474,19,,intraday,intraday,True,461
sample-0001793,sample_trader_173,2026-08-03T15:22:45+00:00,#NIFTY50 trading in a range; waiting for confirmation,#nifty50 trading in a range; waiting for confirmation,2,62,499,44930,17,,nifty50,nifty50,True,580
sample-0001794,sample_trader_323,2026-08-03T23:18:24+00:00,SURE SHOT multibagger guaranteed double money #intraday,sure shot multibagger guaranteed double money #intraday,8,34,447,37922,19,,intraday,intraday,True,508
sample-0001795,sample_trader_290,2026-08-03T23:45:00+00:00,"#NIFTY50 breakdown below support, bearish pressure increasing","#nifty50 breakdown below support, bearish pressure increasing",6,44,497,40203,6,,nifty50,nifty50,True,553
sample-0001796,sample_trader_136,2026-08-03T22:19:34+00:00,Watching option chain and market breadth before taking a trade #banknifty,watching option chain and market breadth before taking a trade #banknifty,19,54,342,24737,19,,banknifty,banknifty,True,434
sample-0001797,sample_trader_352,2026-08-04T01:33:01+00:00,"#NIFTY50 breakout above support, looking bullish with target 24500","#nifty50 breakout above support, looking bullish with target 24500",21,46,364,71192,17,,nifty50,nifty50,True,448
sample-0001798,sample_trader_371,2026-08-04T04:11:57+00:00,Watching option chain and market breadth before taking a trade #banknifty,watching option chain and market breadth before taking a trade #banknifty,23,37,326,32428,6,,banknifty,banknifty,True,392
sample-0001799,sample_trader_332,2026-08-04T01:48:04+00:00,SURE SHOT multibagger guaranteed double money #intraday,sure shot multibagger guaranteed double money #intraday,25,63,191,32245,12,,intraday,intraday,True,291
sample-0001800,sample_trader_175,2026-08-03T12:54:01+00:00,"Bank Nifty में गिरावट, sell on rise setup #banknifty","bank nifty में गिरावट, sell on rise setup #banknifty",4,32,310,9493,8,,banknifty,banknifty,True,354
sample-0001801,sample_trader_35,2026-08-04T08:20:52+00:00,"#NIFTY50 breakdown below support, bearish pressure increasing","#nifty50 breakdown below support, bearish pressure increasing",6,32,475,64937,14,,nifty50,nifty50,True,527
sample-0001802,sample_trader_291,2026-08-03T13:51:27+00:00,#intraday levels posted for educational discussion only,#intraday levels posted for educational discussion only,13,25,136,6733,13,,intraday,intraday,True,187
sample-0001803,sample_trader_224,2026-08-03T15:07:22+00:00,#intraday levels posted for educational discussion only,#intraday levels posted for educational discussion only,12,40,61,18364,5,,intraday,intraday,True,118
sample-0001804,sample_trader_143,2026-08-04T05:54:29+00:00,"#intraday long setup confirmed, upside possible after consolidation","#intraday long setup confirmed, upside possible after consolidation",3,70,274,35231,4,,intraday,intraday,True,351
sample-0001805,sample_trader_339,2026-08-04T07:00:46+00:00,#intraday short setup; avoid aggressive buying in this volatility,#intraday short setup; avoid aggressive buying in this volatility,18,7,5,14655,10,,intraday,intraday,True,40
sample-0001806,sample_trader_124,2026-08-03T16:49:05+00:00,"Bank Nifty में गिरावट, sell on rise setup #banknifty","bank nifty में गिरावट, sell on rise setup #banknifty",7,28,316,79173,18,,banknifty,banknifty,True,369
sample-0001807,sample_trader_78,2026-08-03T23:51:40+00:00,#intraday levels posted for educational discussion only,#intraday levels posted for educational discussion only,0,70,299,41562,7,,intraday,intraday,True,376
sample-0001808,sample_trader_316,2026-08-03T12:44:37+00:00,"#NIFTY50 breakdown below support, bearish pressure increasing","#nifty50 breakdown below support, bearish pressure increasing",0,20,46,74923,19,,nifty50,nifty50,True,85
sample-0001809,sample_trader_49,2026-08-04T03:55:54+00:00,"Bank Nifty में गिरावट, sell on rise setup #banknifty","bank nifty में गिरावट, sell on rise setup #banknifty",7,52,113,31772,14,,banknifty,banknifty,True,186
sample-0001810,sample_trader_55,2026-08-03T22:17:30+00:00,"#intraday long setup confirmed, upside possible after consolidation","#intraday long setup confirmed, upside possible after consolidation",0,30,343,40484,13,,intraday,intraday,True,386
sample-0001811,sample_trader_110,2026-08-03T16:13:21+00:00,"No clear setup in #sensex yet, risk management is important","no clear setup in #sensex yet, risk management is important",7,12,433,10797,13,,sensex,sensex,True,465
sample-0001812,sample_trader_315,2026-08-03T18:28:07+00:00,#NIFTY50 trading in a range; waiting for confirmation,#nifty50 trading in a range; waiting for confirmation,24,48,11,70994,8,,nifty50,nifty50,True,91
sample-0001813,sample_trader_176,2026-08-03T13:23:27+00:00,#intraday levels posted for educational discussion only,#intraday levels posted for educational discussion only,10,2,255,66576,19,,intraday,intraday,True,286
sample-0001814,sample_trader_74,2026-08-03T18:53:16+00:00,#NIFTY50 trading in a range; waiting for confirmation,#nifty50 trading in a range; waiting for confirmation,22,9,307,49551,5,,nifty50,nifty50,True,343
sample-0001815,sample_trader_181,2026-08-03T21:01:36+00:00,"Bank Nifty में तेजी, buyers are strong today #banknifty","bank nifty में तेजी, buyers are strong today #banknifty",12,35,127,38149,7,,banknifty,banknifty,True,181
sample-0001816,sample_trader_125,2026-08-03T11:57:26+00:00,"No clear setup in #sensex yet, risk management is important","no clear setup in #sensex yet, risk management is important",20,8,231,2917,12,,sensex,sensex,True,271
sample-0001817,sample_trader_252,2026-08-04T07:43:14+00:00,#intraday short setup; avoid aggressive buying in this volatility,#intraday short setup; avoid aggressive buying in this volatility,13,57,465,55642,2,,intraday,intraday,True,537
sample-0001818,sample_trader_188,2026-08-03T22:40:06+00:00,Weak breadth and downside risk in #sensex today,weak breadth and downside risk in #sensex today,29,33,245,20772,5,,sensex,sensex,True,312
sample-0001819,sample_trader_196,2026-08-04T07:08:43+00:00,Watching option chain and market breadth before taking a trade #banknifty,watching option chain and market breadth before taking a trade #banknifty,11,6,389,30010,2,,banknifty,banknifty,True,408
sample-0001820,sample_trader_357,2026-08-03T10:03:32+00:00,Accumulating quality stocks on dips. Market looks strong #sensex,accumulating quality stocks on dips. market looks strong #sensex,17,6,128,10438,16,,sensex,sensex,True,167
sample-0001821,sample_trader_73,2026-08-03T21:47:36+00:00,#NIFTY50 trading in a range; waiting for confirmation,#nifty50 trading in a range; waiting for confirmation,27,55,142,24432,7,,nifty50,nifty50,True,231
sample-0001822,sample_trader_48,2026-08-04T00:01:36+00:00,Accumulating quality stocks on dips. Market looks strong #sensex,accumulating quality stocks on dips. market looks strong #sensex,19,6,293,23111,9,,sensex,sensex,True,327
sample-0001823,sample_trader_9,2026-08-03T23:51:55+00:00,#intraday short setup; avoid aggressive buying in this volatility,#intraday short setup; avoid aggressive buying in this volatility,25,25,308,10148,2,,intraday,intraday,True,360
sample-0001824,sample_trader_64,2026-08-03T13:01:34+00:00,"Bank Nifty में गिरावट, sell on rise setup #banknifty","bank nifty में गिरावट, sell on rise setup #banknifty",24,59,283,48406,5,,banknifty,banknifty,True,371
sample-0001825,sample_trader_167,2026-08-04T08:08:54+00:00,"#intraday long setup confirmed, upside possible after consolidation","#intraday long setup confirmed, upside possible after consolidation",27,21,392,35745,16,,intraday,intraday,True,456
sample-0001826,sample_trader_70,2026-08-03T18:07:44+00:00,#NIFTY50 trading in a range; waiting for confirmation,#nifty50 trading in a range; waiting for confirmation,5,6,240,20485,4,,nifty50,nifty50,True,255
sample-0001827,sample_trader_401,2026-08-03T11:34:23+00:00,"No clear setup in #sensex yet, risk management is important","no clear setup in #sensex yet, risk management is important",8,59,125,59680,5,,sensex,sensex,True,197
sample-0001828,sample_trader_311,2026-08-03T09:09:37+00:00,"#intraday long setup confirmed, upside possible after consolidation","#intraday long setup confirmed, upside possible after consolidation",24,5,34,49519,4,nseindia,intraday,intraday,True,67
sample-0001829,sample_trader_282,2026-08-03T18:05:05+00:00,Watching option chain and market breadth before taking a trade #banknifty,watching option chain and market breadth before taking a trade #banknifty,17,51,455,68869,14,,banknifty,banknifty,True,537
sample-0001830,sample_trader_296,2026-08-03T10:25:14+00:00,Watching option chain and market breadth before taking a trade #banknifty,watching option chain and market breadth before taking a trade #banknifty,22,51,384,33005,16,,banknifty,banknifty,True,473
sample-0001831,sample_trader_413,2026-08-04T03:52:14+00:00,Accumulating quality stocks on dips. Market looks strong #sensex,accumulating quality stocks on dips. market looks strong #sensex,1,26,37,78666,11,,sensex,sensex,True,75
sample-0001832,sample_trader_193,2026-08-03T18:32:16+00:00,"#intraday long setup confirmed, upside possible after consolidation","#intraday long setup confirmed, upside possible after consolidation",9,47,12,41278,15,,intraday,intraday,True,83
sample-0001833,sample_trader_397,2026-08-03T16:36:34+00:00,"Bank Nifty में तेजी, buyers are strong today #banknifty","bank nifty में तेजी, buyers are strong today #banknifty",20,18,230,77438,4,,banknifty,banknifty,True,272
sample-0001834,sample_trader_73,2026-08-03T23:33:54+00:00,#intraday short setup; avoid aggressive buying in this volatility,#intraday short setup; avoid aggressive buying in this volatility,0,29,462,57594,8,,intraday,intraday,True,499
sample-0001835,sample_trader_105,2026-08-03T18:56:18+00:00,Watching option chain and market breadth before taking a trade #banknifty,watching option chain and market breadth before taking a trade #banknifty,14,16,212,6780,7,,banknifty,banknifty,True,249
sample-0001836,sample_trader_192,2026-08-03T21:42:39+00:00,SURE SHOT multibagger guaranteed double money #intraday,sure shot multibagger guaranteed double money #intraday,1,44,238,50716,20,,intraday,intraday,True,303
sample-0001837,sample_trader_263,2026-08-03T19:33:00+00:00,"#NIFTY50 breakout above support, looking bullish with target 24500","#nifty50 breakout above support, looking bullish with target 24500",17,61,20,62893,2,,nifty50,nifty50,True,100
sample-0001838,sample_trader_85,2026-08-03T14:01:04+00:00,"#NIFTY50 breakout above support, looking bullish with target 24500","#nifty50 breakout above support, looking bullish with target 24500",0,12,74,73658,8,nseindia,nifty50,nifty50,True,94
sample-0001839,sample_trader_267,2026-08-03T09:30:17+00:00,#NIFTY50 trading in a range; waiting for confirmation,#nifty50 trading in a range; waiting for confirmation,11,3,229,52926,10,,nifty50,nifty50,True,253
sample-0001840,sample_trader_168,2026-08-03T09:49:44+00:00,Watching option chain and market breadth before taking a trade #banknifty,watching option chain and market breadth before taking a trade #banknifty,9,47,26,67813,18,,banknifty,banknifty,True,100
sample-0001841,sample_trader_391,2026-08-03T16:41:13+00:00,#NIFTY50 trading in a range; waiting for confirmation,#nifty50 trading in a range; waiting for confirmation,16,4,341,71876,18,,nifty50,nifty50,True,379
sample-0001842,sample_trader_339,2026-08-03T20:26:47+00:00,"Bank Nifty में तेजी, buyers are strong today #banknifty","bank nifty में तेजी, buyers are strong today #banknifty",22,56,374,35060,4,,banknifty,banknifty,True,456
sample-0001843,sample_trader_197,2026-08-03T10:00:26+00:00,"#NIFTY50 breakout above support, looking bullish with target 24500","#nifty50 breakout above support, looking bullish with target 24500",8,50,112,5540,1,,nifty50,nifty50,True,171
sample-0001844,sample_trader_292,2026-08-03T17:14:03+00:00,"#NIFTY50 breakout above support, looking bullish with target 24500","#nifty50 breakout above support, looking bullish with target 24500",6,53,409,19926,13,,nifty50,nifty50,True,481
sample-0001845,sample_trader_34,2026-08-04T08:26:46+00:00,"#NIFTY50 breakdown below support, bearish pressure increasing","#nifty50 breakdown below support, bearish pressure increasing",5,4,135,63313,2,,nifty50,nifty50,True,146
sample-0001846,sample_trader_41,2026-08-04T04:18:27+00:00,Accumulating quality stocks on dips. Market looks strong #sensex,accumulating quality stocks on dips. market looks strong #sensex,21,58,415,44973,19,,sensex,sensex,True,513
sample-0001847,sample_trader_296,2026-08-03T23:04:13+00:00,#intraday short setup; avoid aggressive buying in this volatility,#intraday short setup; avoid aggressive buying in this volatility,17,70,455,43382,20,,intraday,intraday,True,562
sample-0001848,sample_trader_267,2026-08-03T10:59:37+00:00,Watching option chain and market breadth before taking a trade #banknifty,watching option chain and market breadth before taking a trade #banknifty,21,35,412,77887,7,,banknifty,banknifty,True,475
sample-0001849,sample_trader_140,2026-08-03T14:52:01+00:00,"Bank Nifty में तेजी, buyers are strong today #banknifty","bank nifty में तेजी, buyers are strong today #banknifty",10,65,153,65438,12,nseindia,banknifty,banknifty,True,240
sample-0001850,sample_trader_55,2026-08-03T23:05:11+00:00,Watching option chain and market breadth before taking a trade #banknifty,watching option chain and market breadth before taking a trade #banknifty,26,18,284,29361,7,,banknifty,banknifty,True,335
sample-0001851,sample_trader_51,2026-08-04T02:53:13+00:00,"#intraday long setup confirmed, upside possible after consolidation","#intraday long setup confirmed, upside possible after consolidation",22,69,258,47628,13,,intraday,intraday,True,362
sample-0001852,sample_trader_42,2026-08-03T21:34:39+00:00,Weak breadth and downside risk in #sensex today,weak breadth and downside risk in #sensex today,7,20,319,63118,2,,sensex,sensex,True,348
sample-0001853,sample_trader_418,2026-08-03T17:41:15+00:00,"#intraday long setup confirmed, upside possible after consolidation","#intraday long setup confirmed, upside possible after consolidation",13,19,212,62069,0,,intraday,intraday,True,244
sample-0001854,sample_trader_121,2026-08-03T21:15:09+00:00,#intraday short setup; avoid aggressive buying in this volatility,#intraday short setup; avoid aggressive buying in this volatility,15,62,475,51999,18,,intraday,intraday,True,570
sample-0001855,sample_trader_125,2026-08-03T22:02:13+00:00,#intraday short setup; avoid aggressive buying in this volatility,#intraday short setup; avoid aggressive buying in this volatility,19,21,172,20915,19,,intraday,intraday,True,231
sample-0001856,sample_trader_43,2026-08-04T04:48:07+00:00,"#NIFTY50 breakdown below support, bearish pressure increasing","#nifty50 breakdown below support, bearish pressure increasing",2,1,76,70877,13,,nifty50,nifty50,True,92
sample-0001857,sample_trader_2,2026-08-04T06:35:49+00:00,"Bank Nifty में तेजी, buyers are strong today #banknifty","bank nifty में तेजी, buyers are strong today #banknifty",15,22,16,17545,9,,banknifty,banknifty,True,62
sample-0001858,sample_trader_45,2026-08-03T11:38:28+00:00,#intraday short setup; avoid aggressive buying in this volatility,#intraday short setup; avoid aggressive buying in this volatility,1,21,457,40651,10,,intraday,intraday,True,489
sample-0001859,sample_trader_315,2026-08-04T07:01:41+00:00,Watching option chain and market breadth before taking a trade #banknifty,watching option chain and market breadth before taking a trade #banknifty,0,24,404,22323,12,,banknifty,banknifty,True,440
sample-0001860,sample_trader_304,2026-08-03T22:44:01+00:00,#intraday levels posted for educational discussion only,#intraday levels posted for educational discussion only,9,78,428,69005,2,,intraday,intraday,True,517
sample-0001861,sample_trader_237,2026-08-04T06:06:08+00:00,Weak breadth and downside risk in #sensex today,weak breadth and downside risk in #sensex today,19,33,80,67537,3,,sensex,sensex,True,135
sample-0001862,sample_trader_202,2026-08-04T07:18:02+00:00,Accumulating quality stocks on dips. Market looks strong #sensex,accumulating quality stocks on dips. market looks strong #sensex,27,43,340,21389,15,,sensex,sensex,True,425
sample-0001863,sample_trader_335,2026-08-03T21:46:31+00:00,Weak breadth and downside risk in #sensex today,weak breadth and downside risk in #sensex today,22,51,214,30868,9,,sensex,sensex,True,296
sample-0001864,sample_trader_77,2026-08-03T15:40:19+00:00,"Bank Nifty में तेजी, buyers are strong today #banknifty","bank nifty में तेजी, buyers are strong today #banknifty",22,19,18,10464,1,,banknifty,banknifty,True,60
sample-0001865,sample_trader_230,2026-08-04T04:32:47+00:00,"#intraday long setup confirmed, upside possible after consolidation","#intraday long setup confirmed, upside possible after consolidation",4,19,370,9676,9,,intraday,intraday,True,402
sample-0001866,sample_trader_223,2026-08-03T14:55:57+00:00,"#NIFTY50 breakdown below support, bearish pressure increasing","#nifty50 breakdown below support, bearish pressure increasing",13,15,476,72417,18,,nifty50,nifty50,True,522
sample-0001867,sample_trader_18,2026-08-03T08:34:33+00:00,"Bank Nifty में तेजी, buyers are strong today #banknifty","bank nifty में तेजी, buyers are strong today #banknifty",11,20,200,25148,11,nseindia,banknifty,banknifty,True,242
sample-0001868,sample_trader_96,2026-08-03T18:17:00+00:00,Accumulating quality stocks on dips. Market looks strong #sensex,accumulating quality stocks on dips. market looks strong #sensex,26,63,237,52149,10,,sensex,sensex,True,336
sample-0001869,sample_trader_162,2026-08-03T08:29:42+00:00,"#NIFTY50 breakdown below support, bearish pressure increasing","#nifty50 breakdown below support, bearish pressure increasing",30,72,444,24162,0,,nifty50,nifty50,True,546
sample-0001870,sample_trader_48,2026-08-03T17:19:41+00:00,Accumulating quality stocks on dips. Market looks strong #sensex,accumulating quality stocks on dips. market looks strong #sensex,15,42,75,5558,4,,sensex,sensex,True,136
sample-0001871,sample_trader_104,2026-08-03T22:21:01+00:00,"No clear setup in #sensex yet, risk management is important","no clear setup in #sensex yet, risk management is important",23,23,213,5089,0,,sensex,sensex,True,259
sample-0001872,sample_trader_2,2026-08-03T20:11:26+00:00,"Bank Nifty में गिरावट, sell on rise setup #banknifty","bank nifty में गिरावट, sell on rise setup #banknifty",3,61,395,65727,6,,banknifty,banknifty,True,465
sample-0001873,sample_trader_201,2026-08-03T13:08:18+00:00,"Bank Nifty में गिरावट, sell on rise setup #banknifty","bank nifty में गिरावट, sell on rise setup #banknifty",28,67,302,25826,13,,banknifty,banknifty,True,410
sample-0001874,sample_trader_281,2026-08-03T10:57:00+00:00,Accumulating quality stocks on dips. Market looks strong #sensex,accumulating quality stocks on dips. market looks strong #sensex,9,68,386,59876,1,,sensex,sensex,True,464
sample-0001875,sample_trader_322,2026-08-03T11:00:37+00:00,"Bank Nifty में तेजी, buyers are strong today #banknifty","bank nifty में तेजी, buyers are strong today #banknifty",30,8,242,54739,14,,banknifty,banknifty,True,294
sample-0001876,sample_trader_303,2026-08-03T20:59:29+00:00,"No clear setup in #sensex yet, risk management is important","no clear setup in #sensex yet, risk management is important",7,57,135,39408,20,,sensex,sensex,True,219
sample-0001877,sample_trader_136,2026-08-03T18:05:32+00:00,Accumulating quality stocks on dips. Market looks strong #sensex,accumulating quality stocks on dips. market looks strong #sensex,0,67,117,5364,7,,sensex,sensex,True,191
sample-0001878,sample_trader_2,2026-08-03T18:00:48+00:00,#NIFTY50 trading in a range; waiting for confirmation,#nifty50 trading in a range; waiting for confirmation,13,6,490,10025,8,,nifty50,nifty50,True,517
sample-0001879,sample_trader_257,2026-08-04T07:52:18+00:00,"No clear setup in #sensex yet, risk management is important","no clear setup in #sensex yet, risk management is important",27,39,393,78725,1,,sensex,sensex,True,460
sample-0001880,sample_trader_339,2026-08-03T13:01:16+00:00,Watching option chain and market breadth before taking a trade #banknifty,watching option chain and market breadth before taking a trade #banknifty,17,36,399,15237,7,,banknifty,banknifty,True,459
sample-0001881,sample_trader_280,2026-08-04T02:00:50+00:00,"#NIFTY50 breakdown below support, bearish pressure increasing","#nifty50 breakdown below support, bearish pressure increasing",20,25,7,56345,2,,nifty50,nifty50,True,54
sample-0001882,sample_trader_51,2026-08-04T07:42:49+00:00,"#intraday long setup confirmed, upside possible after consolidation","#intraday long setup confirmed, upside possible after consolidation",4,33,86,38364,8,,intraday,intraday,True,131
sample-0001883,sample_trader_186,2026-08-04T02:29:57+00:00,#intraday short setup; avoid aggressive buying in this volatility,#intraday short setup; avoid aggressive buying in this volatility,3,36,158,71132,17,,intraday,intraday,True,214
sample-0001884,sample_trader_2,2026-08-04T04:02:43+00:00,"#NIFTY50 breakout above support, looking bullish with target 24500","#nifty50 breakout above support, looking bullish with target 24500",30,30,33,35446,5,,nifty50,nifty50,True,98
sample-0001885,sample_trader_257,2026-08-04T04:02:43+00:00,#NIFTY50 trading in a range; waiting for confirmation,#nifty50 trading in a range; waiting for confirmation,24,68,238,66998,3,,nifty50,nifty50,True,333
sample-0001886,sample_trader_183,2026-08-04T05:26:06+00:00,#intraday levels posted for educational discussion only,#intraday levels posted for educational discussion only,25,11,180,23170,12,,intraday,intraday,True,228
sample-0001887,sample_trader_318,2026-08-04T07:48:11+00:00,"No clear setup in #sensex yet, risk management is important","no clear setup in #sensex yet, risk management is important",25,11,32,21321,4,,sensex,sensex,True,72
sample-0001888,sample_trader_388,2026-08-03T15:02:18+00:00,Watching option chain and market breadth before taking a trade #banknifty,watching option chain and market breadth before taking a trade #banknifty,20,44,15,44638,12,,banknifty,banknifty,True,91
sample-0001889,sample_trader_398,2026-08-03T13:48:37+00:00,#intraday short setup; avoid aggressive buying in this volatility,#intraday short setup; avoid aggressive buying in this volatility,25,51,108,22007,6,,intraday,intraday,True,190
sample-0001890,sample_trader_337,2026-08-04T00:12:40+00:00,"No clear setup in #sensex yet, risk management is important","no clear setup in #sensex yet, risk management is important",29,63,285,60061,12,,sensex,sensex,True,389
sample-0001891,sample_trader_19,2026-08-04T06:56:20+00:00,#intraday short setup; avoid aggressive buying in this volatility,#intraday short setup; avoid aggressive buying in this volatility,14,24,1,74884,11,nseindia,intraday,intraday,True,50
sample-0001892,sample_trader_384,2026-08-03T17:20:16+00:00,#intraday short setup; avoid aggressive buying in this volatility,#intraday short setup; avoid aggressive buying in this volatility,26,0,496,41359,14,,intraday,intraday,True,536
sample-0001893,sample_trader_70,2026-08-03T10:52:50+00:00,Accumulating quality stocks on dips. Market looks strong #sensex,accumulating quality stocks on dips. market looks strong #sensex,15,63,283,72349,10,,sensex,sensex,True,371
sample-0001894,sample_trader_160,2026-08-03T23:30:32+00:00,Accumulating quality stocks on dips. Market looks strong #sensex,accumulating quality stocks on dips. market looks strong #sensex,17,54,150,5153,3,nseindia,sensex,sensex,True,224
sample-0001895,sample_trader_418,2026-08-03T23:03:47+00:00,#intraday short setup; avoid aggressive buying in this volatility,#intraday short setup; avoid aggressive buying in this volatility,12,19,143,44606,13,,intraday,intraday,True,187
sample-0001896,sample_trader_256,2026-08-04T05:43:55+00:00,Watching option chain and market breadth before taking a trade #banknifty,watching option chain and market breadth before taking a trade #banknifty,9,38,208,3029,0,,banknifty,banknifty,True,255
sample-0001897,sample_trader_71,2026-08-04T05:04:41+00:00,"#NIFTY50 breakdown below support, bearish pressure increasing","#nifty50 breakdown below support, bearish pressure increasing",29,67,308,78633,3,,nifty50,nifty50,True,407
sample-0001898,sample_trader_163,2026-08-03T20:18:51+00:00,Accumulating quality stocks on dips. Market looks strong #sensex,accumulating quality stocks on dips. market looks strong #sensex,28,15,93,75601,6,,sensex,sensex,True,142
sample-0001899,sample_trader_142,2026-08-04T06:40:48+00:00,"Bank Nifty में तेजी, buyers are strong today #banknifty","bank nifty में तेजी, buyers are strong today #banknifty",9,70,386,71000,2,,banknifty,banknifty,True,467
sample-0001900,sample_trader_337,2026-08-03T12:21:21+00:00,#intraday levels posted for educational discussion only,#intraday levels posted for educational discussion only,9,12,458,52957,1,,intraday,intraday,True,480
sample-0001901,sample_trader_171,2026-08-03T08:30:49+00:00,Weak breadth and downside risk in #sensex today,weak breadth and downside risk in #sensex today,8,6,70,9060,3,,sensex,sensex,True,87
sample-0001902,sample_trader_245,2026-08-04T04:34:38+00:00,Watching option chain and market breadth before taking a trade #banknifty,watching option chain and market breadth before taking a trade #banknifty,1,60,414,47383,12,,banknifty,banknifty,True,487
sample-0001903,sample_trader_288,2026-08-03T10:57:16+00:00,"#NIFTY50 breakdown below support, bearish pressure increasing","#nifty50 breakdown below support, bearish pressure increasing",28,31,41,43836,5,,nifty50,nifty50,True,105
sample-0001904,sample_trader_416,2026-08-03T09:29:55+00:00,#NIFTY50 trading in a range; waiting for confirmation,#nifty50 trading in a range; waiting for confirmation,0,60,111,16651,5,,nifty50,nifty50,True,176
sample-0001905,sample_trader_3,2026-08-03T17:36:55+00:00,#NIFTY50 trading in a range; waiting for confirmation,#nifty50 trading in a range; waiting for confirmation,21,66,448,35873,18,,nifty50,nifty50,True,553
sample-0001906,sample_trader_122,2026-08-03T12:31:50+00:00,"#NIFTY50 breakout above support, looking bullish with target 24500","#nifty50 breakout above support, looking bullish with target 24500",1,55,108,50963,6,,nifty50,nifty50,True,170
sample-0001907,sample_trader_208,2026-08-04T03:30:27+00:00,Weak breadth and downside risk in #sensex today,weak breadth and downside risk in #sensex today,18,52,466,75853,9,,sensex,sensex,True,545
sample-0001908,sample_trader_131,2026-08-03T17:10:01+00:00,#intraday levels posted for educational discussion only,#intraday levels posted for educational discussion only,20,77,254,240,3,,intraday,intraday,True,354
sample-0001909,sample_trader_296,2026-08-04T03:47:58+00:00,"#NIFTY50 breakout above support, looking bullish with target 24500","#nifty50 breakout above support, looking bullish with target 24500",5,74,61,32658,4,,nifty50,nifty50,True,144
sample-0001910,sample_trader_375,2026-08-04T06:46:17+00:00,Accumulating quality stocks on dips. Market looks strong #sensex,accumulating quality stocks on dips. market looks strong #sensex,2,50,68,28641,8,,sensex,sensex,True,128
sample-0001911,sample_trader_108,2026-08-03T08:44:01+00:00,#NIFTY50 trading in a range; waiting for confirmation,#nifty50 trading in a range; waiting for confirmation,22,14,424,1853,13,,nifty50,nifty50,True,473
sample-0001912,sample_trader_76,2026-08-04T03:12:36+00:00,"Bank Nifty में तेजी, buyers are strong today #banknifty","bank nifty में तेजी, buyers are strong today #banknifty",23,15,444,48383,10,,banknifty,banknifty,True,492
sample-0001913,sample_trader_340,2026-08-03T16:19:22+00:00,"#NIFTY50 breakdown below support, bearish pressure increasing","#nifty50 breakdown below support, bearish pressure increasing",6,18,105,51064,11,,nifty50,nifty50,True,140
sample-0001914,sample_trader_141,2026-08-03T14:39:58+00:00,"#intraday long setup confirmed, upside possible after consolidation","#intraday long setup confirmed, upside possible after consolidation",13,6,129,450,13,,intraday,intraday,True,161
sample-0001915,sample_trader_269,2026-08-03T15:45:52+00:00,"#intraday long setup confirmed, upside possible after consolidation","#intraday long setup confirmed, upside possible after consolidation",9,26,211,14522,9,,intraday,intraday,True,255
sample-0001916,sample_trader_394,2026-08-03T16:57:04+00:00,"Bank Nifty में गिरावट, sell on rise setup #banknifty","bank nifty में गिरावट, sell on rise setup #banknifty",0,60,402,69464,2,,banknifty,banknifty,True,464
sample-0001917,sample_trader_115,2026-08-03T09:00:37+00:00,Weak breadth and downside risk in #sensex today,weak breadth and downside risk in #sensex today,14,25,352,36175,15,,sensex,sensex,True,406
sample-0001918,sample_trader_113,2026-08-03T14:58:40+00:00,"Bank Nifty में गिरावट, sell on rise setup #banknifty","bank nifty में गिरावट, sell on rise setup #banknifty",14,17,8,30776,20,,banknifty,banknifty,True,59
sample-0001919,sample_trader_138,2026-08-04T04:28:06+00:00,Accumulating quality stocks on dips. Market looks strong #sensex,accumulating quality stocks on dips. market looks strong #sensex,23,47,267,33448,3,,sensex,sensex,True,340
sample-0001920,sample_trader_11,2026-08-03T17:46:05+00:00,Watching option chain and market breadth before taking a trade #banknifty,watching option chain and market breadth before taking a trade #banknifty,2,72,490,14090,7,,banknifty,banknifty,True,571
sample-0001921,sample_trader_315,2026-08-03T12:13:30+00:00,"#NIFTY50 breakdown below support, bearish pressure increasing","#nifty50 breakdown below support, bearish pressure increasing",18,67,471,24029,20,,nifty50,nifty50,True,576
sample-0001922,sample_trader_11,2026-08-04T03:02:18+00:00,Watching option chain and market breadth before taking a trade #banknifty,watching option chain and market breadth before taking a trade #banknifty,10,70,214,74492,10,nseindia,banknifty,banknifty,True,304
sample-0001923,sample_trader_376,2026-08-04T04:31:04+00:00,"#NIFTY50 breakout above support, looking bullish with target 24500","#nifty50 breakout above support, looking bullish with target 24500",9,54,128,35693,18,,nifty50,nifty50,True,209
sample-0001924,sample_trader_195,2026-08-04T04:58:06+00:00,"Bank Nifty में गिरावट, sell on rise setup #banknifty","bank nifty में गिरावट, sell on rise setup #banknifty",15,79,100,32147,10,nseindia,banknifty,banknifty,True,204
sample-0001925,sample_trader_389,2026-08-03T15:18:15+00:00,"Bank Nifty में गिरावट, sell on rise setup #banknifty","bank nifty में गिरावट, sell on rise setup #banknifty",7,68,170,64688,7,,banknifty,banknifty,True,252
sample-0001926,sample_trader_53,2026-08-04T05:41:24+00:00,#intraday levels posted for educational discussion only,#intraday levels posted for educational discussion only,18,17,118,53885,1,,intraday,intraday,True,154
sample-0001927,sample_trader_349,2026-08-04T04:43:51+00:00,Weak breadth and downside risk in #sensex today,weak breadth and downside risk in #sensex today,17,56,367,17839,7,,sensex,sensex,True,447
sample-0001928,sample_trader_19,2026-08-04T04:56:25+00:00,"Bank Nifty में तेजी, buyers are strong today #banknifty","bank nifty में तेजी, buyers are strong today #banknifty",8,1,470,77054,13,,banknifty,banknifty,True,492
sample-0001929,sample_trader_48,2026-08-04T00:51:15+00:00,"Bank Nifty में गिरावट, sell on rise setup #banknifty","bank nifty में गिरावट, sell on rise setup #banknifty",10,30,313,15618,2,,banknifty,banknifty,True,355
sample-0001930,sample_trader_244,2026-08-04T06:51:31+00:00,"No clear setup in #sensex yet, risk management is important","no clear setup in #sensex yet, risk management is important",22,35,277,21943,0,,sensex,sensex,True,334
sample-0001931,sample_trader_170,2026-08-03T17:28:24+00:00,#intraday levels posted for educational discussion only,#intraday levels posted for educational discussion only,3,11,257,76449,7,,intraday,intraday,True,278
sample-0001932,sample_trader_357,2026-08-03T16:54:59+00:00,"Bank Nifty में गिरावट, sell on rise setup #banknifty","bank nifty में गिरावट, sell on rise setup #banknifty",11,45,385,59341,17,,banknifty,banknifty,True,458
sample-0001933,sample_trader_293,2026-08-03T09:37:51+00:00,"Bank Nifty में तेजी, buyers are strong today #banknifty","bank nifty में तेजी, buyers are strong today #banknifty",0,35,98,22603,5,,banknifty,banknifty,True,138
sample-0001934,sample_trader_108,2026-08-04T01:20:09+00:00,Accumulating quality stocks on dips. Market looks strong #sensex,accumulating quality stocks on dips. market looks strong #sensex,6,16,151,60455,1,,sensex,sensex,True,174
sample-0001935,sample_trader_61,2026-08-04T07:19:13+00:00,Accumulating quality stocks on dips. Market looks strong #sensex,accumulating quality stocks on dips. market looks strong #sensex,23,26,187,39318,13,,sensex,sensex,True,249
sample-0001936,sample_trader_194,2026-08-03T15:13:08+00:00,"#NIFTY50 breakout above support, looking bullish with target 24500","#nifty50 breakout above support, looking bullish with target 24500",0,21,191,4654,17,,nifty50,nifty50,True,229
sample-0001937,sample_trader_392,2026-08-04T05:22:42+00:00,Weak breadth and downside risk in #sensex today,weak breadth and downside risk in #sensex today,5,27,37,20200,13,,sensex,sensex,True,82
sample-0001938,sample_trader_366,2026-08-03T22:46:37+00:00,Accumulating quality stocks on dips. Market looks strong #sensex,accumulating quality stocks on dips. market looks strong #sensex,16,71,452,69631,18,,sensex,sensex,True,557
sample-0001939,sample_trader_81,2026-08-03T15:58:18+00:00,Watching option chain and market breadth before taking a trade #banknifty,watching option chain and market breadth before taking a trade #banknifty,26,76,272,74406,6,,banknifty,banknifty,True,380
sample-0001940,sample_trader_407,2026-08-03T10:13:22+00:00,#intraday short setup; avoid aggressive buying in this volatility,#intraday short setup; avoid aggressive buying in this volatility,14,35,161,34158,19,,intraday,intraday,True,229
sample-0001941,sample_trader_152,2026-08-03T17:41:29+00:00,"Bank Nifty में तेजी, buyers are strong today #banknifty","bank nifty में तेजी, buyers are strong today #banknifty",12,68,238,11980,18,,banknifty,banknifty,True,336
sample-0001942,sample_trader_378,2026-08-04T00:06:08+00:00,"#NIFTY50 breakout above support, looking bullish with target 24500","#nifty50 breakout above support, looking bullish with target 24500",22,68,486,14882,17,,nifty50,nifty50,True,593
sample-0001943,sample_trader_266,2026-08-04T06:32:36+00:00,Operator stock upper circuit fixed target 100% #sensex,operator stock upper circuit fixed target 100% #sensex,5,68,448,30432,4,,sensex,sensex,True,525
sample-0001944,sample_trader_276,2026-08-03T23:40:27+00:00,"#intraday long setup confirmed, upside possible after consolidation","#intraday long setup confirmed, upside possible after consolidation",17,10,173,68872,17,,intraday,intraday,True,217
sample-0001945,sample_trader_70,2026-08-03T12:28:54+00:00,"#NIFTY50 breakdown below support, bearish pressure increasing","#nifty50 breakdown below support, bearish pressure increasing",26,22,22,56112,15,,nifty50,nifty50,True,85
sample-0001946,sample_trader_358,2026-08-04T00:26:18+00:00,"Bank Nifty में तेजी, buyers are strong today #banknifty","bank nifty में तेजी, buyers are strong today #banknifty",20,11,265,19425,19,,banknifty,banknifty,True,315
sample-0001947,sample_trader_236,2026-08-03T20:44:56+00:00,#intraday short setup; avoid aggressive buying in this volatility,#intraday short setup; avoid aggressive buying in this volatility,5,35,433,44310,0,nseindia,intraday,intraday,True,473
sample-0001948,sample_trader_415,2026-08-04T07:35:08+00:00,"#NIFTY50 breakout above support, looking bullish with target 24500","#nifty50 breakout above support, looking bullish with target 24500",23,3,42,42320,5,,nifty50,nifty50,True,73
sample-0001949,sample_trader_353,2026-08-04T05:27:30+00:00,SURE SHOT multibagger guaranteed double money #intraday,sure shot multibagger guaranteed double money #intraday,6,61,487,12929,14,,intraday,intraday,True,568
sample-0001950,sample_trader_404,2026-08-04T06:22:57+00:00,"No clear setup in #sensex yet, risk management is important","no clear setup in #sensex yet, risk management is important",20,77,13,19681,11,,sensex,sensex,True,121
sample-0001951,sample_trader_134,2026-08-03T21:49:49+00:00,"#intraday long setup confirmed, upside possible after consolidation","#intraday long setup confirmed, upside possible after consolidation",5,10,279,19441,19,,intraday,intraday,True,313
sample-0001952,sample_trader_252,2026-08-03T22:00:39+00:00,"No clear setup in #sensex yet, risk management is important","no clear setup in #sensex yet, risk management is important",16,9,77,23082,9,,sensex,sensex,True,111
sample-0001953,sample_trader_241,2026-08-03T18:39:06+00:00,Accumulating quality stocks on dips. Market looks strong #sensex,accumulating quality stocks on dips. market looks strong #sensex,1,64,222,61301,0,nseindia,sensex,sensex,True,287
sample-0001954,sample_trader_126,2026-08-03T22:57:13+00:00,"#intraday long setup confirmed, upside possible after consolidation","#intraday long setup confirmed, upside possible after consolidation",12,44,325,44809,2,,intraday,intraday,True,383
sample-0001955,sample_trader_77,2026-08-03T13:10:08+00:00,Watching option chain and market breadth before taking a trade #banknifty,watching option chain and market breadth before taking a trade #banknifty,12,48,288,16164,7,,banknifty,banknifty,True,355
sample-0001956,sample_trader_190,2026-08-03T20:45:22+00:00,"Bank Nifty में गिरावट, sell on rise setup #banknifty","bank nifty में गिरावट, sell on rise setup #banknifty",21,6,187,40698,5,,banknifty,banknifty,True,219
sample-0001957,sample_trader_366,2026-08-03T12:20:58+00:00,"#NIFTY50 breakdown below support, bearish pressure increasing","#nifty50 breakdown below support, bearish pressure increasing",1,80,240,7001,13,,nifty50,nifty50,True,334
sample-0001958,sample_trader_182,2026-08-03T09:57:46+00:00,Weak breadth and downside risk in #sensex today,weak breadth and downside risk in #sensex today,25,2,395,68970,5,,sensex,sensex,True,427
sample-0001959,sample_trader_63,2026-08-04T06:45:22+00:00,"#intraday long setup confirmed, upside possible after consolidation","#intraday long setup confirmed, upside possible after consolidation",27,50,129,69331,3,,intraday,intraday,True,209
sample-0001960,sample_trader_321,2026-08-03T22:56:31+00:00,Watching option chain and market breadth before taking a trade #banknifty,watching option chain and market breadth before taking a trade #banknifty,23,33,492,23308,17,,banknifty,banknifty,True,565
sample-0001961,sample_trader_100,2026-08-03T13:41:31+00:00,#intraday levels posted for educational discussion only,#intraday levels posted for educational discussion only,12,24,270,8460,12,,intraday,intraday,True,318
sample-0001962,sample_trader_357,2026-08-04T03:18:54+00:00,"Bank Nifty में तेजी, buyers are strong today #banknifty","bank nifty में तेजी, buyers are strong today #banknifty",12,79,347,38736,5,,banknifty,banknifty,True,443
sample-0001963,sample_trader_153,2026-08-03T17:37:30+00:00,Operator stock upper circuit fixed target 100% #sensex,operator stock upper circuit fixed target 100% #sensex,5,2,124,55073,4,,sensex,sensex,True,135
sample-0001964,sample_trader_54,2026-08-04T00:40:48+00:00,Watching option chain and market breadth before taking a trade #banknifty,watching option chain and market breadth before taking a trade #banknifty,9,32,42,60600,1,,banknifty,banknifty,True,84
sample-0001965,sample_trader_182,2026-08-04T02:45:45+00:00,Weak breadth and downside risk in #sensex today,weak breadth and downside risk in #sensex today,30,47,387,38141,1,,sensex,sensex,True,465
sample-0001966,sample_trader_279,2026-08-03T20:05:25+00:00,Accumulating quality stocks on dips. Market looks strong #sensex,accumulating quality stocks on dips. market looks strong #sensex,21,23,150,25172,0,,sensex,sensex,True,194
sample-0001967,sample_trader_211,2026-08-03T21:15:46+00:00,"No clear setup in #sensex yet, risk management is important","no clear setup in #sensex yet, risk management is important",25,35,441,38139,16,,sensex,sensex,True,517
sample-0001968,sample_trader_375,2026-08-04T00:14:36+00:00,Watching option chain and market breadth before taking a trade #banknifty,watching option chain and market breadth before taking a trade #banknifty,3,47,123,72937,16,,banknifty,banknifty,True,189
sample-0001969,sample_trader_239,2026-08-04T03:34:44+00:00,"Bank Nifty में गिरावट, sell on rise setup #banknifty","bank nifty में गिरावट, sell on rise setup #banknifty",19,7,344,44605,1,,banknifty,banknifty,True,371
sample-0001970,sample_trader_123,2026-08-03T21:51:29+00:00,SURE SHOT multibagger guaranteed double money #intraday,sure shot multibagger guaranteed double money #intraday,6,27,106,46588,6,,intraday,intraday,True,145
sample-0001971,sample_trader_203,2026-08-04T04:01:06+00:00,"#NIFTY50 breakdown below support, bearish pressure increasing","#nifty50 breakdown below support, bearish pressure increasing",23,28,413,18585,3,,nifty50,nifty50,True,467
sample-0001972,sample_trader_239,2026-08-03T13:18:29+00:00,"No clear setup in #sensex yet, risk management is important","no clear setup in #sensex yet, risk management is important",23,15,278,6384,19,,sensex,sensex,True,335
sample-0001973,sample_trader_348,2026-08-03T09:29:51+00:00,"#intraday long setup confirmed, upside possible after consolidation","#intraday long setup confirmed, upside possible after consolidation",6,63,110,17706,12,,intraday,intraday,True,191
sample-0001974,sample_trader_18,2026-08-03T17:39:40+00:00,Accumulating quality stocks on dips. Market looks strong #sensex,accumulating quality stocks on dips. market looks strong #sensex,23,9,489,11042,19,,sensex,sensex,True,540
sample-0001975,sample_trader_49,2026-08-03T18:17:29+00:00,#intraday levels posted for educational discussion only,#intraday levels posted for educational discussion only,14,64,439,53422,17,,intraday,intraday,True,534
sample-0001976,sample_trader_95,2026-08-04T08:04:42+00:00,Watching option chain and market breadth before taking a trade #banknifty,watching option chain and market breadth before taking a trade #banknifty,6,3,415,3903,18,,banknifty,banknifty,True,442
sample-0001977,sample_trader_66,2026-08-03T12:27:05+00:00,Weak breadth and downside risk in #sensex today,weak breadth and downside risk in #sensex today,26,76,268,1769,7,,sensex,sensex,True,377
sample-0001978,sample_trader_360,2026-08-03T09:16:49+00:00,"Bank Nifty में गिरावट, sell on rise setup #banknifty","bank nifty में गिरावट, sell on rise setup #banknifty",15,33,373,37228,19,,banknifty,banknifty,True,440
sample-0001979,sample_trader_349,2026-08-03T09:51:17+00:00,Weak breadth and downside risk in #sensex today,weak breadth and downside risk in #sensex today,6,50,188,79970,11,,sensex,sensex,True,255
sample-0001980,sample_trader_310,2026-08-03T21:08:07+00:00,"#intraday long setup confirmed, upside possible after consolidation","#intraday long setup confirmed, upside possible after consolidation",2,15,445,68988,20,,intraday,intraday,True,482
sample-0001981,sample_trader_150,2026-08-03T12:50:03+00:00,Weak breadth and downside risk in #sensex today,weak breadth and downside risk in #sensex today,7,29,203,69503,15,,sensex,sensex,True,254
sample-0001982,sample_trader_100,2026-08-03T17:38:18+00:00,"Bank Nifty में तेजी, buyers are strong today #banknifty","bank nifty में तेजी, buyers are strong today #banknifty",5,20,482,28307,19,,banknifty,banknifty,True,526
sample-0001983,sample_trader_232,2026-08-03T23:43:25+00:00,"Bank Nifty में तेजी, buyers are strong today #banknifty","bank nifty में तेजी, buyers are strong today #banknifty",8,42,172,54873,2,,banknifty,banknifty,True,224
sample-0001984,sample_trader_267,2026-08-04T03:43:54+00:00,Accumulating quality stocks on dips. Market looks strong #sensex,accumulating quality stocks on dips. market looks strong #sensex,17,52,481,5666,11,,sensex,sensex,True,561
sample-0001985,sample_trader_203,2026-08-03T14:32:24+00:00,"Bank Nifty में गिरावट, sell on rise setup #banknifty","bank nifty में गिरावट, sell on rise setup #banknifty",13,55,494,6126,16,,banknifty,banknifty,True,578
sample-0001986,sample_trader_400,2026-08-03T16:56:16+00:00,"#intraday long setup confirmed, upside possible after consolidation","#intraday long setup confirmed, upside possible after consolidation",27,2,480,5575,6,,intraday,intraday,True,515
sample-0001987,sample_trader_200,2026-08-03T19:18:41+00:00,"#intraday long setup confirmed, upside possible after consolidation","#intraday long setup confirmed, upside possible after consolidation",12,77,45,3624,12,,intraday,intraday,True,146
sample-0001988,sample_trader_382,2026-08-03T20:48:08+00:00,Watching option chain and market breadth before taking a trade #banknifty,watching option chain and market breadth before taking a trade #banknifty,6,12,487,23054,6,,banknifty,banknifty,True,511
sample-0001989,sample_trader_419,2026-08-04T06:34:18+00:00,"Bank Nifty में गिरावट, sell on rise setup #banknifty","bank nifty में गिरावट, sell on rise setup #banknifty",13,65,281,24089,13,,banknifty,banknifty,True,372
sample-0001990,sample_trader_391,2026-08-03T17:00:44+00:00,#intraday levels posted for educational discussion only,#intraday levels posted for educational discussion only,17,18,318,27687,16,,intraday,intraday,True,369
sample-0001991,sample_trader_124,2026-08-04T04:14:59+00:00,Weak breadth and downside risk in #sensex today,weak breadth and downside risk in #sensex today,9,70,2,69231,14,,sensex,sensex,True,95
sample-0001992,sample_trader_245,2026-08-03T23:49:21+00:00,"Bank Nifty में गिरावट, sell on rise setup #banknifty","bank nifty में गिरावट, sell on rise setup #banknifty",27,70,377,69335,4,,banknifty,banknifty,True,478
sample-0001993,sample_trader_192,2026-08-03T08:58:41+00:00,"Bank Nifty में तेजी, buyers are strong today #banknifty","bank nifty में तेजी, buyers are strong today #banknifty",19,15,27,13481,11,,banknifty,banknifty,True,72
sample-0001994,sample_trader_189,2026-08-03T13:59:35+00:00,"Bank Nifty में तेजी, buyers are strong today #banknifty","bank nifty में तेजी, buyers are strong today #banknifty",18,74,362,8548,9,,banknifty,banknifty,True,463
sample-0001995,sample_trader_131,2026-08-03T15:58:11+00:00,"#intraday long setup confirmed, upside possible after consolidation","#intraday long setup confirmed, upside possible after consolidation",18,21,206,78411,18,,intraday,intraday,True,263
sample-0001996,sample_trader_294,2026-08-03T09:43:48+00:00,SURE SHOT multibagger guaranteed double money #intraday,sure shot multibagger guaranteed double money #intraday,25,48,445,38901,17,,intraday,intraday,True,535
sample-0001997,sample_trader_268,2026-08-04T05:12:09+00:00,"No clear setup in #sensex yet, risk management is important","no clear setup in #sensex yet, risk management is important",9,18,274,48046,18,,sensex,sensex,True,319
sample-0001998,sample_trader_170,2026-08-04T03:07:02+00:00,#NIFTY50 trading in a range; waiting for confirmation,#nifty50 trading in a range; waiting for confirmation,18,13,150,2838,16,,nifty50,nifty50,True,197
sample-0001999,sample_trader_98,2026-08-04T02:05:27+00:00,#NIFTY50 trading in a range; waiting for confirmation,#nifty50 trading in a range; waiting for confirmation,3,23,429,29282,9,,nifty50,nifty50,True,464
sample-0002000,sample_trader_287,2026-08-03T11:56:07+00:00,#intraday short setup; avoid aggressive buying in this volatility,#intraday short setup; avoid aggressive buying in this volatility,30,7,208,3059,17,,intraday,intraday,True,262
sample-0002001,sample_trader_392,2026-08-03T15:49:17+00:00,"Bank Nifty में गिरावट, sell on rise setup #banknifty","bank nifty में गिरावट, sell on rise setup #banknifty",13,3,328,57982,5,,banknifty,banknifty,True,349
sample-0002002,sample_trader_311,2026-08-03T13:32:04+00:00,#intraday short setup; avoid aggressive buying in this volatility,#intraday short setup; avoid aggressive buying in this volatility,7,41,343,79007,11,,intraday,intraday,True,402
sample-0002003,sample_trader_288,2026-08-03T08:32:12+00:00,Watching option chain and market breadth before taking a trade #banknifty,watching option chain and market breadth before taking a trade #banknifty,24,2,428,37366,0,,banknifty,banknifty,True,454
sample-0002004,sample_trader_356,2026-08-04T03:16:48+00:00,Weak breadth and downside risk in #sensex today,weak breadth and downside risk in #sensex today,18,78,222,44790,0,,sensex,sensex,True,318
sample-0002005,sample_trader_391,2026-08-03T10:58:01+00:00,"Bank Nifty में तेजी, buyers are strong today #banknifty","bank nifty में तेजी, buyers are strong today #banknifty",11,69,346,19266,13,,banknifty,banknifty,True,439
sample-0002006,sample_trader_194,2026-08-03T11:36:28+00:00,"Bank Nifty में तेजी, buyers are strong today #banknifty","bank nifty में तेजी, buyers are strong today #banknifty",11,52,322,9592,6,nseindia,banknifty,banknifty,True,391
sample-0002007,sample_trader_345,2026-08-04T04:53:22+00:00,"No clear setup in #sensex yet, risk management is important","no clear setup in #sensex yet, risk management is important",26,18,392,24991,16,,sensex,sensex,True,452
sample-0002008,sample_trader_99,2026-08-03T23:17:39+00:00,"Bank Nifty में गिरावट, sell on rise setup #banknifty","bank nifty में गिरावट, sell on rise setup #banknifty",24,34,204,71021,4,,banknifty,banknifty,True,266
sample-0002009,sample_trader_21,2026-08-03T09:40:24+00:00,#intraday short setup; avoid aggressive buying in this volatility,#intraday short setup; avoid aggressive buying in this volatility,27,3,426,21577,15,,intraday,intraday,True,471
sample-0002010,sample_trader_223,2026-08-03T13:45:23+00:00,"#NIFTY50 breakout above support, looking bullish with target 24500","#nifty50 breakout above support, looking bullish with target 24500",19,50,464,51074,2,,nifty50,nifty50,True,535
sample-0002011,sample_trader_104,2026-08-03T14:07:13+00:00,"#intraday long setup confirmed, upside possible after consolidation","#intraday long setup confirmed, upside possible after consolidation",2,10,342,25390,19,,intraday,intraday,True,373
sample-0002012,sample_trader_193,2026-08-04T06:03:21+00:00,"Bank Nifty में तेजी, buyers are strong today #banknifty","bank nifty में तेजी, buyers are strong today #banknifty",16,7,313,36651,2,,banknifty,banknifty,True,338
sample-0002013,sample_trader_28,2026-08-03T20:45:55+00:00,"No clear setup in #sensex yet, risk management is important","no clear setup in #sensex yet, risk management is important",14,52,396,23274,20,,sensex,sensex,True,482
sample-0002014,sample_trader_211,2026-08-03T09:05:23+00:00,Watching option chain and market breadth before taking a trade #banknifty,watching option chain and market breadth before taking a trade #banknifty,20,18,25,48331,7,,banknifty,banknifty,True,70
sample-0002015,sample_trader_226,2026-08-03T14:26:05+00:00,"Bank Nifty में गिरावट, sell on rise setup #banknifty","bank nifty में गिरावट, sell on rise setup #banknifty",14,76,144,51264,5,nseindia,banknifty,banknifty,True,239
sample-0002016,sample_trader_391,2026-08-03T17:47:10+00:00,#NIFTY50 trading in a range; waiting for confirmation,#nifty50 trading in a range; waiting for confirmation,27,52,343,17093,19,,nifty50,nifty50,True,441
sample-0002017,sample_trader_372,2026-08-03T14:33:01+00:00,"Bank Nifty में तेजी, buyers are strong today #banknifty","bank nifty में तेजी, buyers are strong today #banknifty",20,60,472,50443,1,,banknifty,banknifty,True,553
sample-0002018,sample_trader_12,2026-08-03T22:52:17+00:00,#NIFTY50 trading in a range; waiting for confirmation,#nifty50 trading in a range; waiting for confirmation,12,67,345,69981,8,nseindia,nifty50,nifty50,True,432
sample-0002019,sample_trader_233,2026-08-04T01:05:17+00:00,"#NIFTY50 breakout above support, looking bullish with target 24500","#nifty50 breakout above support, looking bullish with target 24500",7,11,479,17438,10,,nifty50,nifty50,True,507
sample-0002020,sample_trader_206,2026-08-03T19:54:55+00:00,Accumulating quality stocks on dips. Market looks strong #sensex,accumulating quality stocks on dips. market looks strong #sensex,3,59,278,10424,14,nseindia,sensex,sensex,True,354
sample-0002021,sample_trader_309,2026-08-04T05:36:19+00:00,Accumulating quality stocks on dips. Market looks strong #sensex,accumulating quality stocks on dips. market looks strong #sensex,5,0,194,14811,7,,sensex,sensex,True,206
sample-0002022,sample_trader_240,2026-08-04T03:38:52+00:00,"#intraday long setup confirmed, upside possible after consolidation","#intraday long setup confirmed, upside possible after consolidation",15,69,293,45265,12,,intraday,intraday,True,389
sample-0002023,sample_trader_342,2026-08-04T05:45:37+00:00,"Bank Nifty में तेजी, buyers are strong today #banknifty","bank nifty में तेजी, buyers are strong today #banknifty",17,37,157,34731,18,nseindia,banknifty,banknifty,True,229
sample-0002024,sample_trader_73,2026-08-04T06:43:37+00:00,Accumulating quality stocks on dips. Market looks strong #sensex,accumulating quality stocks on dips. market looks strong #sensex,27,50,150,66931,1,,sensex,sensex,True,228
sample-0002025,sample_trader_146,2026-08-03T22:26:24+00:00,Accumulating quality stocks on dips. Market looks strong #sensex,accumulating quality stocks on dips. market looks strong #sensex,1,30,231,26905,8,,sensex,sensex,True,270
sample-0002026,sample_trader_56,2026-08-03T13:01:04+00:00,"Bank Nifty में गिरावट, sell on rise setup #banknifty","bank nifty में गिरावट, sell on rise setup #banknifty",29,18,463,60763,15,,banknifty,banknifty,True,525
sample-0002027,sample_trader_8,2026-08-04T05:43:47+00:00,Accumulating quality stocks on dips. Market looks strong #sensex,accumulating quality stocks on dips. market looks strong #sensex,26,20,327,12143,15,,sensex,sensex,True,388
sample-0002028,sample_trader_322,2026-08-04T04:44:27+00:00,Watching option chain and market breadth before taking a trade #banknifty,watching option chain and market breadth before taking a trade #banknifty,6,33,265,55082,5,,banknifty,banknifty,True,309
sample-0002029,sample_trader_225,2026-08-03T10:23:06+00:00,"Bank Nifty में गिरावट, sell on rise setup #banknifty","bank nifty में गिरावट, sell on rise setup #banknifty",7,54,443,30410,17,,banknifty,banknifty,True,521
sample-0002030,sample_trader_349,2026-08-03T12:40:41+00:00,"#intraday long setup confirmed, upside possible after consolidation","#intraday long setup confirmed, upside possible after consolidation",10,52,14,44414,7,,intraday,intraday,True,83
sample-0002031,sample_trader_403,2026-08-03T14:31:25+00:00,#NIFTY50 trading in a range; waiting for confirmation,#nifty50 trading in a range; waiting for confirmation,22,75,278,56239,12,,nifty50,nifty50,True,387
sample-0002032,sample_trader_359,2026-08-03T15:03:06+00:00,"#intraday long setup confirmed, upside possible after consolidation","#intraday long setup confirmed, upside possible after consolidation",1,51,440,65122,7,,intraday,intraday,True,499
sample-0002033,sample_trader_187,2026-08-04T07:54:14+00:00,Watching option chain and market breadth before taking a trade #banknifty,watching option chain and market breadth before taking a trade #banknifty,24,0,192,70910,4,,banknifty,banknifty,True,220
sample-0002034,sample_trader_323,2026-08-04T00:18:52+00:00,Accumulating quality stocks on dips. Market looks strong #sensex,accumulating quality stocks on dips. market looks strong #sensex,11,41,345,20918,2,,sensex,sensex,True,399
sample-0002035,sample_trader_277,2026-08-03T20:16:05+00:00,#intraday short setup; avoid aggressive buying in this volatility,#intraday short setup; avoid aggressive buying in this volatility,14,13,351,34772,12,,intraday,intraday,True,390
sample-0002036,sample_trader_293,2026-08-04T05:49:05+00:00,"#NIFTY50 breakout above support, looking bullish with target 24500","#nifty50 breakout above support, looking bullish with target 24500",4,41,290,52207,14,,nifty50,nifty50,True,349
sample-0002037,sample_trader_221,2026-08-03T23:54:10+00:00,Accumulating quality stocks on dips. Market looks strong #sensex,accumulating quality stocks on dips. market looks strong #sensex,19,77,277,37904,17,,sensex,sensex,True,390
sample-0002038,sample_trader_170,2026-08-04T07:05:28+00:00,Accumulating quality stocks on dips. Market looks strong #sensex,accumulating quality stocks on dips. market looks strong #sensex,25,4,487,79370,7,,sensex,sensex,True,523
sample-0002039,sample_trader_367,2026-08-03T10:41:10+00:00,"No clear setup in #sensex yet, risk management is important","no clear setup in #sensex yet, risk management is important",22,32,259,38305,20,,sensex,sensex,True,333
sample-0002040,sample_trader_263,2026-08-03T10:16:02+00:00,"No clear setup in #sensex yet, risk management is important","no clear setup in #sensex yet, risk management is important",17,80,33,11061,9,,sensex,sensex,True,139
sample-0002041,sample_trader_356,2026-08-04T07:09:48+00:00,SURE SHOT multibagger guaranteed double money #intraday,sure shot multibagger guaranteed double money #intraday,20,56,46,46834,5,,intraday,intraday,True,127
sample-0002042,sample_trader_200,2026-08-03T16:10:15+00:00,"No clear setup in #sensex yet, risk management is important","no clear setup in #sensex yet, risk management is important",15,25,276,24529,0,,sensex,sensex,True,316
sample-0002043,sample_trader_400,2026-08-03T18:36:54+00:00,#NIFTY50 trading in a range; waiting for confirmation,#nifty50 trading in a range; waiting for confirmation,2,78,32,60527,15,,nifty50,nifty50,True,127
sample-0002044,sample_trader_77,2026-08-03T12:44:03+00:00,#intraday levels posted for educational discussion only,#intraday levels posted for educational discussion only,27,79,294,57258,16,,intraday,intraday,True,416
sample-0002045,sample_trader_265,2026-08-03T20:48:42+00:00,"Bank Nifty में तेजी, buyers are strong today #banknifty","bank nifty में तेजी, buyers are strong today #banknifty",18,25,252,5054,20,,banknifty,banknifty,True,315
sample-0002046,sample_trader_330,2026-08-03T17:57:16+00:00,Watching option chain and market breadth before taking a trade #banknifty,watching option chain and market breadth before taking a trade #banknifty,5,80,405,31177,11,nseindia,banknifty,banknifty,True,501
sample-0002047,sample_trader_387,2026-08-03T19:20:48+00:00,"Bank Nifty में गिरावट, sell on rise setup #banknifty","bank nifty में गिरावट, sell on rise setup #banknifty",12,48,372,43549,14,,banknifty,banknifty,True,446
sample-0002048,sample_trader_144,2026-08-04T02:21:11+00:00,"Bank Nifty में तेजी, buyers are strong today #banknifty","bank nifty में तेजी, buyers are strong today #banknifty",28,69,90,44959,11,,banknifty,banknifty,True,198
sample-0002049,sample_trader_304,2026-08-03T15:41:37+00:00,"#intraday long setup confirmed, upside possible after consolidation","#intraday long setup confirmed, upside possible after consolidation",12,25,71,46321,19,,intraday,intraday,True,127
sample-0002050,sample_trader_69,2026-08-03T09:23:08+00:00,SURE SHOT multibagger guaranteed double money #intraday,sure shot multibagger guaranteed double money #intraday,21,68,378,75554,8,,intraday,intraday,True,475
sample-0002051,sample_trader_294,2026-08-03T12:34:51+00:00,Accumulating quality stocks on dips. Market looks strong #sensex,accumulating quality stocks on dips. market looks strong #sensex,29,13,174,53121,5,,sensex,sensex,True,221
sample-0002052,sample_trader_390,2026-08-03T13:03:34+00:00,"#NIFTY50 breakdown below support, bearish pressure increasing","#nifty50 breakdown below support, bearish pressure increasing",10,61,91,45053,12,,nifty50,nifty50,True,174
sample-0002053,sample_trader_302,2026-08-03T17:46:13+00:00,#NIFTY50 trading in a range; waiting for confirmation,#nifty50 trading in a range; waiting for confirmation,7,28,175,69484,19,,nifty50,nifty50,True,229
sample-0002054,sample_trader_259,2026-08-04T00:19:39+00:00,#intraday short setup; avoid aggressive buying in this volatility,#intraday short setup; avoid aggressive buying in this volatility,3,71,363,51327,11,,intraday,intraday,True,448
sample-0002055,sample_trader_135,2026-08-03T13:34:23+00:00,Operator stock upper circuit fixed target 100% #sensex,operator stock upper circuit fixed target 100% #sensex,30,49,486,73277,10,nseindia,sensex,sensex,True,575
sample-0002056,sample_trader_134,2026-08-03T22:00:23+00:00,"#NIFTY50 breakdown below support, bearish pressure increasing","#nifty50 breakdown below support, bearish pressure increasing",7,0,99,40239,20,,nifty50,nifty50,True,126
sample-0002057,sample_trader_247,2026-08-04T04:20:44+00:00,#NIFTY50 trading in a range; waiting for confirmation,#nifty50 trading in a range; waiting for confirmation,19,61,84,6195,6,,nifty50,nifty50,True,170
sample-0002058,sample_trader_407,2026-08-03T22:40:05+00:00,"Bank Nifty में गिरावट, sell on rise setup #banknifty","bank nifty में गिरावट, sell on rise setup #banknifty",1,11,429,47789,6,,banknifty,banknifty,True,447
sample-0002059,sample_trader_233,2026-08-03T21:46:31+00:00,"Bank Nifty में तेजी, buyers are strong today #banknifty","bank nifty में तेजी, buyers are strong today #banknifty",3,41,423,43010,6,,banknifty,banknifty,True,473
sample-0002060,sample_trader_110,2026-08-03T09:54:57+00:00,"#intraday long setup confirmed, upside possible after consolidation","#intraday long setup confirmed, upside possible after consolidation",26,53,243,68800,3,,intraday,intraday,True,325
sample-0002061,sample_trader_24,2026-08-03T20:54:49+00:00,#intraday short setup; avoid aggressive buying in this volatility,#intraday short setup; avoid aggressive buying in this volatility,0,79,136,19669,20,,intraday,intraday,True,235
sample-0002062,sample_trader_398,2026-08-04T07:11:08+00:00,Weak breadth and downside risk in #sensex today,weak breadth and downside risk in #sensex today,11,22,233,50241,19,,sensex,sensex,True,285
sample-0002063,sample_trader_31,2026-08-03T12:01:25+00:00,"#intraday long setup confirmed, upside possible after consolidation","#intraday long setup confirmed, upside possible after consolidation",19,16,387,62704,0,,intraday,intraday,True,422
sample-0002064,sample_trader_270,2026-08-03T13:44:36+00:00,"#NIFTY50 breakout above support, looking bullish with target 24500","#nifty50 breakout above support, looking bullish with target 24500",17,44,205,21387,4,,nifty50,nifty50,True,270
sample-0002065,sample_trader_30,2026-08-03T17:19:04+00:00,#intraday levels posted for educational discussion only,#intraday levels posted for educational discussion only,30,41,442,76539,16,,intraday,intraday,True,529
sample-0002066,sample_trader_153,2026-08-03T22:17:21+00:00,#NIFTY50 trading in a range; waiting for confirmation,#nifty50 trading in a range; waiting for confirmation,27,21,70,64630,10,,nifty50,nifty50,True,128
sample-0002067,sample_trader_217,2026-08-03T11:02:48+00:00,"Bank Nifty में गिरावट, sell on rise setup #banknifty","bank nifty में गिरावट, sell on rise setup #banknifty",30,46,407,41642,19,,banknifty,banknifty,True,502
sample-0002068,sample_trader_315,2026-08-03T21:22:44+00:00,#NIFTY50 trading in a range; waiting for confirmation,#nifty50 trading in a range; waiting for confirmation,29,15,495,10926,13,,nifty50,nifty50,True,552
sample-0002069,sample_trader_21,2026-08-04T08:14:20+00:00,"Bank Nifty में तेजी, buyers are strong today #banknifty","bank nifty में तेजी, buyers are strong today #banknifty",1,19,410,40268,11,,banknifty,banknifty,True,441
sample-0002070,sample_trader_122,2026-08-04T05:49:05+00:00,Watching option chain and market breadth before taking a trade #banknifty,watching option chain and market breadth before taking a trade #banknifty,4,14,409,42776,10,nseindia,banknifty,banknifty,True,437
sample-0002071,sample_trader_247,2026-08-03T20:05:25+00:00,"#NIFTY50 breakout above support, looking bullish with target 24500","#nifty50 breakout above support, looking bullish with target 24500",1,66,104,55845,17,,nifty50,nifty50,True,188
sample-0002072,sample_trader_146,2026-08-03T21:25:31+00:00,Accumulating quality stocks on dips. Market looks strong #sensex,accumulating quality stocks on dips. market looks strong #sensex,27,66,268,50259,12,,sensex,sensex,True,373
sample-0002073,sample_trader_354,2026-08-03T14:16:39+00:00,#intraday levels posted for educational discussion only,#intraday levels posted for educational discussion only,29,28,216,58901,20,,intraday,intraday,True,293
sample-0002074,sample_trader_383,2026-08-04T03:00:58+00:00,Weak breadth and downside risk in #sensex today,weak breadth and downside risk in #sensex today,0,16,187,67593,5,,sensex,sensex,True,208
sample-0002075,sample_trader_270,2026-08-04T05:55:59+00:00,Weak breadth and downside risk in #sensex today,weak breadth and downside risk in #sensex today,6,22,362,71269,3,,sensex,sensex,True,393
sample-0002076,sample_trader_103,2026-08-04T03:52:07+00:00,"#NIFTY50 breakout above support, looking bullish with target 24500","#nifty50 breakout above support, looking bullish with target 24500",19,18,449,978,20,,nifty50,nifty50,True,506
sample-0002077,sample_trader_379,2026-08-03T18:44:06+00:00,"Bank Nifty में तेजी, buyers are strong today #banknifty","bank nifty में तेजी, buyers are strong today #banknifty",0,11,266,32129,13,,banknifty,banknifty,True,290
sample-0002078,sample_trader_238,2026-08-03T12:20:31+00:00,Accumulating quality stocks on dips. Market looks strong #sensex,accumulating quality stocks on dips. market looks strong #sensex,11,3,272,21684,15,,sensex,sensex,True,301
sample-0002079,sample_trader_403,2026-08-04T02:01:28+00:00,"Bank Nifty में तेजी, buyers are strong today #banknifty","bank nifty में तेजी, buyers are strong today #banknifty",5,44,245,60901,10,,banknifty,banknifty,True,304
sample-0002080,sample_trader_70,2026-08-03T14:51:03+00:00,#intraday short setup; avoid aggressive buying in this volatility,#intraday short setup; avoid aggressive buying in this volatility,12,19,441,74920,1,,intraday,intraday,True,473
sample-0002081,sample_trader_419,2026-08-03T13:51:52+00:00,#intraday levels posted for educational discussion only,#intraday levels posted for educational discussion only,24,58,195,72637,7,,intraday,intraday,True,284
sample-0002082,sample_trader_94,2026-08-03T12:27:53+00:00,"Bank Nifty में गिरावट, sell on rise setup #banknifty","bank nifty में गिरावट, sell on rise setup #banknifty",22,56,491,15900,20,,banknifty,banknifty,True,589
sample-0002083,sample_trader_102,2026-08-04T00:38:11+00:00,"#NIFTY50 breakout above support, looking bullish with target 24500","#nifty50 breakout above support, looking bullish with target 24500",14,27,474,74038,20,,nifty50,nifty50,True,535
sample-0002084,sample_trader_94,2026-08-03T20:36:14+00:00,"#intraday long setup confirmed, upside possible after consolidation","#intraday long setup confirmed, upside possible after consolidation",5,19,295,74351,19,,intraday,intraday,True,338
sample-0002085,sample_trader_376,2026-08-04T04:47:47+00:00,Weak breadth and downside risk in #sensex today,weak breadth and downside risk in #sensex today,13,41,336,76750,2,,sensex,sensex,True,392
sample-0002086,sample_trader_86,2026-08-03T23:51:28+00:00,"#intraday long setup confirmed, upside possible after consolidation","#intraday long setup confirmed, upside possible after consolidation",10,46,359,32099,18,,intraday,intraday,True,433
sample-0002087,sample_trader_285,2026-08-03T20:48:31+00:00,"No clear setup in #sensex yet, risk management is important","no clear setup in #sensex yet, risk management is important",30,39,136,54821,3,,sensex,sensex,True,208
sample-0002088,sample_trader_113,2026-08-03T14:30:49+00:00,Operator stock upper circuit fixed target 100% #sensex,operator stock upper circuit fixed target 100% #sensex,5,50,148,32442,0,,sensex,sensex,True,203
sample-0002089,sample_trader_416,2026-08-03T11:26:12+00:00,"#NIFTY50 breakdown below support, bearish pressure increasing","#nifty50 breakdown below support, bearish pressure increasing",30,63,312,15317,5,,nifty50,nifty50,True,410
sample-0002090,sample_trader_96,2026-08-04T08:22:08+00:00,"No clear setup in #sensex yet, risk management is important","no clear setup in #sensex yet, risk management is important",18,22,225,9209,5,nseindia,sensex,sensex,True,270
sample-0002091,sample_trader_255,2026-08-03T13:16:46+00:00,"#intraday long setup confirmed, upside possible after consolidation","#intraday long setup confirmed, upside possible after consolidation",23,14,109,64318,10,,intraday,intraday,True,156
sample-0002092,sample_trader_77,2026-08-04T03:42:34+00:00,#intraday levels posted for educational discussion only,#intraday levels posted for educational discussion only,0,12,68,47800,12,,intraday,intraday,True,92
sample-0002093,sample_trader_20,2026-08-04T02:09:30+00:00,"#intraday long setup confirmed, upside possible after consolidation","#intraday long setup confirmed, upside possible after consolidation",28,5,135,72691,15,,intraday,intraday,True,183
sample-0002094,sample_trader_351,2026-08-03T19:44:55+00:00,Watching option chain and market breadth before taking a trade #banknifty,watching option chain and market breadth before taking a trade #banknifty,6,47,341,67464,11,,banknifty,banknifty,True,405
sample-0002095,sample_trader_409,2026-08-04T06:15:01+00:00,SURE SHOT multibagger guaranteed double money #intraday,sure shot multibagger guaranteed double money #intraday,26,5,103,2322,8,,intraday,intraday,True,142
sample-0002096,sample_trader_42,2026-08-03T08:58:06+00:00,"#intraday long setup confirmed, upside possible after consolidation","#intraday long setup confirmed, upside possible after consolidation",26,73,437,75265,10,,intraday,intraday,True,546
sample-0002097,sample_trader_108,2026-08-04T02:31:55+00:00,"#NIFTY50 breakout above support, looking bullish with target 24500","#nifty50 breakout above support, looking bullish with target 24500",27,73,460,12314,0,,nifty50,nifty50,True,560
sample-0002098,sample_trader_384,2026-08-03T11:05:57+00:00,Operator stock upper circuit fixed target 100% #sensex,operator stock upper circuit fixed target 100% #sensex,11,3,47,39737,6,,sensex,sensex,True,67
sample-0002099,sample_trader_314,2026-08-04T06:24:10+00:00,Operator stock upper circuit fixed target 100% #sensex,operator stock upper circuit fixed target 100% #sensex,26,25,466,693,18,,sensex,sensex,True,535
sample-0002100,sample_trader_352,2026-08-04T00:48:21+00:00,"No clear setup in #sensex yet, risk management is important","no clear setup in #sensex yet, risk management is important",18,63,47,79833,3,,sensex,sensex,True,131
sample-0002101,sample_trader_60,2026-08-04T02:56:25+00:00,"#intraday long setup confirmed, upside possible after consolidation","#intraday long setup confirmed, upside possible after consolidation",6,20,60,60388,13,,intraday,intraday,True,99
sample-0002102,sample_trader_311,2026-08-04T04:16:25+00:00,"#NIFTY50 breakout above support, looking bullish with target 24500","#nifty50 breakout above support, looking bullish with target 24500",24,11,59,14823,12,,nifty50,nifty50,True,106
sample-0002103,sample_trader_62,2026-08-04T06:56:35+00:00,"#NIFTY50 breakout above support, looking bullish with target 24500","#nifty50 breakout above support, looking bullish with target 24500",19,4,228,17874,10,,nifty50,nifty50,True,261
sample-0002104,sample_trader_102,2026-08-03T23:24:46+00:00,Watching option chain and market breadth before taking a trade #banknifty,watching option chain and market breadth before taking a trade #banknifty,29,79,382,28111,1,,banknifty,banknifty,True,491
sample-0002105,sample_trader_173,2026-08-03T18:37:16+00:00,"#NIFTY50 breakout above support, looking bullish with target 24500","#nifty50 breakout above support, looking bullish with target 24500",6,68,6,23490,14,,nifty50,nifty50,True,94
sample-0002106,sample_trader_392,2026-08-04T03:01:08+00:00,#intraday short setup; avoid aggressive buying in this volatility,#intraday short setup; avoid aggressive buying in this volatility,25,36,90,13217,2,,intraday,intraday,True,153
sample-0002107,sample_trader_269,2026-08-03T09:41:55+00:00,#intraday levels posted for educational discussion only,#intraday levels posted for educational discussion only,4,43,440,1195,18,,intraday,intraday,True,505
sample-0002108,sample_trader_147,2026-08-03T10:45:19+00:00,"#NIFTY50 breakout above support, looking bullish with target 24500","#nifty50 breakout above support, looking bullish with target 24500",12,16,8,77566,6,,nifty50,nifty50,True,42
sample-0002109,sample_trader_405,2026-08-03T18:36:48+00:00,#intraday short setup; avoid aggressive buying in this volatility,#intraday short setup; avoid aggressive buying in this volatility,2,0,412,28180,18,,intraday,intraday,True,432
sample-0002110,sample_trader_398,2026-08-04T07:50:41+00:00,"#NIFTY50 breakout above support, looking bullish with target 24500","#nifty50 breakout above support, looking bullish with target 24500",3,29,496,59521,3,,nifty50,nifty50,True,531
sample-0002111,sample_trader_282,2026-08-03T19:23:44+00:00,"#NIFTY50 breakout above support, looking bullish with target 24500","#nifty50 breakout above support, looking bullish with target 24500",10,69,187,50823,9,,nifty50,nifty50,True,275
sample-0002112,sample_trader_133,2026-08-04T07:28:56+00:00,"#NIFTY50 breakout above support, looking bullish with target 24500","#nifty50 breakout above support, looking bullish with target 24500",30,9,454,20519,0,,nifty50,nifty50,True,493
sample-0002113,sample_trader_64,2026-08-03T17:05:08+00:00,"No clear setup in #sensex yet, risk management is important","no clear setup in #sensex yet, risk management is important",11,78,82,62874,7,,sensex,sensex,True,178
sample-0002114,sample_trader_307,2026-08-04T02:24:36+00:00,"Bank Nifty में गिरावट, sell on rise setup #banknifty","bank nifty में गिरावट, sell on rise setup #banknifty",19,7,226,11240,13,,banknifty,banknifty,True,265
sample-0002115,sample_trader_117,2026-08-03T17:27:14+00:00,Watching option chain and market breadth before taking a trade #banknifty,watching option chain and market breadth before taking a trade #banknifty,4,16,440,36933,16,,banknifty,banknifty,True,476
sample-0002116,sample_trader_134,2026-08-03T20:50:11+00:00,Accumulating quality stocks on dips. Market looks strong #sensex,accumulating quality stocks on dips. market looks strong #sensex,30,20,423,1043,7,,sensex,sensex,True,480
sample-0002117,sample_trader_31,2026-08-03T23:22:32+00:00,Weak breadth and downside risk in #sensex today,weak breadth and downside risk in #sensex today,3,2,315,47653,12,,sensex,sensex,True,332
sample-0002118,sample_trader_217,2026-08-03T19:02:52+00:00,#NIFTY50 trading in a range; waiting for confirmation,#nifty50 trading in a range; waiting for confirmation,28,39,318,8554,11,,nifty50,nifty50,True,396
sample-0002119,sample_trader_218,2026-08-03T22:05:19+00:00,Weak breadth and downside risk in #sensex today,weak breadth and downside risk in #sensex today,26,22,484,32306,8,,sensex,sensex,True,540
sample-0002120,sample_trader_237,2026-08-03T23:19:28+00:00,Accumulating quality stocks on dips. Market looks strong #sensex,accumulating quality stocks on dips. market looks strong #sensex,13,0,56,5833,17,nseindia,sensex,sensex,True,86
sample-0002121,sample_trader_107,2026-08-04T07:03:24+00:00,"#intraday long setup confirmed, upside possible after consolidation","#intraday long setup confirmed, upside possible after consolidation",0,52,283,30177,3,,intraday,intraday,True,338
sample-0002122,sample_trader_83,2026-08-03T14:39:48+00:00,"Bank Nifty में गिरावट, sell on rise setup #banknifty","bank nifty में गिरावट, sell on rise setup #banknifty",13,66,21,71402,0,,banknifty,banknifty,True,100
sample-0002123,sample_trader_76,2026-08-04T04:33:23+00:00,#intraday short setup; avoid aggressive buying in this volatility,#intraday short setup; avoid aggressive buying in this volatility,18,3,444,14229,10,,intraday,intraday,True,475
sample-0002124,sample_trader_261,2026-08-04T01:20:58+00:00,Watching option chain and market breadth before taking a trade #banknifty,watching option chain and market breadth before taking a trade #banknifty,1,52,231,13375,7,nseindia,banknifty,banknifty,True,291
sample-0002125,sample_trader_25,2026-08-04T05:33:53+00:00,Accumulating quality stocks on dips. Market looks strong #sensex,accumulating quality stocks on dips. market looks strong #sensex,26,36,184,69609,8,,sensex,sensex,True,254
sample-0002126,sample_trader_59,2026-08-04T02:05:45+00:00,"#NIFTY50 breakout above support, looking bullish with target 24500","#nifty50 breakout above support, looking bullish with target 24500",22,25,12,2334,18,,nifty50,nifty50,True,77
sample-0002127,sample_trader_219,2026-08-03T16:11:55+00:00,Weak breadth and downside risk in #sensex today,weak breadth and downside risk in #sensex today,22,54,305,33310,15,nseindia,sensex,sensex,True,396
sample-0002128,sample_trader_102,2026-08-03T20:18:54+00:00,"#intraday long setup confirmed, upside possible after consolidation","#intraday long setup confirmed, upside possible after consolidation",21,25,310,52816,5,,intraday,intraday,True,361
sample-0002129,sample_trader_202,2026-08-03T16:32:20+00:00,#NIFTY50 trading in a range; waiting for confirmation,#nifty50 trading in a range; waiting for confirmation,13,19,40,46349,18,nseindia,nifty50,nifty50,True,90
sample-0002130,sample_trader_10,2026-08-03T15:10:21+00:00,"#intraday long setup confirmed, upside possible after consolidation","#intraday long setup confirmed, upside possible after consolidation",1,7,136,52869,13,,intraday,intraday,True,157
sample-0002131,sample_trader_302,2026-08-03T09:38:40+00:00,#intraday short setup; avoid aggressive buying in this volatility,#intraday short setup; avoid aggressive buying in this volatility,0,8,407,15317,1,,intraday,intraday,True,416
sample-0002132,sample_trader_130,2026-08-04T03:56:25+00:00,#intraday levels posted for educational discussion only,#intraday levels posted for educational discussion only,1,2,383,34481,18,,intraday,intraday,True,404
sample-0002133,sample_trader_388,2026-08-03T11:58:17+00:00,#intraday levels posted for educational discussion only,#intraday levels posted for educational discussion only,22,80,356,35381,18,nseindia,intraday,intraday,True,476
sample-0002134,sample_trader_402,2026-08-03T20:56:14+00:00,"#intraday long setup confirmed, upside possible after consolidation","#intraday long setup confirmed, upside possible after consolidation",5,5,130,79853,16,nseindia,intraday,intraday,True,156
sample-0002135,sample_trader_307,2026-08-03T08:55:31+00:00,Watching option chain and market breadth before taking a trade #banknifty,watching option chain and market breadth before taking a trade #banknifty,26,63,475,51823,19,,banknifty,banknifty,True,583
sample-0002136,sample_trader_34,2026-08-03T08:52:22+00:00,#intraday levels posted for educational discussion only,#intraday levels posted for educational discussion only,6,59,302,57592,3,,intraday,intraday,True,370
sample-0002137,sample_trader_211,2026-08-04T04:45:04+00:00,"#NIFTY50 breakdown below support, bearish pressure increasing","#nifty50 breakdown below support, bearish pressure increasing",29,48,489,13101,4,,nifty50,nifty50,True,570
sample-0002138,sample_trader_246,2026-08-03T14:48:28+00:00,Weak breadth and downside risk in #sensex today,weak breadth and downside risk in #sensex today,18,34,127,30628,5,,sensex,sensex,True,184
sample-0002139,sample_trader_378,2026-08-04T00:47:13+00:00,#intraday short setup; avoid aggressive buying in this volatility,#intraday short setup; avoid aggressive buying in this volatility,22,65,342,77510,19,,intraday,intraday,True,448
sample-0002140,sample_trader_229,2026-08-03T10:14:15+00:00,#NIFTY50 trading in a range; waiting for confirmation,#nifty50 trading in a range; waiting for confirmation,25,1,34,34667,5,,nifty50,nifty50,True,65
sample-0002141,sample_trader_240,2026-08-04T00:39:46+00:00,"#NIFTY50 breakout above support, looking bullish with target 24500","#nifty50 breakout above support, looking bullish with target 24500",1,65,235,70901,5,,nifty50,nifty50,True,306
sample-0002142,sample_trader_339,2026-08-04T02:42:04+00:00,Weak breadth and downside risk in #sensex today,weak breadth and downside risk in #sensex today,21,3,322,34062,3,,sensex,sensex,True,349
sample-0002143,sample_trader_190,2026-08-03T23:54:11+00:00,"No clear setup in #sensex yet, risk management is important","no clear setup in #sensex yet, risk management is important",21,78,292,67284,19,,sensex,sensex,True,410
sample-0002144,sample_trader_58,2026-08-04T03:07:45+00:00,Watching option chain and market breadth before taking a trade #banknifty,watching option chain and market breadth before taking a trade #banknifty,2,56,492,2987,17,,banknifty,banknifty,True,567
sample-0002145,sample_trader_16,2026-08-03T13:57:47+00:00,Watching option chain and market breadth before taking a trade #banknifty,watching option chain and market breadth before taking a trade #banknifty,26,9,496,71696,12,,banknifty,banknifty,True,543
sample-0002146,sample_trader_389,2026-08-04T02:36:55+00:00,#intraday short setup; avoid aggressive buying in this volatility,#intraday short setup; avoid aggressive buying in this volatility,3,57,484,46718,16,,intraday,intraday,True,560
sample-0002147,sample_trader_192,2026-08-03T14:00:47+00:00,Accumulating quality stocks on dips. Market looks strong #sensex,accumulating quality stocks on dips. market looks strong #sensex,14,1,276,22669,1,,sensex,sensex,True,292
sample-0002148,sample_trader_243,2026-08-03T17:13:09+00:00,"#NIFTY50 breakdown below support, bearish pressure increasing","#nifty50 breakdown below support, bearish pressure increasing",10,60,341,12331,5,,nifty50,nifty50,True,416
sample-0002149,sample_trader_305,2026-08-03T21:33:37+00:00,"#NIFTY50 breakdown below support, bearish pressure increasing","#nifty50 breakdown below support, bearish pressure increasing",12,11,391,11064,5,,nifty50,nifty50,True,419
sample-0002150,sample_trader_308,2026-08-04T02:26:48+00:00,#intraday levels posted for educational discussion only,#intraday levels posted for educational discussion only,21,54,286,66200,4,,intraday,intraday,True,365
sample-0002151,sample_trader_26,2026-08-03T09:19:59+00:00,"Bank Nifty में गिरावट, sell on rise setup #banknifty","bank nifty में गिरावट, sell on rise setup #banknifty",8,5,301,46533,7,,banknifty,banknifty,True,321
sample-0002152,sample_trader_217,2026-08-03T11:18:51+00:00,"#NIFTY50 breakdown below support, bearish pressure increasing","#nifty50 breakdown below support, bearish pressure increasing",3,45,218,5819,15,,nifty50,nifty50,True,281
sample-0002153,sample_trader_250,2026-08-04T02:01:17+00:00,Operator stock upper circuit fixed target 100% #sensex,operator stock upper circuit fixed target 100% #sensex,9,70,285,29427,10,,sensex,sensex,True,374
sample-0002154,sample_trader_298,2026-08-03T15:42:36+00:00,Weak breadth and downside risk in #sensex today,weak breadth and downside risk in #sensex today,25,50,93,38434,20,nseindia,sensex,sensex,True,188
sample-0002155,sample_trader_145,2026-08-03T09:10:40+00:00,"No clear setup in #sensex yet, risk management is important","no clear setup in #sensex yet, risk management is important",26,78,192,50346,17,,sensex,sensex,True,313
sample-0002156,sample_trader_137,2026-08-04T07:32:02+00:00,"#NIFTY50 breakdown below support, bearish pressure increasing","#nifty50 breakdown below support, bearish pressure increasing",14,65,159,19932,2,,nifty50,nifty50,True,240
sample-0002157,sample_trader_198,2026-08-04T04:44:44+00:00,"Bank Nifty में तेजी, buyers are strong today #banknifty","bank nifty में तेजी, buyers are strong today #banknifty",4,20,477,46655,18,,banknifty,banknifty,True,519
sample-0002158,sample_trader_278,2026-08-03T22:26:47+00:00,SURE SHOT multibagger guaranteed double money #intraday,sure shot multibagger guaranteed double money #intraday,17,16,0,65917,18,,intraday,intraday,True,51
sample-0002159,sample_trader_205,2026-08-03T13:00:07+00:00,Accumulating quality stocks on dips. Market looks strong #sensex,accumulating quality stocks on dips. market looks strong #sensex,17,64,116,5435,13,,sensex,sensex,True,210
sample-0002160,sample_trader_78,2026-08-03T15:00:28+00:00,"#NIFTY50 breakdown below support, bearish pressure increasing","#nifty50 breakdown below support, bearish pressure increasing",24,67,227,78947,18,nseindia,nifty50,nifty50,True,336
sample-0002161,sample_trader_154,2026-08-04T05:13:11+00:00,"Bank Nifty में तेजी, buyers are strong today #banknifty","bank nifty में तेजी, buyers are strong today #banknifty",2,27,424,14854,18,,banknifty,banknifty,True,471
sample-0002162,sample_trader_328,2026-08-03T10:37:58+00:00,"#intraday long setup confirmed, upside possible after consolidation","#intraday long setup confirmed, upside possible after consolidation",26,20,420,26863,13,,intraday,intraday,True,479
sample-0002163,sample_trader_1,2026-08-03T17:37:31+00:00,"Bank Nifty में तेजी, buyers are strong today #banknifty","bank nifty में तेजी, buyers are strong today #banknifty",10,23,127,5789,8,,banknifty,banknifty,True,168
sample-0002164,sample_trader_171,2026-08-03T17:52:52+00:00,#NIFTY50 trading in a range; waiting for confirmation,#nifty50 trading in a range; waiting for confirmation,24,2,465,21752,11,,nifty50,nifty50,True,502
sample-0002165,sample_trader_75,2026-08-03T14:25:22+00:00,"Bank Nifty में गिरावट, sell on rise setup #banknifty","bank nifty में गिरावट, sell on rise setup #banknifty",8,15,315,12811,13,,banknifty,banknifty,True,351
sample-0002166,sample_trader_141,2026-08-03T21:56:21+00:00,Accumulating quality stocks on dips. Market looks strong #sensex,accumulating quality stocks on dips. market looks strong #sensex,0,72,213,52749,2,,sensex,sensex,True,287
sample-0002167,sample_trader_65,2026-08-03T13:41:15+00:00,"No clear setup in #sensex yet, risk management is important","no clear setup in #sensex yet, risk management is important",22,33,304,70598,18,,sensex,sensex,True,377
sample-0002168,sample_trader_278,2026-08-03T12:33:43+00:00,SURE SHOT multibagger guaranteed double money #intraday,sure shot multibagger guaranteed double money #intraday,30,0,443,52571,14,,intraday,intraday,True,487
sample-0002169,sample_trader_41,2026-08-03T22:34:55+00:00,"Bank Nifty में तेजी, buyers are strong today #banknifty","bank nifty में तेजी, buyers are strong today #banknifty",14,34,211,67810,3,,banknifty,banknifty,True,262
sample-0002170,sample_trader_321,2026-08-03T18:06:10+00:00,"#NIFTY50 breakdown below support, bearish pressure increasing","#nifty50 breakdown below support, bearish pressure increasing",12,33,279,55386,19,,nifty50,nifty50,True,343
sample-0002171,sample_trader_203,2026-08-03T11:17:07+00:00,#intraday levels posted for educational discussion only,#intraday levels posted for educational discussion only,22,79,281,57767,9,,intraday,intraday,True,391
sample-0002172,sample_trader_168,2026-08-04T05:10:45+00:00,"#NIFTY50 breakdown below support, bearish pressure increasing","#nifty50 breakdown below support, bearish pressure increasing",10,75,133,41148,1,,nifty50,nifty50,True,219
sample-0002173,sample_trader_348,2026-08-03T10:39:14+00:00,#intraday levels posted for educational discussion only,#intraday levels posted for educational discussion only,5,7,432,62670,11,,intraday,intraday,True,455
sample-0002174,sample_trader_59,2026-08-03T19:40:40+00:00,"#NIFTY50 breakdown below support, bearish pressure increasing","#nifty50 breakdown below support, bearish pressure increasing",2,60,40,55425,1,,nifty50,nifty50,True,103
sample-0002175,sample_trader_216,2026-08-04T00:55:30+00:00,"No clear setup in #sensex yet, risk management is important","no clear setup in #sensex yet, risk management is important",10,31,210,16534,3,,sensex,sensex,True,254
sample-0002176,sample_trader_307,2026-08-03T18:54:31+00:00,"#NIFTY50 breakdown below support, bearish pressure increasing","#nifty50 breakdown below support, bearish pressure increasing",1,48,248,1056,1,nseindia,nifty50,nifty50,True,298
sample-0002177,sample_trader_153,2026-08-04T03:31:10+00:00,Operator stock upper circuit fixed target 100% #sensex,operator stock upper circuit fixed target 100% #sensex,16,74,128,23502,1,,sensex,sensex,True,219
sample-0002178,sample_trader_403,2026-08-03T22:29:30+00:00,"#NIFTY50 breakdown below support, bearish pressure increasing","#nifty50 breakdown below support, bearish pressure increasing",28,71,314,57054,13,,nifty50,nifty50,True,426
sample-0002179,sample_trader_135,2026-08-03T16:35:59+00:00,"#intraday long setup confirmed, upside possible after consolidation","#intraday long setup confirmed, upside possible after consolidation",5,1,419,40779,10,,intraday,intraday,True,435
sample-0002180,sample_trader_175,2026-08-03T16:20:03+00:00,#intraday short setup; avoid aggressive buying in this volatility,#intraday short setup; avoid aggressive buying in this volatility,17,3,292,59113,9,,intraday,intraday,True,321
sample-0002181,sample_trader_413,2026-08-03T14:01:43+00:00,Accumulating quality stocks on dips. Market looks strong #sensex,accumulating quality stocks on dips. market looks strong #sensex,19,3,217,17201,7,,sensex,sensex,True,246
sample-0002182,sample_trader_196,2026-08-03T17:44:30+00:00,#intraday short setup; avoid aggressive buying in this volatility,#intraday short setup; avoid aggressive buying in this volatility,25,16,437,24209,13,,intraday,intraday,True,491
sample-0002183,sample_trader_204,2026-08-04T04:31:12+00:00,Weak breadth and downside risk in #sensex today,weak breadth and downside risk in #sensex today,20,42,309,79773,11,,sensex,sensex,True,382
sample-0002184,sample_trader_83,2026-08-03T16:58:30+00:00,"#intraday long setup confirmed, upside possible after consolidation","#intraday long setup confirmed, upside possible after consolidation",27,23,60,22975,4,,intraday,intraday,True,114
sample-0002185,sample_trader_356,2026-08-03T15:03:00+00:00,#NIFTY50 trading in a range; waiting for confirmation,#nifty50 trading in a range; waiting for confirmation,21,60,159,52640,4,,nifty50,nifty50,True,244
sample-0002186,sample_trader_15,2026-08-03T18:15:44+00:00,#intraday levels posted for educational discussion only,#intraday levels posted for educational discussion only,3,10,90,36872,3,,intraday,intraday,True,106
sample-0002187,sample_trader_409,2026-08-03T13:02:46+00:00,#NIFTY50 trading in a range; waiting for confirmation,#nifty50 trading in a range; waiting for confirmation,16,49,30,852,17,nseindia,nifty50,nifty50,True,112
sample-0002188,sample_trader_365,2026-08-03T14:56:49+00:00,"No clear setup in #sensex yet, risk management is important","no clear setup in #sensex yet, risk management is important",15,71,65,25724,2,,sensex,sensex,True,153
sample-0002189,sample_trader_403,2026-08-03T16:17:53+00:00,"No clear setup in #sensex yet, risk management is important","no clear setup in #sensex yet, risk management is important",28,1,476,35858,14,,sensex,sensex,True,519
sample-0002190,sample_trader_327,2026-08-04T02:29:30+00:00,Weak breadth and downside risk in #sensex today,weak breadth and downside risk in #sensex today,25,54,38,19353,3,,sensex,sensex,True,120
sample-0002191,sample_trader_129,2026-08-03T13:12:55+00:00,"#intraday long setup confirmed, upside possible after consolidation","#intraday long setup confirmed, upside possible after consolidation",7,61,175,29931,13,,intraday,intraday,True,256
sample-0002192,sample_trader_25,2026-08-03T13:05:12+00:00,Watching option chain and market breadth before taking a trade #banknifty,watching option chain and market breadth before taking a trade #banknifty,14,70,179,22175,11,,banknifty,banknifty,True,274
sample-0002193,sample_trader_66,2026-08-03T21:11:19+00:00,#NIFTY50 trading in a range; waiting for confirmation,#nifty50 trading in a range; waiting for confirmation,3,71,355,30532,16,,nifty50,nifty50,True,445
sample-0002194,sample_trader_25,2026-08-03T22:41:47+00:00,"#NIFTY50 breakdown below support, bearish pressure increasing","#nifty50 breakdown below support, bearish pressure increasing",1,54,130,40092,20,,nifty50,nifty50,True,205
sample-0002195,sample_trader_379,2026-08-03T20:08:27+00:00,Operator stock upper circuit fixed target 100% #sensex,operator stock upper circuit fixed target 100% #sensex,4,25,432,10103,3,,sensex,sensex,True,464
sample-0002196,sample_trader_147,2026-08-03T16:10:32+00:00,"#NIFTY50 breakout above support, looking bullish with target 24500","#nifty50 breakout above support, looking bullish with target 24500",24,68,314,64439,19,,nifty50,nifty50,True,425
sample-0002197,sample_trader_397,2026-08-03T16:30:20+00:00,"Bank Nifty में तेजी, buyers are strong today #banknifty","bank nifty में तेजी, buyers are strong today #banknifty",12,26,124,38515,20,,banknifty,banknifty,True,182
sample-0002198,sample_trader_16,2026-08-04T02:17:15+00:00,Accumulating quality stocks on dips. Market looks strong #sensex,accumulating quality stocks on dips. market looks strong #sensex,6,71,275,49792,5,,sensex,sensex,True,357
sample-0002199,sample_trader_336,2026-08-04T08:00:27+00:00,"No clear setup in #sensex yet, risk management is important","no clear setup in #sensex yet, risk management is important",17,7,410,8867,19,,sensex,sensex,True,453
sample-0002200,sample_trader_169,2026-08-03T23:11:06+00:00,"#intraday long setup confirmed, upside possible after consolidation","#intraday long setup confirmed, upside possible after consolidation",22,24,16,50724,19,,intraday,intraday,True,81
sample-0002201,sample_trader_258,2026-08-03T12:36:44+00:00,Accumulating quality stocks on dips. Market looks strong #sensex,accumulating quality stocks on dips. market looks strong #sensex,26,18,136,30122,10,,sensex,sensex,True,190
sample-0002202,sample_trader_359,2026-08-04T07:09:53+00:00,#intraday short setup; avoid aggressive buying in this volatility,#intraday short setup; avoid aggressive buying in this volatility,25,13,263,9110,12,,intraday,intraday,True,313
sample-0002203,sample_trader_35,2026-08-03T13:44:45+00:00,#NIFTY50 trading in a range; waiting for confirmation,#nifty50 trading in a range; waiting for confirmation,26,54,176,22627,8,,nifty50,nifty50,True,264
sample-0002204,sample_trader_219,2026-08-03T22:55:54+00:00,#intraday short setup; avoid aggressive buying in this volatility,#intraday short setup; avoid aggressive buying in this volatility,1,68,107,70184,11,,intraday,intraday,True,187
sample-0002205,sample_trader_361,2026-08-03T16:04:14+00:00,"No clear setup in #sensex yet, risk management is important","no clear setup in #sensex yet, risk management is important",25,70,54,2090,20,,sensex,sensex,True,169
sample-0002206,sample_trader_306,2026-08-03T09:01:56+00:00,"#NIFTY50 breakdown below support, bearish pressure increasing","#nifty50 breakdown below support, bearish pressure increasing",3,18,274,59883,16,,nifty50,nifty50,True,311
sample-0002207,sample_trader_291,2026-08-03T09:49:01+00:00,"#NIFTY50 breakdown below support, bearish pressure increasing","#nifty50 breakdown below support, bearish pressure increasing",18,54,300,69215,16,,nifty50,nifty50,True,388
sample-0002208,sample_trader_162,2026-08-03T21:19:23+00:00,"No clear setup in #sensex yet, risk management is important","no clear setup in #sensex yet, risk management is important",15,74,359,17462,15,,sensex,sensex,True,463
sample-0002209,sample_trader_193,2026-08-03T23:13:35+00:00,#NIFTY50 trading in a range; waiting for confirmation,#nifty50 trading in a range; waiting for confirmation,7,4,414,11786,19,,nifty50,nifty50,True,444
sample-0002210,sample_trader_138,2026-08-04T02:05:39+00:00,"#NIFTY50 breakdown below support, bearish pressure increasing","#nifty50 breakdown below support, bearish pressure increasing",4,26,425,73023,20,,nifty50,nifty50,True,475
sample-0002211,sample_trader_121,2026-08-03T13:28:51+00:00,#NIFTY50 trading in a range; waiting for confirmation,#nifty50 trading in a range; waiting for confirmation,7,72,405,13577,4,,nifty50,nifty50,True,488
sample-0002212,sample_trader_201,2026-08-04T07:22:17+00:00,Operator stock upper circuit fixed target 100% #sensex,operator stock upper circuit fixed target 100% #sensex,29,20,483,74312,6,,sensex,sensex,True,538
sample-0002213,sample_trader_286,2026-08-03T11:25:11+00:00,Watching option chain and market breadth before taking a trade #banknifty,watching option chain and market breadth before taking a trade #banknifty,29,27,85,19147,3,nseindia,banknifty,banknifty,True,144
sample-0002214,sample_trader_118,2026-08-04T01:43:37+00:00,"#intraday long setup confirmed, upside possible after consolidation","#intraday long setup confirmed, upside possible after consolidation",5,0,8,8311,16,,intraday,intraday,True,29
sample-0002215,sample_trader_24,2026-08-04T04:17:38+00:00,#intraday short setup; avoid aggressive buying in this volatility,#intraday short setup; avoid aggressive buying in this volatility,29,3,260,78282,17,,intraday,intraday,True,309
sample-0002216,sample_trader_6,2026-08-04T04:02:09+00:00,"No clear setup in #sensex yet, risk management is important","no clear setup in #sensex yet, risk management is important",17,10,418,38778,6,,sensex,sensex,True,451
sample-0002217,sample_trader_371,2026-08-04T06:13:12+00:00,"Bank Nifty में तेजी, buyers are strong today #banknifty","bank nifty में तेजी, buyers are strong today #banknifty",7,70,148,41904,20,,banknifty,banknifty,True,245
sample-0002218,sample_trader_142,2026-08-03T14:53:47+00:00,"Bank Nifty में तेजी, buyers are strong today #banknifty","bank nifty में तेजी, buyers are strong today #banknifty",13,70,328,18171,6,,banknifty,banknifty,True,417
sample-0002219,sample_trader_18,2026-08-04T04:54:40+00:00,Weak breadth and downside risk in #sensex today,weak breadth and downside risk in #sensex today,0,25,375,2265,14,,sensex,sensex,True,414
sample-0002220,sample_trader_190,2026-08-04T08:20:21+00:00,"Bank Nifty में गिरावट, sell on rise setup #banknifty","bank nifty में गिरावट, sell on rise setup #banknifty",26,35,483,43228,18,,banknifty,banknifty,True,562
sample-0002221,sample_trader_353,2026-08-04T07:45:19+00:00,"#NIFTY50 breakout above support, looking bullish with target 24500","#nifty50 breakout above support, looking bullish with target 24500",1,55,221,51159,13,,nifty50,nifty50,True,290
sample-0002222,sample_trader_202,2026-08-03T08:53:57+00:00,"#NIFTY50 breakout above support, looking bullish with target 24500","#nifty50 breakout above support, looking bullish with target 24500",29,47,153,11393,2,,nifty50,nifty50,True,231
sample-0002223,sample_trader_414,2026-08-04T08:24:33+00:00,Accumulating quality stocks on dips. Market looks strong #sensex,accumulating quality stocks on dips. market looks strong #sensex,14,69,165,13232,12,,sensex,sensex,True,260
sample-0002224,sample_trader_241,2026-08-03T09:56:38+00:00,Watching option chain and market breadth before taking a trade #banknifty,watching option chain and market breadth before taking a trade #banknifty,1,66,314,2021,11,,banknifty,banknifty,True,392
sample-0002225,sample_trader_281,2026-08-03T17:11:11+00:00,"#NIFTY50 breakout above support, looking bullish with target 24500","#nifty50 breakout above support, looking bullish with target 24500",6,37,283,18508,12,,nifty50,nifty50,True,338
sample-0002226,sample_trader_199,2026-08-04T02:40:00+00:00,#NIFTY50 trading in a range; waiting for confirmation,#nifty50 trading in a range; waiting for confirmation,19,58,401,2071,16,,nifty50,nifty50,True,494
sample-0002227,sample_trader_271,2026-08-03T15:15:52+00:00,#intraday short setup; avoid aggressive buying in this volatility,#intraday short setup; avoid aggressive buying in this volatility,21,62,400,9572,11,nseindia,intraday,intraday,True,494
sample-0002228,sample_trader_186,2026-08-04T01:53:28+00:00,Watching option chain and market breadth before taking a trade #banknifty,watching option chain and market breadth before taking a trade #banknifty,14,9,291,59618,12,nseindia,banknifty,banknifty,True,326
sample-0002229,sample_trader_12,2026-08-04T03:51:39+00:00,"No clear setup in #sensex yet, risk management is important","no clear setup in #sensex yet, risk management is important",30,11,67,56622,11,,sensex,sensex,True,119
sample-0002230,sample_trader_8,2026-08-03T18:37:35+00:00,SURE SHOT multibagger guaranteed double money #intraday,sure shot multibagger guaranteed double money #intraday,9,10,283,816,18,,intraday,intraday,True,320
sample-0002231,sample_trader_185,2026-08-03T15:40:58+00:00,"#NIFTY50 breakout above support, looking bullish with target 24500","#nifty50 breakout above support, looking bullish with target 24500",10,65,160,15487,14,,nifty50,nifty50,True,249
sample-0002232,sample_trader_250,2026-08-04T03:26:37+00:00,Weak breadth and downside risk in #sensex today,weak breadth and downside risk in #sensex today,9,49,308,24282,2,,sensex,sensex,True,368
sample-0002233,sample_trader_48,2026-08-03T22:15:37+00:00,Operator stock upper circuit fixed target 100% #sensex,operator stock upper circuit fixed target 100% #sensex,19,75,206,18107,13,,sensex,sensex,True,313
sample-0002234,sample_trader_245,2026-08-03T10:30:23+00:00,Accumulating quality stocks on dips. Market looks strong #sensex,accumulating quality stocks on dips. market looks strong #sensex,10,65,300,9808,14,nseindia,sensex,sensex,True,389
sample-0002235,sample_trader_68,2026-08-03T22:46:03+00:00,"#NIFTY50 breakdown below support, bearish pressure increasing","#nifty50 breakdown below support, bearish pressure increasing",3,70,177,38539,11,,nifty50,nifty50,True,261
sample-0002236,sample_trader_400,2026-08-03T16:37:29+00:00,Accumulating quality stocks on dips. Market looks strong #sensex,accumulating quality stocks on dips. market looks strong #sensex,16,16,1,75806,4,,sensex,sensex,True,37
sample-0002237,sample_trader_364,2026-08-04T08:27:53+00:00,#intraday short setup; avoid aggressive buying in this volatility,#intraday short setup; avoid aggressive buying in this volatility,18,2,480,6574,2,,intraday,intraday,True,502
sample-0002238,sample_trader_141,2026-08-03T17:32:20+00:00,Accumulating quality stocks on dips. Market looks strong #sensex,accumulating quality stocks on dips. market looks strong #sensex,30,6,235,22552,6,,sensex,sensex,True,277
sample-0002239,sample_trader_258,2026-08-04T01:59:59+00:00,"Bank Nifty में गिरावट, sell on rise setup #banknifty","bank nifty में गिरावट, sell on rise setup #banknifty",5,71,312,43054,8,nseindia,banknifty,banknifty,True,396
sample-0002240,sample_trader_334,2026-08-03T13:31:41+00:00,"Bank Nifty में तेजी, buyers are strong today #banknifty","bank nifty में तेजी, buyers are strong today #banknifty",30,66,93,21141,8,,banknifty,banknifty,True,197
sample-0002241,sample_trader_215,2026-08-04T03:30:22+00:00,"#intraday long setup confirmed, upside possible after consolidation","#intraday long setup confirmed, upside possible after consolidation",2,49,482,71123,11,nseindia,intraday,intraday,True,544
sample-0002242,sample_trader_288,2026-08-03T19:40:18+00:00,"#NIFTY50 breakout above support, looking bullish with target 24500","#nifty50 breakout above support, looking bullish with target 24500",20,7,46,15276,18,,nifty50,nifty50,True,91
sample-0002243,sample_trader_414,2026-08-03T15:34:46+00:00,"#NIFTY50 breakout above support, looking bullish with target 24500","#nifty50 breakout above support, looking bullish with target 24500",3,11,161,24420,13,,nifty50,nifty50,True,188
sample-0002244,sample_trader_419,2026-08-04T00:11:13+00:00,Accumulating quality stocks on dips. Market looks strong #sensex,accumulating quality stocks on dips. market looks strong #sensex,27,56,27,74697,4,,sensex,sensex,True,114
sample-0002245,sample_trader_415,2026-08-04T05:53:10+00:00,Accumulating quality stocks on dips. Market looks strong #sensex,accumulating quality stocks on dips. market looks strong #sensex,13,75,160,1977,0,,sensex,sensex,True,248
sample-0002246,sample_trader_294,2026-08-03T14:06:37+00:00,"#NIFTY50 breakdown below support, bearish pressure increasing","#nifty50 breakdown below support, bearish pressure increasing",25,39,287,42940,9,,nifty50,nifty50,True,360
sample-0002247,sample_trader_268,2026-08-03T11:48:19+00:00,Operator stock upper circuit fixed target 100% #sensex,operator stock upper circuit fixed target 100% #sensex,14,52,303,72838,18,,sensex,sensex,True,387
sample-0002248,sample_trader_305,2026-08-04T03:40:44+00:00,Weak breadth and downside risk in #sensex today,weak breadth and downside risk in #sensex today,8,35,489,61944,3,,sensex,sensex,True,535
sample-0002249,sample_trader_104,2026-08-03T15:12:15+00:00,"Bank Nifty में तेजी, buyers are strong today #banknifty","bank nifty में तेजी, buyers are strong today #banknifty",25,39,415,70621,2,,banknifty,banknifty,True,481
sample-0002250,sample_trader_171,2026-08-03T23:04:48+00:00,"#NIFTY50 breakout above support, looking bullish with target 24500","#nifty50 breakout above support, looking bullish with target 24500",1,19,180,73644,19,,nifty50,nifty50,True,219
sample-0002251,sample_trader_152,2026-08-03T15:25:03+00:00,"#intraday long setup confirmed, upside possible after consolidation","#intraday long setup confirmed, upside possible after consolidation",6,46,224,33608,16,,intraday,intraday,True,292
sample-0002252,sample_trader_216,2026-08-04T02:57:18+00:00,"#intraday long setup confirmed, upside possible after consolidation","#intraday long setup confirmed, upside possible after consolidation",16,7,207,35833,17,,intraday,intraday,True,247
sample-0002253,sample_trader_302,2026-08-04T01:24:44+00:00,#intraday short setup; avoid aggressive buying in this volatility,#intraday short setup; avoid aggressive buying in this volatility,17,28,367,32997,9,,intraday,intraday,True,421
sample-0002254,sample_trader_156,2026-08-03T12:32:43+00:00,#NIFTY50 trading in a range; waiting for confirmation,#nifty50 trading in a range; waiting for confirmation,30,22,162,29914,12,,nifty50,nifty50,True,226
sample-0002255,sample_trader_71,2026-08-03T17:41:19+00:00,SURE SHOT multibagger guaranteed double money #intraday,sure shot multibagger guaranteed double money #intraday,17,6,169,43827,1,,intraday,intraday,True,193
sample-0002256,sample_trader_202,2026-08-04T06:38:31+00:00,#NIFTY50 trading in a range; waiting for confirmation,#nifty50 trading in a range; waiting for confirmation,11,57,317,44032,11,,nifty50,nifty50,True,396
sample-0002257,sample_trader_290,2026-08-04T00:58:01+00:00,"Bank Nifty में गिरावट, sell on rise setup #banknifty","bank nifty में गिरावट, sell on rise setup #banknifty",5,1,304,4508,17,,banknifty,banknifty,True,327
sample-0002258,sample_trader_253,2026-08-04T06:55:09+00:00,"#NIFTY50 breakdown below support, bearish pressure increasing","#nifty50 breakdown below support, bearish pressure increasing",20,39,374,3661,19,,nifty50,nifty50,True,452
sample-0002259,sample_trader_52,2026-08-04T05:25:58+00:00,Accumulating quality stocks on dips. Market looks strong #sensex,accumulating quality stocks on dips. market looks strong #sensex,14,64,481,50892,3,,sensex,sensex,True,562
sample-0002260,sample_trader_413,2026-08-03T20:30:19+00:00,"Bank Nifty में तेजी, buyers are strong today #banknifty","bank nifty में तेजी, buyers are strong today #banknifty",9,56,349,51045,1,,banknifty,banknifty,True,415
sample-0002261,sample_trader_13,2026-08-03T09:23:21+00:00,"#intraday long setup confirmed, upside possible after consolidation","#intraday long setup confirmed, upside possible after consolidation",12,79,189,30695,10,,intraday,intraday,True,290
sample-0002262,sample_trader_1,2026-08-04T02:01:04+00:00,"Bank Nifty में गिरावट, sell on rise setup #banknifty","bank nifty में गिरावट, sell on rise setup #banknifty",28,10,341,17775,5,,banknifty,banknifty,True,384
sample-0002263,sample_trader_6,2026-08-04T06:17:59+00:00,"#NIFTY50 breakdown below support, bearish pressure increasing","#nifty50 breakdown below support, bearish pressure increasing",5,53,388,6705,2,,nifty50,nifty50,True,448
sample-0002264,sample_trader_178,2026-08-04T01:48:02+00:00,"Bank Nifty में गिरावट, sell on rise setup #banknifty","bank nifty में गिरावट, sell on rise setup #banknifty",30,75,132,57741,20,,banknifty,banknifty,True,257
sample-0002265,sample_trader_145,2026-08-03T16:31:03+00:00,"Bank Nifty में गिरावट, sell on rise setup #banknifty","bank nifty में गिरावट, sell on rise setup #banknifty",1,63,51,58107,6,,banknifty,banknifty,True,121
sample-0002266,sample_trader_363,2026-08-03T19:34:59+00:00,Watching option chain and market breadth before taking a trade #banknifty,watching option chain and market breadth before taking a trade #banknifty,23,75,345,48042,20,nseindia,banknifty,banknifty,True,463
sample-0002267,sample_trader_5,2026-08-04T06:42:50+00:00,Accumulating quality stocks on dips. Market looks strong #sensex,accumulating quality stocks on dips. market looks strong #sensex,12,36,490,28391,9,,sensex,sensex,True,547
sample-0002268,sample_trader_61,2026-08-03T11:23:13+00:00,"#NIFTY50 breakout above support, looking bullish with target 24500","#nifty50 breakout above support, looking bullish with target 24500",0,35,178,16572,1,,nifty50,nifty50,True,214
sample-0002269,sample_trader_314,2026-08-03T14:01:35+00:00,#intraday short setup; avoid aggressive buying in this volatility,#intraday short setup; avoid aggressive buying in this volatility,22,36,32,9488,17,,intraday,intraday,True,107
sample-0002270,sample_trader_335,2026-08-04T00:24:24+00:00,#intraday levels posted for educational discussion only,#intraday levels posted for educational discussion only,10,78,315,22890,17,,intraday,intraday,True,420
sample-0002271,sample_trader_175,2026-08-03T11:49:12+00:00,"#intraday long setup confirmed, upside possible after consolidation","#intraday long setup confirmed, upside possible after consolidation",4,5,185,50895,2,nseindia,intraday,intraday,True,196
sample-0002272,sample_trader_296,2026-08-03T11:44:09+00:00,Weak breadth and downside risk in #sensex today,weak breadth and downside risk in #sensex today,0,2,203,74917,13,,sensex,sensex,True,218
sample-0002273,sample_trader_280,2026-08-04T05:47:02+00:00,#intraday levels posted for educational discussion only,#intraday levels posted for educational discussion only,12,56,244,34491,1,,intraday,intraday,True,313
sample-0002274,sample_trader_137,2026-08-03T14:13:39+00:00,"#intraday long setup confirmed, upside possible after consolidation","#intraday long setup confirmed, upside possible after consolidation",22,16,366,28598,6,,intraday,intraday,True,410
sample-0002275,sample_trader_358,2026-08-03T11:18:41+00:00,Weak breadth and downside risk in #sensex today,weak breadth and downside risk in #sensex today,30,47,441,29544,0,nseindia,sensex,sensex,True,518
sample-0002276,sample_trader_389,2026-08-03T18:44:29+00:00,#intraday levels posted for educational discussion only,#intraday levels posted for educational discussion only,27,20,171,43053,0,,intraday,intraday,True,218
sample-0002277,sample_trader_38,2026-08-04T08:03:52+00:00,SURE SHOT multibagger guaranteed double money #intraday,sure shot multibagger guaranteed double money #intraday,15,27,194,41089,8,,intraday,intraday,True,244
sample-0002278,sample_trader_55,2026-08-03T22:03:31+00:00,"Bank Nifty में गिरावट, sell on rise setup #banknifty","bank nifty में गिरावट, sell on rise setup #banknifty",14,68,130,24137,18,nseindia,banknifty,banknifty,True,230
sample-0002279,sample_trader_405,2026-08-04T00:29:57+00:00,"#intraday long setup confirmed, upside possible after consolidation","#intraday long setup confirmed, upside possible after consolidation",7,39,169,12534,2,nseindia,intraday,intraday,True,217
sample-0002280,sample_trader_216,2026-08-03T09:03:01+00:00,Accumulating quality stocks on dips. Market looks strong #sensex,accumulating quality stocks on dips. market looks strong #sensex,26,5,182,32068,0,,sensex,sensex,True,213
sample-0002281,sample_trader_130,2026-08-03T13:52:57+00:00,"No clear setup in #sensex yet, risk management is important","no clear setup in #sensex yet, risk management is important",7,1,77,15339,2,,sensex,sensex,True,87
sample-0002282,sample_trader_316,2026-08-04T03:30:44+00:00,#NIFTY50 trading in a range; waiting for confirmation,#nifty50 trading in a range; waiting for confirmation,29,0,144,43895,14,,nifty50,nifty50,True,187
sample-0002283,sample_trader_290,2026-08-03T20:41:48+00:00,#NIFTY50 trading in a range; waiting for confirmation,#nifty50 trading in a range; waiting for confirmation,27,23,44,22462,18,,nifty50,nifty50,True,112
sample-0002284,sample_trader_203,2026-08-04T02:22:08+00:00,#intraday short setup; avoid aggressive buying in this volatility,#intraday short setup; avoid aggressive buying in this volatility,1,29,488,31542,13,,intraday,intraday,True,531
sample-0002285,sample_trader_235,2026-08-04T03:18:58+00:00,"#intraday long setup confirmed, upside possible after consolidation","#intraday long setup confirmed, upside possible after consolidation",11,45,266,24499,2,,intraday,intraday,True,324
sample-0002286,sample_trader_65,2026-08-03T10:46:23+00:00,Watching option chain and market breadth before taking a trade #banknifty,watching option chain and market breadth before taking a trade #banknifty,0,56,58,11955,11,,banknifty,banknifty,True,125
sample-0002287,sample_trader_97,2026-08-04T01:52:45+00:00,Accumulating quality stocks on dips. Market looks strong #sensex,accumulating quality stocks on dips. market looks strong #sensex,13,21,50,79741,5,nseindia,sensex,sensex,True,89
sample-0002288,sample_trader_294,2026-08-03T13:27:08+00:00,Watching option chain and market breadth before taking a trade #banknifty,watching option chain and market breadth before taking a trade #banknifty,29,62,370,610,11,,banknifty,banknifty,True,472
sample-0002289,sample_trader_258,2026-08-04T04:23:12+00:00,#intraday short setup; avoid aggressive buying in this volatility,#intraday short setup; avoid aggressive buying in this volatility,13,27,274,48733,10,,intraday,intraday,True,324
sample-0002290,sample_trader_384,2026-08-03T11:45:04+00:00,"Bank Nifty में तेजी, buyers are strong today #banknifty","bank nifty में तेजी, buyers are strong today #banknifty",14,60,85,12396,12,,banknifty,banknifty,True,171
sample-0002291,sample_trader_122,2026-08-03T20:05:59+00:00,Accumulating quality stocks on dips. Market looks strong #sensex,accumulating quality stocks on dips. market looks strong #sensex,15,68,391,79200,6,nseindia,sensex,sensex,True,480
sample-0002292,sample_trader_298,2026-08-03T13:57:08+00:00,"#NIFTY50 breakdown below support, bearish pressure increasing","#nifty50 breakdown below support, bearish pressure increasing",15,22,411,66774,8,,nifty50,nifty50,True,456
sample-0002293,sample_trader_50,2026-08-03T08:31:59+00:00,#intraday short setup; avoid aggressive buying in this volatility,#intraday short setup; avoid aggressive buying in this volatility,16,17,86,62541,5,nseindia,intraday,intraday,True,124
sample-0002294,sample_trader_151,2026-08-03T10:04:26+00:00,"#intraday long setup confirmed, upside possible after consolidation","#intraday long setup confirmed, upside possible after consolidation",17,16,320,30018,4,,intraday,intraday,True,357
sample-0002295,sample_trader_46,2026-08-03T23:17:35+00:00,"Bank Nifty में तेजी, buyers are strong today #banknifty","bank nifty में तेजी, buyers are strong today #banknifty",8,35,249,36587,20,,banknifty,banknifty,True,312
sample-0002296,sample_trader_216,2026-08-04T06:03:45+00:00,"#NIFTY50 breakout above support, looking bullish with target 24500","#nifty50 breakout above support, looking bullish with target 24500",30,46,295,79013,6,,nifty50,nifty50,True,377
sample-0002297,sample_trader_19,2026-08-04T03:49:18+00:00,"#NIFTY50 breakout above support, looking bullish with target 24500","#nifty50 breakout above support, looking bullish with target 24500",20,26,25,36356,4,,nifty50,nifty50,True,75
sample-0002298,sample_trader_255,2026-08-03T16:29:12+00:00,"#NIFTY50 breakout above support, looking bullish with target 24500","#nifty50 breakout above support, looking bullish with target 24500",11,16,356,13581,7,,nifty50,nifty50,True,390
sample-0002299,sample_trader_258,2026-08-04T03:42:37+00:00,"#NIFTY50 breakout above support, looking bullish with target 24500","#nifty50 breakout above support, looking bullish with target 24500",2,53,171,6214,13,,nifty50,nifty50,True,239
sample-0002300,sample_trader_177,2026-08-04T06:22:32+00:00,"#NIFTY50 breakout above support, looking bullish with target 24500","#nifty50 breakout above support, looking bullish with target 24500",22,76,118,57717,14,,nifty50,nifty50,True,230
sample-0002301,sample_trader_276,2026-08-03T10:13:02+00:00,"Bank Nifty में गिरावट, sell on rise setup #banknifty","bank nifty में गिरावट, sell on rise setup #banknifty",7,16,393,9361,0,,banknifty,banknifty,True,416
sample-0002302,sample_trader_350,2026-08-03T17:19:52+00:00,"No clear setup in #sensex yet, risk management is important","no clear setup in #sensex yet, risk management is important",28,9,240,39179,12,,sensex,sensex,True,289
sample-0002303,sample_trader_384,2026-08-03T11:16:31+00:00,Accumulating quality stocks on dips. Market looks strong #sensex,accumulating quality stocks on dips. market looks strong #sensex,30,67,111,15691,0,,sensex,sensex,True,208
sample-0002304,sample_trader_318,2026-08-04T06:01:54+00:00,"No clear setup in #sensex yet, risk management is important","no clear setup in #sensex yet, risk management is important",12,50,83,19820,18,,sensex,sensex,True,163
sample-0002305,sample_trader_250,2026-08-03T17:10:57+00:00,"#NIFTY50 breakout above support, looking bullish with target 24500","#nifty50 breakout above support, looking bullish with target 24500",0,64,28,48139,12,,nifty50,nifty50,True,104
sample-0002306,sample_trader_236,2026-08-03T18:08:56+00:00,#intraday short setup; avoid aggressive buying in this volatility,#intraday short setup; avoid aggressive buying in this volatility,30,5,196,30703,12,,intraday,intraday,True,243
sample-0002307,sample_trader_186,2026-08-03T19:17:06+00:00,"Bank Nifty में तेजी, buyers are strong today #banknifty","bank nifty में तेजी, buyers are strong today #banknifty",1,38,297,37659,8,,banknifty,banknifty,True,344
sample-0002308,sample_trader_201,2026-08-03T16:45:25+00:00,Accumulating quality stocks on dips. Market looks strong #sensex,accumulating quality stocks on dips. market looks strong #sensex,6,39,309,24765,7,,sensex,sensex,True,361
sample-0002309,sample_trader_332,2026-08-03T21:27:37+00:00,Weak breadth and downside risk in #sensex today,weak breadth and downside risk in #sensex today,19,48,85,59506,6,,sensex,sensex,True,158
sample-0002310,sample_trader_223,2026-08-04T03:33:46+00:00,Accumulating quality stocks on dips. Market looks strong #sensex,accumulating quality stocks on dips. market looks strong #sensex,28,15,45,38784,4,,sensex,sensex,True,92
sample-0002311,sample_trader_336,2026-08-03T19:57:34+00:00,Weak breadth and downside risk in #sensex today,weak breadth and downside risk in #sensex today,17,41,136,19881,3,,sensex,sensex,True,197
sample-0002312,sample_trader_377,2026-08-03T13:01:54+00:00,#NIFTY50 trading in a range; waiting for confirmation,#nifty50 trading in a range; waiting for confirmation,15,76,486,12906,19,,nifty50,nifty50,True,596
sample-0002313,sample_trader_365,2026-08-03T21:08:19+00:00,"Bank Nifty में तेजी, buyers are strong today #banknifty","bank nifty में तेजी, buyers are strong today #banknifty",2,76,292,49892,8,,banknifty,banknifty,True,378
sample-0002314,sample_trader_69,2026-08-03T23:44:59+00:00,#intraday levels posted for educational discussion only,#intraday levels posted for educational discussion only,23,36,484,60465,5,,intraday,intraday,True,548
sample-0002315,sample_trader_121,2026-08-03T13:06:39+00:00,"#intraday long setup confirmed, upside possible after consolidation","#intraday long setup confirmed, upside possible after consolidation",7,31,133,26566,1,,intraday,intraday,True,172
sample-0002316,sample_trader_362,2026-08-04T05:36:07+00:00,"#intraday long setup confirmed, upside possible after consolidation","#intraday long setup confirmed, upside possible after consolidation",26,46,434,69387,15,,intraday,intraday,True,521
sample-0002317,sample_trader_240,2026-08-03T19:00:11+00:00,#intraday short setup; avoid aggressive buying in this volatility,#intraday short setup; avoid aggressive buying in this volatility,24,49,469,73937,8,,intraday,intraday,True,550
sample-0002318,sample_trader_365,2026-08-03T11:06:04+00:00,Watching option chain and market breadth before taking a trade #banknifty,watching option chain and market breadth before taking a trade #banknifty,28,34,369,44025,6,,banknifty,banknifty,True,437
sample-0002319,sample_trader_289,2026-08-03T18:58:10+00:00,"#intraday long setup confirmed, upside possible after consolidation","#intraday long setup confirmed, upside possible after consolidation",15,34,201,50730,19,,intraday,intraday,True,269
sample-0002320,sample_trader_107,2026-08-03T16:46:41+00:00,"#NIFTY50 breakdown below support, bearish pressure increasing","#nifty50 breakdown below support, bearish pressure increasing",28,35,64,10414,5,,nifty50,nifty50,True,132
sample-0002321,sample_trader_358,2026-08-03T12:58:13+00:00,#intraday short setup; avoid aggressive buying in this volatility,#intraday short setup; avoid aggressive buying in this volatility,29,1,293,43571,19,,intraday,intraday,True,342
sample-0002322,sample_trader_95,2026-08-03T20:01:34+00:00,#intraday short setup; avoid aggressive buying in this volatility,#intraday short setup; avoid aggressive buying in this volatility,24,51,305,18740,10,,intraday,intraday,True,390
sample-0002323,sample_trader_155,2026-08-03T18:00:35+00:00,#intraday short setup; avoid aggressive buying in this volatility,#intraday short setup; avoid aggressive buying in this volatility,27,57,93,14840,7,nseindia,intraday,intraday,True,184
sample-0002324,sample_trader_189,2026-08-03T23:44:36+00:00,"Bank Nifty में गिरावट, sell on rise setup #banknifty","bank nifty में गिरावट, sell on rise setup #banknifty",24,75,60,34875,5,,banknifty,banknifty,True,164
sample-0002325,sample_trader_334,2026-08-03T22:49:36+00:00,Weak breadth and downside risk in #sensex today,weak breadth and downside risk in #sensex today,17,74,100,32531,5,,sensex,sensex,True,196
sample-0002326,sample_trader_159,2026-08-03T20:56:05+00:00,"#intraday long setup confirmed, upside possible after consolidation","#intraday long setup confirmed, upside possible after consolidation",6,7,231,74311,13,,intraday,intraday,True,257
sample-0002327,sample_trader_349,2026-08-04T04:40:16+00:00,Watching option chain and market breadth before taking a trade #banknifty,watching option chain and market breadth before taking a trade #banknifty,28,2,15,70063,20,,banknifty,banknifty,True,65
sample-0002328,sample_trader_183,2026-08-03T13:08:24+00:00,"#intraday long setup confirmed, upside possible after consolidation","#intraday long setup confirmed, upside possible after consolidation",29,21,72,15811,2,,intraday,intraday,True,124
sample-0002329,sample_trader_286,2026-08-04T05:06:12+00:00,#intraday levels posted for educational discussion only,#intraday levels posted for educational discussion only,8,40,80,27459,11,,intraday,intraday,True,139
sample-0002330,sample_trader_259,2026-08-03T16:42:13+00:00,"Bank Nifty में गिरावट, sell on rise setup #banknifty","bank nifty में गिरावट, sell on rise setup #banknifty",25,58,132,35053,20,,banknifty,banknifty,True,235
sample-0002331,sample_trader_255,2026-08-04T04:22:24+00:00,#intraday levels posted for educational discussion only,#intraday levels posted for educational discussion only,6,20,445,3368,16,,intraday,intraday,True,487
sample-0002332,sample_trader_228,2026-08-04T00:21:49+00:00,"Bank Nifty में गिरावट, sell on rise setup #banknifty","bank nifty में गिरावट, sell on rise setup #banknifty",14,57,67,75718,13,,banknifty,banknifty,True,151
sample-0002333,sample_trader_100,2026-08-04T01:36:40+00:00,"#NIFTY50 breakdown below support, bearish pressure increasing","#nifty50 breakdown below support, bearish pressure increasing",14,0,57,36574,1,,nifty50,nifty50,True,72
sample-0002334,sample_trader_417,2026-08-04T02:54:52+00:00,Accumulating quality stocks on dips. Market looks strong #sensex,accumulating quality stocks on dips. market looks strong #sensex,14,68,32,3272,11,,sensex,sensex,True,125
sample-0002335,sample_trader_13,2026-08-04T07:08:34+00:00,Watching option chain and market breadth before taking a trade #banknifty,watching option chain and market breadth before taking a trade #banknifty,29,19,247,23404,4,nseindia,banknifty,banknifty,True,299
sample-0002336,sample_trader_340,2026-08-03T15:36:19+00:00,"#intraday long setup confirmed, upside possible after consolidation","#intraday long setup confirmed, upside possible after consolidation",27,24,61,55810,0,,intraday,intraday,True,112
sample-0002337,sample_trader_391,2026-08-04T00:32:37+00:00,Accumulating quality stocks on dips. Market looks strong #sensex,accumulating quality stocks on dips. market looks strong #sensex,12,67,412,11432,15,,sensex,sensex,True,506
sample-0002338,sample_trader_102,2026-08-04T04:02:19+00:00,Accumulating quality stocks on dips. Market looks strong #sensex,accumulating quality stocks on dips. market looks strong #sensex,12,79,177,46064,4,,sensex,sensex,True,272
sample-0002339,sample_trader_308,2026-08-04T07:29:29+00:00,"Bank Nifty में गिरावट, sell on rise setup #banknifty","bank nifty में गिरावट, sell on rise setup #banknifty",20,23,294,63572,7,,banknifty,banknifty,True,344
sample-0002340,sample_trader_121,2026-08-04T00:42:15+00:00,#intraday short setup; avoid aggressive buying in this volatility,#intraday short setup; avoid aggressive buying in this volatility,4,21,77,58074,7,,intraday,intraday,True,109
sample-0002341,sample_trader_148,2026-08-04T08:24:54+00:00,"#NIFTY50 breakout above support, looking bullish with target 24500","#nifty50 breakout above support, looking bullish with target 24500",11,60,353,29155,11,,nifty50,nifty50,True,435
sample-0002342,sample_trader_45,2026-08-03T16:55:36+00:00,Accumulating quality stocks on dips. Market looks strong #sensex,accumulating quality stocks on dips. market looks strong #sensex,16,44,497,4605,15,,sensex,sensex,True,572
sample-0002343,sample_trader_262,2026-08-04T06:48:29+00:00,"#intraday long setup confirmed, upside possible after consolidation","#intraday long setup confirmed, upside possible after consolidation",5,49,310,65302,3,,intraday,intraday,True,367
sample-0002344,sample_trader_20,2026-08-03T18:35:25+00:00,Accumulating quality stocks on dips. Market looks strong #sensex,accumulating quality stocks on dips. market looks strong #sensex,3,1,251,16392,4,,sensex,sensex,True,259
sample-0002345,sample_trader_348,2026-08-03T12:08:26+00:00,Weak breadth and downside risk in #sensex today,weak breadth and downside risk in #sensex today,17,80,492,24021,2,,sensex,sensex,True,591
sample-0002346,sample_trader_274,2026-08-03T22:55:21+00:00,#intraday levels posted for educational discussion only,#intraday levels posted for educational discussion only,27,33,399,52811,15,,intraday,intraday,True,474
sample-0002347,sample_trader_75,2026-08-04T03:41:47+00:00,#NIFTY50 trading in a range; waiting for confirmation,#nifty50 trading in a range; waiting for confirmation,6,27,353,20073,4,,nifty50,nifty50,True,390
sample-0002348,sample_trader_55,2026-08-03T09:21:24+00:00,#NIFTY50 trading in a range; waiting for confirmation,#nifty50 trading in a range; waiting for confirmation,24,77,149,33310,4,,nifty50,nifty50,True,254
sample-0002349,sample_trader_95,2026-08-03T09:28:50+00:00,#NIFTY50 trading in a range; waiting for confirmation,#nifty50 trading in a range; waiting for confirmation,5,45,207,7542,12,,nifty50,nifty50,True,269
sample-0002350,sample_trader_191,2026-08-04T00:46:56+00:00,#intraday levels posted for educational discussion only,#intraday levels posted for educational discussion only,20,6,460,51117,7,,intraday,intraday,True,493
sample-0002351,sample_trader_35,2026-08-03T23:33:35+00:00,SURE SHOT multibagger guaranteed double money #intraday,sure shot multibagger guaranteed double money #intraday,27,14,272,7314,8,,intraday,intraday,True,321
sample-0002352,sample_trader_121,2026-08-04T04:39:38+00:00,#intraday levels posted for educational discussion only,#intraday levels posted for educational discussion only,0,62,342,41371,7,,intraday,intraday,True,411
sample-0002353,sample_trader_288,2026-08-03T08:41:04+00:00,#intraday short setup; avoid aggressive buying in this volatility,#intraday short setup; avoid aggressive buying in this volatility,10,19,6,9452,7,,intraday,intraday,True,42
sample-0002354,sample_trader_261,2026-08-04T06:22:46+00:00,"#intraday long setup confirmed, upside possible after consolidation","#intraday long setup confirmed, upside possible after consolidation",25,36,339,52386,7,,intraday,intraday,True,407
sample-0002355,sample_trader_33,2026-08-03T18:24:31+00:00,"No clear setup in #sensex yet, risk management is important","no clear setup in #sensex yet, risk management is important",10,35,404,62459,1,,sensex,sensex,True,450
sample-0002356,sample_trader_321,2026-08-04T02:07:17+00:00,"#NIFTY50 breakdown below support, bearish pressure increasing","#nifty50 breakdown below support, bearish pressure increasing",21,8,188,11384,13,,nifty50,nifty50,True,230
sample-0002357,sample_trader_290,2026-08-04T05:38:43+00:00,"Bank Nifty में गिरावट, sell on rise setup #banknifty","bank nifty में गिरावट, sell on rise setup #banknifty",24,43,168,56183,8,nseindia,banknifty,banknifty,True,243
sample-0002358,sample_trader_109,2026-08-03T10:53:50+00:00,"Bank Nifty में तेजी, buyers are strong today #banknifty","bank nifty में तेजी, buyers are strong today #banknifty",18,41,230,71762,15,,banknifty,banknifty,True,304
sample-0002359,sample_trader_412,2026-08-03T15:05:38+00:00,"#intraday long setup confirmed, upside possible after consolidation","#intraday long setup confirmed, upside possible after consolidation",0,17,9,33292,5,,intraday,intraday,True,31
sample-0002360,sample_trader_319,2026-08-04T05:52:39+00:00,Accumulating quality stocks on dips. Market looks strong #sensex,accumulating quality stocks on dips. market looks strong #sensex,27,63,49,17869,2,,sensex,sensex,True,141
sample-0002361,sample_trader_125,2026-08-03T11:39:23+00:00,"#NIFTY50 breakout above support, looking bullish with target 24500","#nifty50 breakout above support, looking bullish with target 24500",24,55,463,52941,14,,nifty50,nifty50,True,556
sample-0002362,sample_trader_19,2026-08-03T17:41:07+00:00,Operator stock upper circuit fixed target 100% #sensex,operator stock upper circuit fixed target 100% #sensex,18,66,242,28311,2,,sensex,sensex,True,328
sample-0002363,sample_trader_41,2026-08-04T00:02:40+00:00,#intraday levels posted for educational discussion only,#intraday levels posted for educational discussion only,25,77,394,24347,4,,intraday,intraday,True,500
sample-0002364,sample_trader_174,2026-08-03T15:42:17+00:00,"#NIFTY50 breakdown below support, bearish pressure increasing","#nifty50 breakdown below support, bearish pressure increasing",22,73,493,69572,17,,nifty50,nifty50,True,605
sample-0002365,sample_trader_122,2026-08-03T19:38:09+00:00,Operator stock upper circuit fixed target 100% #sensex,operator stock upper circuit fixed target 100% #sensex,26,26,481,74979,9,,sensex,sensex,True,542
sample-0002366,sample_trader_395,2026-08-03T09:31:50+00:00,"No clear setup in #sensex yet, risk management is important","no clear setup in #sensex yet, risk management is important",12,42,158,24740,0,,sensex,sensex,True,212
sample-0002367,sample_trader_120,2026-08-04T01:51:06+00:00,Watching option chain and market breadth before taking a trade #banknifty,watching option chain and market breadth before taking a trade #banknifty,3,18,23,20830,3,,banknifty,banknifty,True,47
sample-0002368,sample_trader_249,2026-08-03T19:45:23+00:00,Weak breadth and downside risk in #sensex today,weak breadth and downside risk in #sensex today,25,48,139,37115,18,,sensex,sensex,True,230
sample-0002369,sample_trader_365,2026-08-04T08:12:58+00:00,Weak breadth and downside risk in #sensex today,weak breadth and downside risk in #sensex today,1,0,71,55213,17,,sensex,sensex,True,89
sample-0002370,sample_trader_341,2026-08-03T12:37:58+00:00,#intraday short setup; avoid aggressive buying in this volatility,#intraday short setup; avoid aggressive buying in this volatility,24,55,254,52598,9,,intraday,intraday,True,342
sample-0002371,sample_trader_46,2026-08-03T21:11:52+00:00,Watching option chain and market breadth before taking a trade #banknifty,watching option chain and market breadth before taking a trade #banknifty,13,25,197,45605,13,,banknifty,banknifty,True,248
sample-0002372,sample_trader_17,2026-08-03T20:25:45+00:00,Accumulating quality stocks on dips. Market looks strong #sensex,accumulating quality stocks on dips. market looks strong #sensex,0,52,125,46318,10,,sensex,sensex,True,187
sample-0002373,sample_trader_302,2026-08-04T07:05:48+00:00,"No clear setup in #sensex yet, risk management is important","no clear setup in #sensex yet, risk management is important",23,49,499,35753,18,,sensex,sensex,True,589
sample-0002374,sample_trader_41,2026-08-03T16:23:48+00:00,"#intraday long setup confirmed, upside possible after consolidation","#intraday long setup confirmed, upside possible after consolidation",3,72,332,46986,4,,intraday,intraday,True,411
sample-0002375,sample_trader_106,2026-08-03T20:46:34+00:00,"#NIFTY50 breakdown below support, bearish pressure increasing","#nifty50 breakdown below support, bearish pressure increasing",1,47,303,61123,0,,nifty50,nifty50,True,351
sample-0002376,sample_trader_271,2026-08-04T02:35:11+00:00,Weak breadth and downside risk in #sensex today,weak breadth and downside risk in #sensex today,5,59,211,27099,13,,sensex,sensex,True,288
sample-0002377,sample_trader_149,2026-08-03T10:06:32+00:00,"Bank Nifty में तेजी, buyers are strong today #banknifty","bank nifty में तेजी, buyers are strong today #banknifty",29,67,317,73396,18,,banknifty,banknifty,True,431
sample-0002378,sample_trader_145,2026-08-03T19:46:18+00:00,#intraday levels posted for educational discussion only,#intraday levels posted for educational discussion only,13,55,126,39179,10,,intraday,intraday,True,204
sample-0002379,sample_trader_364,2026-08-03T21:16:30+00:00,Weak breadth and downside risk in #sensex today,weak breadth and downside risk in #sensex today,8,9,405,40073,19,,sensex,sensex,True,441
sample-0002380,sample_trader_125,2026-08-03T10:20:59+00:00,#NIFTY50 trading in a range; waiting for confirmation,#nifty50 trading in a range; waiting for confirmation,26,33,141,75851,14,,nifty50,nifty50,True,214
sample-0002381,sample_trader_136,2026-08-03T17:32:32+00:00,#NIFTY50 trading in a range; waiting for confirmation,#nifty50 trading in a range; waiting for confirmation,0,67,388,73628,5,,nifty50,nifty50,True,460
sample-0002382,sample_trader_216,2026-08-03T14:14:38+00:00,"#intraday long setup confirmed, upside possible after consolidation","#intraday long setup confirmed, upside possible after consolidation",4,77,370,62575,6,,intraday,intraday,True,457
sample-0002383,sample_trader_128,2026-08-04T04:50:05+00:00,"No clear setup in #sensex yet, risk management is important","no clear setup in #sensex yet, risk management is important",5,13,495,1095,18,,sensex,sensex,True,531
sample-0002384,sample_trader_246,2026-08-04T04:16:28+00:00,"#intraday long setup confirmed, upside possible after consolidation","#intraday long setup confirmed, upside possible after consolidation",24,5,245,42887,9,,intraday,intraday,True,283
sample-0002385,sample_trader_147,2026-08-04T01:27:01+00:00,Watching option chain and market breadth before taking a trade #banknifty,watching option chain and market breadth before taking a trade #banknifty,20,52,189,44179,15,,banknifty,banknifty,True,276
sample-0002386,sample_trader_126,2026-08-04T07:06:33+00:00,"#NIFTY50 breakout above support, looking bullish with target 24500","#nifty50 breakout above support, looking bullish with target 24500",0,5,154,36506,18,,nifty50,nifty50,True,177
sample-0002387,sample_trader_76,2026-08-04T06:08:00+00:00,#intraday short setup; avoid aggressive buying in this volatility,#intraday short setup; avoid aggressive buying in this volatility,23,78,114,74311,1,,intraday,intraday,True,216
sample-0002388,sample_trader_70,2026-08-04T04:35:03+00:00,"Bank Nifty में तेजी, buyers are strong today #banknifty","bank nifty में तेजी, buyers are strong today #banknifty",24,14,104,60535,10,,banknifty,banknifty,True,152
sample-0002389,sample_trader_170,2026-08-04T01:32:16+00:00,Weak breadth and downside risk in #sensex today,weak breadth and downside risk in #sensex today,18,43,321,61831,0,,sensex,sensex,True,382
sample-0002390,sample_trader_313,2026-08-03T11:34:49+00:00,#intraday short setup; avoid aggressive buying in this volatility,#intraday short setup; avoid aggressive buying in this volatility,6,8,133,47300,17,,intraday,intraday,True,164
sample-0002391,sample_trader_199,2026-08-03T18:01:44+00:00,"#NIFTY50 breakdown below support, bearish pressure increasing","#nifty50 breakdown below support, bearish pressure increasing",7,10,37,29255,17,,nifty50,nifty50,True,71
sample-0002392,sample_trader_94,2026-08-03T21:40:01+00:00,"#intraday long setup confirmed, upside possible after consolidation","#intraday long setup confirmed, upside possible after consolidation",6,52,80,17840,1,,intraday,intraday,True,139
sample-0002393,sample_trader_150,2026-08-03T15:48:33+00:00,"#NIFTY50 breakout above support, looking bullish with target 24500","#nifty50 breakout above support, looking bullish with target 24500",5,33,208,27301,20,,nifty50,nifty50,True,266
sample-0002394,sample_trader_366,2026-08-03T16:03:18+00:00,#intraday short setup; avoid aggressive buying in this volatility,#intraday short setup; avoid aggressive buying in this volatility,18,53,258,51986,17,,intraday,intraday,True,346
sample-0002395,sample_trader_292,2026-08-04T03:20:17+00:00,Accumulating quality stocks on dips. Market looks strong #sensex,accumulating quality stocks on dips. market looks strong #sensex,27,35,195,76408,1,,sensex,sensex,True,258
sample-0002396,sample_trader_340,2026-08-03T08:55:25+00:00,Operator stock upper circuit fixed target 100% #sensex,operator stock upper circuit fixed target 100% #sensex,15,56,455,37542,2,,sensex,sensex,True,528
sample-0002397,sample_trader_107,2026-08-03T21:28:04+00:00,"#NIFTY50 breakout above support, looking bullish with target 24500","#nifty50 breakout above support, looking bullish with target 24500",26,40,29,20387,7,,nifty50,nifty50,True,102
sample-0002398,sample_trader_83,2026-08-04T02:31:07+00:00,#intraday short setup; avoid aggressive buying in this volatility,#intraday short setup; avoid aggressive buying in this volatility,26,71,312,36793,13,,intraday,intraday,True,422
sample-0002399,sample_trader_374,2026-08-03T20:12:19+00:00,"#intraday long setup confirmed, upside possible after consolidation","#intraday long setup confirmed, upside possible after consolidation",27,20,101,26400,4,,intraday,intraday,True,152
sample-0002400,sample_trader_70,2026-08-04T08:07:39+00:00,"Bank Nifty में तेजी, buyers are strong today #banknifty","bank nifty में तेजी, buyers are strong today #banknifty",0,17,169,52645,18,,banknifty,banknifty,True,204
sample-0002401,sample_trader_118,2026-08-04T08:06:15+00:00,"Bank Nifty में तेजी, buyers are strong today #banknifty","bank nifty में तेजी, buyers are strong today #banknifty",0,28,101,33294,13,,banknifty,banknifty,True,142
sample-0002402,sample_trader_402,2026-08-03T16:53:31+00:00,"#NIFTY50 breakout above support, looking bullish with target 24500","#nifty50 breakout above support, looking bullish with target 24500",14,46,477,1453,14,,nifty50,nifty50,True,551
sample-0002403,sample_trader_313,2026-08-03T10:16:10+00:00,"Bank Nifty में तेजी, buyers are strong today #banknifty","bank nifty में तेजी, buyers are strong today #banknifty",11,40,127,7477,5,,banknifty,banknifty,True,183
sample-0002404,sample_trader_41,2026-08-04T06:25:34+00:00,#intraday short setup; avoid aggressive buying in this volatility,#intraday short setup; avoid aggressive buying in this volatility,30,22,466,30305,18,,intraday,intraday,True,536
sample-0002405,sample_trader_121,2026-08-04T02:15:16+00:00,"#NIFTY50 breakdown below support, bearish pressure increasing","#nifty50 breakdown below support, bearish pressure increasing",0,27,138,17326,1,,nifty50,nifty50,True,166
sample-0002406,sample_trader_410,2026-08-04T05:59:14+00:00,Weak breadth and downside risk in #sensex today,weak breadth and downside risk in #sensex today,18,2,46,59585,5,,sensex,sensex,True,71
sample-0002407,sample_trader_192,2026-08-04T06:34:09+00:00,"#NIFTY50 breakout above support, looking bullish with target 24500","#nifty50 breakout above support, looking bullish with target 24500",1,56,416,54259,8,,nifty50,nifty50,True,481
sample-0002408,sample_trader_244,2026-08-04T04:46:05+00:00,"No clear setup in #sensex yet, risk management is important","no clear setup in #sensex yet, risk management is important",20,63,164,34187,13,,sensex,sensex,True,260
sample-0002409,sample_trader_26,2026-08-03T22:51:56+00:00,"No clear setup in #sensex yet, risk management is important","no clear setup in #sensex yet, risk management is important",12,46,327,71041,7,,sensex,sensex,True,392
sample-0002410,sample_trader_323,2026-08-03T15:23:07+00:00,#NIFTY50 trading in a range; waiting for confirmation,#nifty50 trading in a range; waiting for confirmation,4,43,258,8450,5,,nifty50,nifty50,True,310
sample-0002411,sample_trader_401,2026-08-03T11:10:12+00:00,"No clear setup in #sensex yet, risk management is important","no clear setup in #sensex yet, risk management is important",22,43,197,51718,17,,sensex,sensex,True,279
sample-0002412,sample_trader_249,2026-08-03T23:27:33+00:00,"#NIFTY50 breakdown below support, bearish pressure increasing","#nifty50 breakdown below support, bearish pressure increasing",7,80,96,59211,18,,nifty50,nifty50,True,201
sample-0002413,sample_trader_67,2026-08-04T04:50:09+00:00,"#NIFTY50 breakout above support, looking bullish with target 24500","#nifty50 breakout above support, looking bullish with target 24500",2,11,24,15677,16,,nifty50,nifty50,True,53
sample-0002414,sample_trader_357,2026-08-03T23:53:06+00:00,#NIFTY50 trading in a range; waiting for confirmation,#nifty50 trading in a range; waiting for confirmation,11,70,212,6603,2,,nifty50,nifty50,True,295
sample-0002415,sample_trader_356,2026-08-03T21:51:33+00:00,"#intraday long setup confirmed, upside possible after consolidation","#intraday long setup confirmed, upside possible after consolidation",1,80,477,29611,19,,intraday,intraday,True,577
sample-0002416,sample_trader_92,2026-08-03T19:32:35+00:00,Accumulating quality stocks on dips. Market looks strong #sensex,accumulating quality stocks on dips. market looks strong #sensex,19,40,376,14388,15,,sensex,sensex,True,450
sample-0002417,sample_trader_199,2026-08-03T14:32:43+00:00,"#intraday long setup confirmed, upside possible after consolidation","#intraday long setup confirmed, upside possible after consolidation",23,32,127,28926,17,,intraday,intraday,True,199
sample-0002418,sample_trader_149,2026-08-03T19:20:01+00:00,Accumulating quality stocks on dips. Market looks strong #sensex,accumulating quality stocks on dips. market looks strong #sensex,4,18,57,49291,5,,sensex,sensex,True,84
sample-0002419,sample_trader_331,2026-08-03T10:56:43+00:00,"#NIFTY50 breakdown below support, bearish pressure increasing","#nifty50 breakdown below support, bearish pressure increasing",12,24,465,25648,0,,nifty50,nifty50,True,501
sample-0002420,sample_trader_151,2026-08-03T21:54:43+00:00,"#NIFTY50 breakout above support, looking bullish with target 24500","#nifty50 breakout above support, looking bullish with target 24500",9,56,449,2477,9,,nifty50,nifty50,True,523
sample-0002421,sample_trader_307,2026-08-03T13:57:01+00:00,Watching option chain and market breadth before taking a trade #banknifty,watching option chain and market breadth before taking a trade #banknifty,18,42,6,35565,14,nseindia,banknifty,banknifty,True,80
sample-0002422,sample_trader_315,2026-08-03T18:50:35+00:00,Accumulating quality stocks on dips. Market looks strong #sensex,accumulating quality stocks on dips. market looks strong #sensex,21,48,392,66567,11,nseindia,sensex,sensex,True,472
sample-0002423,sample_trader_255,2026-08-03T16:08:55+00:00,"#NIFTY50 breakdown below support, bearish pressure increasing","#nifty50 breakdown below support, bearish pressure increasing",8,79,359,23860,12,,nifty50,nifty50,True,458
sample-0002424,sample_trader_380,2026-08-03T10:42:14+00:00,"Bank Nifty में तेजी, buyers are strong today #banknifty","bank nifty में तेजी, buyers are strong today #banknifty",10,53,119,35178,5,,banknifty,banknifty,True,187
sample-0002425,sample_trader_407,2026-08-03T20:51:21+00:00,#intraday levels posted for educational discussion only,#intraday levels posted for educational discussion only,5,20,466,47064,18,,intraday,intraday,True,509
sample-0002426,sample_trader_179,2026-08-03T17:55:35+00:00,Weak breadth and downside risk in #sensex today,weak breadth and downside risk in #sensex today,17,10,72,79294,4,nseindia,sensex,sensex,True,103
sample-0002427,sample_trader_304,2026-08-04T02:58:21+00:00,#intraday short setup; avoid aggressive buying in this volatility,#intraday short setup; avoid aggressive buying in this volatility,9,14,36,42331,13,,intraday,intraday,True,72
sample-0002428,sample_trader_388,2026-08-03T20:58:07+00:00,"Bank Nifty में तेजी, buyers are strong today #banknifty","bank nifty में तेजी, buyers are strong today #banknifty",21,74,205,30536,13,,banknifty,banknifty,True,313
sample-0002429,sample_trader_319,2026-08-04T02:11:29+00:00,"Bank Nifty में तेजी, buyers are strong today #banknifty","bank nifty में तेजी, buyers are strong today #banknifty",23,37,340,23627,1,,banknifty,banknifty,True,401
sample-0002430,sample_trader_320,2026-08-03T23:01:45+00:00,"#NIFTY50 breakout above support, looking bullish with target 24500","#nifty50 breakout above support, looking bullish with target 24500",16,3,330,72300,10,,nifty50,nifty50,True,359
sample-0002431,sample_trader_336,2026-08-04T00:20:47+00:00,"Bank Nifty में तेजी, buyers are strong today #banknifty","bank nifty में तेजी, buyers are strong today #banknifty",17,5,22,35781,18,,banknifty,banknifty,True,62
sample-0002432,sample_trader_420,2026-08-04T06:07:41+00:00,Accumulating quality stocks on dips. Market looks strong #sensex,accumulating quality stocks on dips. market looks strong #sensex,20,10,90,19951,3,,sensex,sensex,True,123
sample-0002433,sample_trader_384,2026-08-03T18:55:07+00:00,"#intraday long setup confirmed, upside possible after consolidation","#intraday long setup confirmed, upside possible after consolidation",9,65,339,14815,11,,intraday,intraday,True,424
sample-0002434,sample_trader_256,2026-08-03T12:57:34+00:00,#intraday short setup; avoid aggressive buying in this volatility,#intraday short setup; avoid aggressive buying in this volatility,12,38,457,1155,3,,intraday,intraday,True,510
sample-0002435,sample_trader_285,2026-08-03T22:55:21+00:00,"#intraday long setup confirmed, upside possible after consolidation","#intraday long setup confirmed, upside possible after consolidation",17,7,199,40591,9,,intraday,intraday,True,232
sample-0002436,sample_trader_91,2026-08-03T18:19:50+00:00,"#NIFTY50 breakout above support, looking bullish with target 24500","#nifty50 breakout above support, looking bullish with target 24500",18,64,468,65301,14,,nifty50,nifty50,True,564
sample-0002437,sample_trader_267,2026-08-03T21:02:46+00:00,"No clear setup in #sensex yet, risk management is important","no clear setup in #sensex yet, risk management is important",10,49,326,52705,9,,sensex,sensex,True,394
sample-0002438,sample_trader_306,2026-08-04T04:08:35+00:00,"Bank Nifty में गिरावट, sell on rise setup #banknifty","bank nifty में गिरावट, sell on rise setup #banknifty",13,16,111,38872,5,,banknifty,banknifty,True,145
sample-0002439,sample_trader_92,2026-08-04T03:11:37+00:00,"Bank Nifty में तेजी, buyers are strong today #banknifty","bank nifty में तेजी, buyers are strong today #banknifty",2,24,93,2292,9,,banknifty,banknifty,True,128
sample-0002440,sample_trader_314,2026-08-04T02:31:43+00:00,Accumulating quality stocks on dips. Market looks strong #sensex,accumulating quality stocks on dips. market looks strong #sensex,8,68,111,14830,9,,sensex,sensex,True,196
sample-0002441,sample_trader_242,2026-08-04T05:11:18+00:00,#NIFTY50 trading in a range; waiting for confirmation,#nifty50 trading in a range; waiting for confirmation,27,78,228,20159,13,,nifty50,nifty50,True,346
sample-0002442,sample_trader_354,2026-08-03T11:31:06+00:00,"No clear setup in #sensex yet, risk management is important","no clear setup in #sensex yet, risk management is important",16,12,333,21137,16,,sensex,sensex,True,377
sample-0002443,sample_trader_113,2026-08-04T06:23:28+00:00,"#intraday long setup confirmed, upside possible after consolidation","#intraday long setup confirmed, upside possible after consolidation",28,55,216,53766,0,,intraday,intraday,True,299
sample-0002444,sample_trader_3,2026-08-04T06:11:43+00:00,Accumulating quality stocks on dips. Market looks strong #sensex,accumulating quality stocks on dips. market looks strong #sensex,11,25,382,21191,17,,sensex,sensex,True,435
sample-0002445,sample_trader_50,2026-08-04T01:36:07+00:00,"No clear setup in #sensex yet, risk management is important","no clear setup in #sensex yet, risk management is important",0,41,323,6133,10,,sensex,sensex,True,374
sample-0002446,sample_trader_121,2026-08-03T13:11:23+00:00,"Bank Nifty में गिरावट, sell on rise setup #banknifty","bank nifty में गिरावट, sell on rise setup #banknifty",17,0,478,46617,17,,banknifty,banknifty,True,512
sample-0002447,sample_trader_393,2026-08-03T11:54:43+00:00,Weak breadth and downside risk in #sensex today,weak breadth and downside risk in #sensex today,19,7,30,59176,12,,sensex,sensex,True,68
sample-0002448,sample_trader_388,2026-08-03T15:48:50+00:00,#intraday short setup; avoid aggressive buying in this volatility,#intraday short setup; avoid aggressive buying in this volatility,13,31,439,29821,5,,intraday,intraday,True,488
sample-0002449,sample_trader_110,2026-08-04T01:02:42+00:00,"Bank Nifty में तेजी, buyers are strong today #banknifty","bank nifty में तेजी, buyers are strong today #banknifty",26,61,208,10968,16,,banknifty,banknifty,True,311
sample-0002450,sample_trader_204,2026-08-04T02:01:16+00:00,"#intraday long setup confirmed, upside possible after consolidation","#intraday long setup confirmed, upside possible after consolidation",14,13,126,56942,17,,intraday,intraday,True,170
sample-0002451,sample_trader_98,2026-08-04T05:45:31+00:00,Accumulating quality stocks on dips. Market looks strong #sensex,accumulating quality stocks on dips. market looks strong #sensex,4,64,405,20608,6,,sensex,sensex,True,479
sample-0002452,sample_trader_345,2026-08-04T04:51:25+00:00,"No clear setup in #sensex yet, risk management is important","no clear setup in #sensex yet, risk management is important",17,65,374,29384,11,,sensex,sensex,True,467
sample-0002453,sample_trader_245,2026-08-03T13:13:48+00:00,Watching option chain and market breadth before taking a trade #banknifty,watching option chain and market breadth before taking a trade #banknifty,10,2,207,63263,15,,banknifty,banknifty,True,234
sample-0002454,sample_trader_387,2026-08-03T17:05:04+00:00,Operator stock upper circuit fixed target 100% #sensex,operator stock upper circuit fixed target 100% #sensex,20,47,422,76334,5,nseindia,sensex,sensex,True,494
sample-0002455,sample_trader_417,2026-08-03T08:38:55+00:00,"No clear setup in #sensex yet, risk management is important","no clear setup in #sensex yet, risk management is important",8,31,394,9888,19,,sensex,sensex,True,452
sample-0002456,sample_trader_60,2026-08-03T17:32:54+00:00,"No clear setup in #sensex yet, risk management is important","no clear setup in #sensex yet, risk management is important",14,64,355,14555,11,,sensex,sensex,True,444
sample-0002457,sample_trader_355,2026-08-03T12:46:08+00:00,Weak breadth and downside risk in #sensex today,weak breadth and downside risk in #sensex today,9,44,338,65255,5,,sensex,sensex,True,396
sample-0002458,sample_trader_193,2026-08-03T18:14:19+00:00,"Bank Nifty में तेजी, buyers are strong today #banknifty","bank nifty में तेजी, buyers are strong today #banknifty",11,51,273,50443,5,,banknifty,banknifty,True,340
sample-0002459,sample_trader_166,2026-08-04T03:25:45+00:00,Weak breadth and downside risk in #sensex today,weak breadth and downside risk in #sensex today,14,26,157,66533,18,,sensex,sensex,True,215
sample-0002460,sample_trader_115,2026-08-03T20:35:31+00:00,Accumulating quality stocks on dips. Market looks strong #sensex,accumulating quality stocks on dips. market looks strong #sensex,19,34,343,57086,20,,sensex,sensex,True,416
sample-0002461,sample_trader_297,2026-08-04T03:29:49+00:00,#NIFTY50 trading in a range; waiting for confirmation,#nifty50 trading in a range; waiting for confirmation,27,77,11,58383,8,,nifty50,nifty50,True,123
sample-0002462,sample_trader_303,2026-08-03T17:03:50+00:00,"Bank Nifty में तेजी, buyers are strong today #banknifty","bank nifty में तेजी, buyers are strong today #banknifty",9,8,391,57442,18,,banknifty,banknifty,True,426
sample-0002463,sample_trader_2,2026-08-03T11:59:21+00:00,#intraday levels posted for educational discussion only,#intraday levels posted for educational discussion only,17,76,234,40288,15,,intraday,intraday,True,342
sample-0002464,sample_trader_142,2026-08-03T17:41:54+00:00,Weak breadth and downside risk in #sensex today,weak breadth and downside risk in #sensex today,2,65,99,79776,16,,sensex,sensex,True,182
sample-0002465,sample_trader_125,2026-08-03T15:38:40+00:00,"#intraday long setup confirmed, upside possible after consolidation","#intraday long setup confirmed, upside possible after consolidation",9,58,265,45055,6,,intraday,intraday,True,338
sample-0002466,sample_trader_150,2026-08-03T18:36:06+00:00,Watching option chain and market breadth before taking a trade #banknifty,watching option chain and market breadth before taking a trade #banknifty,24,74,273,3714,8,,banknifty,banknifty,True,379
sample-0002467,sample_trader_264,2026-08-03T09:09:53+00:00,"#NIFTY50 breakout above support, looking bullish with target 24500","#nifty50 breakout above support, looking bullish with target 24500",25,50,448,1349,10,,nifty50,nifty50,True,533
sample-0002468,sample_trader_205,2026-08-04T02:29:41+00:00,"#intraday long setup confirmed, upside possible after consolidation","#intraday long setup confirmed, upside possible after consolidation",4,58,20,52047,12,,intraday,intraday,True,94
sample-0002469,sample_trader_279,2026-08-04T07:48:31+00:00,"No clear setup in #sensex yet, risk management is important","no clear setup in #sensex yet, risk management is important",5,34,273,33167,11,,sensex,sensex,True,323
sample-0002470,sample_trader_277,2026-08-03T12:12:48+00:00,Accumulating quality stocks on dips. Market looks strong #sensex,accumulating quality stocks on dips. market looks strong #sensex,18,71,97,5443,10,,sensex,sensex,True,196
sample-0002471,sample_trader_305,2026-08-03T09:56:06+00:00,"No clear setup in #sensex yet, risk management is important","no clear setup in #sensex yet, risk management is important",23,60,134,13941,17,,sensex,sensex,True,234
sample-0002472,sample_trader_229,2026-08-04T03:01:41+00:00,"#intraday long setup confirmed, upside possible after consolidation","#intraday long setup confirmed, upside possible after consolidation",25,47,468,1717,1,nseindia,intraday,intraday,True,541
sample-0002473,sample_trader_390,2026-08-03T18:15:13+00:00,Accumulating quality stocks on dips. Market looks strong #sensex,accumulating quality stocks on dips. market looks strong #sensex,21,51,52,77667,19,,sensex,sensex,True,143
sample-0002474,sample_trader_199,2026-08-03T19:27:11+00:00,"Bank Nifty में तेजी, buyers are strong today #banknifty","bank nifty में तेजी, buyers are strong today #banknifty",9,12,285,34267,18,,banknifty,banknifty,True,324
sample-0002475,sample_trader_230,2026-08-03T16:44:18+00:00,#NIFTY50 trading in a range; waiting for confirmation,#nifty50 trading in a range; waiting for confirmation,18,6,257,62945,0,,nifty50,nifty50,True,281
sample-0002476,sample_trader_213,2026-08-04T02:34:07+00:00,Watching option chain and market breadth before taking a trade #banknifty,watching option chain and market breadth before taking a trade #banknifty,28,4,15,14860,20,,banknifty,banknifty,True,67
sample-0002477,sample_trader_25,2026-08-04T03:59:35+00:00,#intraday short setup; avoid aggressive buying in this volatility,#intraday short setup; avoid aggressive buying in this volatility,7,34,470,38798,9,,intraday,intraday,True,520
sample-0002478,sample_trader_305,2026-08-03T10:34:07+00:00,"#NIFTY50 breakdown below support, bearish pressure increasing","#nifty50 breakdown below support, bearish pressure increasing",30,5,201,63482,8,,nifty50,nifty50,True,244
sample-0002479,sample_trader_85,2026-08-03T18:50:30+00:00,#intraday short setup; avoid aggressive buying in this volatility,#intraday short setup; avoid aggressive buying in this volatility,9,4,193,18631,4,,intraday,intraday,True,210
sample-0002480,sample_trader_71,2026-08-03T15:04:29+00:00,Weak breadth and downside risk in #sensex today,weak breadth and downside risk in #sensex today,10,54,393,23414,5,,sensex,sensex,True,462
sample-0002481,sample_trader_5,2026-08-03T10:17:39+00:00,"#intraday long setup confirmed, upside possible after consolidation","#intraday long setup confirmed, upside possible after consolidation",10,30,110,38702,14,,intraday,intraday,True,164
sample-0002482,sample_trader_246,2026-08-03T21:16:42+00:00,"#NIFTY50 breakdown below support, bearish pressure increasing","#nifty50 breakdown below support, bearish pressure increasing",28,49,155,70984,9,,nifty50,nifty50,True,241
sample-0002483,sample_trader_115,2026-08-03T10:43:13+00:00,"#NIFTY50 breakdown below support, bearish pressure increasing","#nifty50 breakdown below support, bearish pressure increasing",19,55,167,22426,3,,nifty50,nifty50,True,244
sample-0002484,sample_trader_4,2026-08-03T21:05:15+00:00,Accumulating quality stocks on dips. Market looks strong #sensex,accumulating quality stocks on dips. market looks strong #sensex,15,10,496,18030,9,,sensex,sensex,True,530
sample-0002485,sample_trader_86,2026-08-04T04:46:00+00:00,Weak breadth and downside risk in #sensex today,weak breadth and downside risk in #sensex today,22,76,28,485,7,,sensex,sensex,True,133
sample-0002486,sample_trader_368,2026-08-04T05:59:29+00:00,"#intraday long setup confirmed, upside possible after consolidation","#intraday long setup confirmed, upside possible after consolidation",24,60,121,18817,20,,intraday,intraday,True,225
sample-0002487,sample_trader_396,2026-08-03T16:58:16+00:00,#intraday levels posted for educational discussion only,#intraday levels posted for educational discussion only,8,68,328,71559,7,,intraday,intraday,True,411
sample-0002488,sample_trader_284,2026-08-03T20:46:16+00:00,#intraday levels posted for educational discussion only,#intraday levels posted for educational discussion only,10,21,92,76655,9,,intraday,intraday,True,132
sample-0002489,sample_trader_52,2026-08-03T21:05:04+00:00,Weak breadth and downside risk in #sensex today,weak breadth and downside risk in #sensex today,12,14,500,65894,10,,sensex,sensex,True,536
sample-0002490,sample_trader_35,2026-08-03T16:07:58+00:00,#intraday levels posted for educational discussion only,#intraday levels posted for educational discussion only,1,43,469,6895,16,,intraday,intraday,True,529
sample-0002491,sample_trader_307,2026-08-03T21:14:03+00:00,"#intraday long setup confirmed, upside possible after consolidation","#intraday long setup confirmed, upside possible after consolidation",2,33,229,59570,9,,intraday,intraday,True,273
sample-0002492,sample_trader_110,2026-08-03T09:12:54+00:00,Accumulating quality stocks on dips. Market looks strong #sensex,accumulating quality stocks on dips. market looks strong #sensex,11,18,152,57506,16,,sensex,sensex,True,197
sample-0002493,sample_trader_61,2026-08-03T15:40:24+00:00,Weak breadth and downside risk in #sensex today,weak breadth and downside risk in #sensex today,11,74,153,74902,14,,sensex,sensex,True,252
sample-0002494,sample_trader_171,2026-08-04T07:07:57+00:00,Weak breadth and downside risk in #sensex today,weak breadth and downside risk in #sensex today,7,62,261,70083,0,,sensex,sensex,True,330
sample-0002495,sample_trader_43,2026-08-03T17:07:42+00:00,"#intraday long setup confirmed, upside possible after consolidation","#intraday long setup confirmed, upside possible after consolidation",27,8,352,26400,7,,intraday,intraday,True,394
sample-0002496,sample_trader_20,2026-08-03T16:54:57+00:00,Watching option chain and market breadth before taking a trade #banknifty,watching option chain and market breadth before taking a trade #banknifty,16,60,259,70166,5,,banknifty,banknifty,True,340
sample-0002497,sample_trader_407,2026-08-03T19:37:41+00:00,#intraday levels posted for educational discussion only,#intraday levels posted for educational discussion only,5,61,278,62337,6,nseindia,intraday,intraday,True,350
sample-0002498,sample_trader_162,2026-08-04T01:46:09+00:00,#intraday levels posted for educational discussion only,#intraday levels posted for educational discussion only,21,8,160,23844,3,,intraday,intraday,True,192
sample-0002499,sample_trader_339,2026-08-03T20:34:17+00:00,#intraday short setup; avoid aggressive buying in this volatility,#intraday short setup; avoid aggressive buying in this volatility,6,41,373,29728,15,,intraday,intraday,True,435
